building_frac,largest_comp_frac,bbox_fill,touch_left,touch_right,touch_top,touch_bottom,aspect_bbox,image_id
0.7800830078125,0.9996682544550923,0.8447599407783418,1,1,0,1,1.0829103214890017,3223_left.jpg
0.0,0.0,0.0,0,0,0,0,0.0,3893_left.jpg
0.10091796875,0.47457422101799884,0.2503391472868217,1,1,0,0,2.4806201550387597,2513_right.jpg
0.0342529296875,0.7734853884533143,0.09160235567568979,1,0,0,0,2.374015748031496,5318_left.jpg
0.00322265625,0.9712121212121212,0.44,0,0,0,0,4.8,557_right.jpg
0.0037109375,0.8578947368421053,0.03544776119402985,1,1,0,1,9.552238805970148,1329_left.jpg
0.209599609375,0.9929995806737175,0.3945404411764706,1,1,0,1,1.8823529411764706,187_right.jpg
0.14297607421875,0.656506668032717,0.5650890143291359,0,1,0,1,1.0444444444444445,473_right.jpg
0.082705078125,0.5919825245011218,0.1415274064171123,1,1,0,0,1.7112299465240641,4068_right.jpg
0.2170458984375,0.9210928887989022,0.5405034046692607,1,1,0,0,2.490272373540856,858_left.jpg
0.00073974609375,1.0,0.6474358974358975,0,0,0,0,3.25,4677_right.jpg
0.116025390625,0.992298628061611,0.21295167765987955,0,1,0,1,1.8011363636363635,3375_left.jpg
0.10087158203125,1.0,0.5285802011104572,0,1,0,0,1.7894736842105263,391_left.jpg
0.2100341796875,0.9471579681506451,0.22629945286195285,1,1,0,0,1.0774410774410774,1152_left.jpg
0.30731689453125,0.9860657626095315,0.3474961351590106,1,1,0,1,1.1307420494699647,2250_right.jpg
0.84934326171875,0.9969703154148857,0.84934326171875,1,1,1,1,1.0,4543_right.jpg
0.825185546875,0.9998698209446265,0.8382837301587301,1,1,0,1,1.0158730158730158,719_left.jpg
0.2289013671875,0.9820815290428551,0.27745620265151516,1,1,0,0,1.2121212121212122,1770_right.jpg
0.2133251953125,0.9702213371786949,0.33057657384987893,1,1,0,1,1.549636803874092,1092_left.jpg
0.0283251953125,0.4833649370798138,0.2073451880975784,1,0,0,0,6.2,518_right.jpg
0.13673828125,0.8111162691044137,0.3241203703703704,1,1,0,1,2.3703703703703702,1457_right.jpg
0.5502685546875,0.9996051288877058,0.674158311598191,1,0,0,1,1.1947069943289226,4945_left.jpg
0.045283203125,0.4756847099417727,0.15581317204301076,1,1,0,0,3.4408602150537635,1393_left.jpg
0.13152099609375,0.7833342614764901,0.16926301104729347,1,0,0,0,1.2629482071713147,2263_right.jpg
0.19244384765625,0.6451887091658738,0.33019855898123324,1,1,0,0,1.7158176943699732,1984_right.jpg
0.0017333984375,1.0,0.6027164685908319,0,0,0,0,1.2258064516129032,2059_right.jpg
0.908779296875,0.997797096465683,0.908779296875,1,1,1,1,1.0,3927_left.jpg
0.081064453125,0.6609745813757378,0.24517100832890307,0,1,0,0,2.9027777777777777,2712_left.jpg
0.0661865234375,0.5947620804131317,0.2327438186813187,1,1,0,1,3.5164835164835164,477_left.jpg
0.524345703125,0.9998696291881624,0.7609552154195012,1,1,0,1,1.4512471655328798,1012_left.jpg
0.17891845703125,0.792017466057174,0.3103192750677507,1,1,0,0,1.7344173441734418,2511_left.jpg
0.04451904296875,0.6760625171373732,0.08959807389937106,1,1,0,1,2.0125786163522013,2613_right.jpg
0.2218212890625,0.9980408989852297,0.39877984550561796,1,1,0,1,1.797752808988764,3129_right.jpg
0.9566455078125,0.9984355939383731,0.9566455078125,1,1,1,1,1.0,4257_left.jpg
0.43767333984375,0.972399328391095,0.43767333984375,1,1,1,1,1.0,341_left.jpg
0.2268798828125,0.5449262886043258,0.4148660714285714,1,1,0,1,1.8285714285714285,1164_right.jpg
0.00343994140625,1.0,0.6381340579710145,0,0,0,0,0.9583333333333334,3403_right.jpg
0.25750732421875,0.993827921308367,0.6782085905349794,1,1,0,0,2.633744855967078,29_left.jpg
0.001728515625,1.0,0.6704545454545454,1,0,0,0,0.9696969696969697,162_left.jpg
0.01145263671875,0.5235557450437007,0.09048996913580247,1,1,0,0,7.901234567901234,1647_left.jpg
0.6758984375,0.9990355718661503,0.7808212996389892,1,1,0,1,1.1552346570397112,4324_right.jpg
0.12777099609375,0.996847234164517,0.2335528958149249,0,1,0,0,1.7881355932203389,3380_left.jpg
4.39453125e-05,1.0,0.9,1,0,0,1,0.8,4669_left.jpg
0.055,0.8973721590909091,0.23933367329593744,0,1,0,0,4.297297297297297,5258_right.jpg
0.25402587890625,0.6991513613778124,0.30388142523364486,1,1,0,0,1.1962616822429906,4419_left.jpg
0.03380615234375,0.619412147035459,0.21411782897788773,1,0,0,0,1.3004484304932735,3137_right.jpg
0.10346923828125,0.4629904910219202,0.1839453125,1,1,0,1,1.7777777777777777,2297_left.jpg
0.0573095703125,0.725952117236091,0.2147431206088993,0,1,0,0,1.8360655737704918,1026_right.jpg
0.7457421875,1.0,0.9039299242424242,1,1,0,1,1.2121212121212122,669_left.jpg
0.09911865234375,0.5566146949432252,0.12014382102272728,1,1,0,1,1.2121212121212122,1813_right.jpg
0.0,0.0,0.0,0,0,0,0,0.0,4104_left.jpg
0.0653076171875,0.8882242990654206,0.3603664286676546,1,0,0,0,4.392307692307693,5162_right.jpg
0.44631591796875,0.968317004994229,0.5600827205882353,1,1,0,1,1.2549019607843137,2481_left.jpg
0.26462646484375,1.0,0.7527152777777778,1,1,0,0,2.8444444444444446,1425_left.jpg
0.0837158203125,0.9881306503353747,0.12857142857142856,0,1,0,1,1.5119047619047619,1287_right.jpg
0.1384423828125,0.7356717102246676,0.18082270408163265,1,1,0,1,1.3061224489795917,3682_right.jpg
0.00037353515625,0.5751633986928104,0.06164383561643835,0,0,0,0,8.588235294117647,66_left.jpg
0.0085693359375,0.6356125356125356,0.03502854177477945,1,0,0,0,3.725609756097561,5288_right.jpg
0.06719482421875,0.663227119136722,0.2829255756578947,1,1,0,0,4.2105263157894735,406_left.jpg
0.1988330078125,0.9792244787701677,0.4528580960854093,1,1,0,1,2.2775800711743774,838_right.jpg
0.16781494140625,0.40979385192836465,0.4052889150943396,1,1,0,1,2.4150943396226414,1770_left.jpg
5.859375e-05,1.0,0.75,1,0,0,0,0.5,4108_right.jpg
0.052880859375,0.7072945521698984,0.23284313725490197,1,0,0,0,3.973856209150327,3430_right.jpg
0.07044921875,0.8191710562794566,0.309676865455404,0,1,0,1,2.401015228426396,146_right.jpg
0.37343017578125,0.9752610210712814,0.37343017578125,1,1,1,1,1.0,2135_right.jpg
0.3914404296875,0.992216248581087,0.3914404296875,1,1,1,1,1.0,3576_right.jpg
0.08420654296875,0.6395291525325447,0.19960069444444445,1,1,0,1,2.3703703703703702,2656_left.jpg
0.0,0.0,0.0,0,0,0,0,0.0,4051_left.jpg
0.99177978515625,0.9999409206046777,0.99177978515625,1,1,1,1,1.0,4242_right.jpg
0.65,0.5249286358173076,0.65,1,1,1,1,1.0,1987_left.jpg
0.05480712890625,0.9984854559223127,0.13186677631578947,1,1,0,1,2.406015037593985,1607_left.jpg
0.0,0.0,0.0,0,0,0,0,0.0,1036_right.jpg
0.0433984375,0.7570319531953196,0.09610726643598616,1,1,0,0,2.2145328719723185,791_right.jpg
0.46371337890625,0.9988311913950415,0.7456697550251257,1,1,0,0,1.6080402010050252,2379_left.jpg
0.0005908203125,1.0,0.8402777777777778,1,0,0,0,1.125,2669_right.jpg
0.47329833984375,0.9657593248840676,0.5286403795811518,1,1,0,1,1.1169284467713787,4535_left.jpg
0.1772314453125,0.9271289638262116,0.36472065916398716,1,1,0,1,2.057877813504823,1814_right.jpg
0.0555029296875,0.527623823348289,0.1480078125,1,1,0,1,2.6666666666666665,4021_left.jpg
0.3065625,0.9701595948012233,0.3065625,1,1,1,1,1.0,2470_right.jpg
0.11349609375,0.8072620891412837,0.1558744635193133,1,1,0,1,1.3733905579399142,653_left.jpg
0.00946044921875,0.4064516129032258,0.041830841474604634,0,0,0,1,2.5392670157068062,383_left.jpg
0.5585498046875,0.9972200610187865,0.6757502362948961,1,1,0,1,1.2098298676748582,2625_left.jpg
0.055302734375,0.3741391488610277,0.2809027777777778,1,1,0,0,5.079365079365079,2718_right.jpg
0.2071435546875,1.0,0.7058500549066586,1,0,0,0,2.6745283018867925,2644_right.jpg
0.0473486328125,0.9763844487985975,0.2228170955882353,1,1,0,0,4.705882352941177,4675_right.jpg
0.07334716796875,0.7923975634923277,0.13446450070940397,1,0,0,0,1.6058981233243967,4141_right.jpg
0.04116455078125,0.9425894075084514,0.2582873774509804,1,1,0,0,6.2745098039215685,1576_left.jpg
0.436953125,0.9997150455927052,0.46530782029950085,1,1,0,1,1.064891846921797,62_left.jpg
0.0259228515625,0.5019777735920136,0.2607435784097048,0,1,0,0,9.348484848484848,3197_right.jpg
0.35084716796875,0.9568775355410662,0.3651092479674797,1,1,0,1,1.0406504065040652,797_right.jpg
0.62112548828125,1.0,0.64848338091354,1,1,0,1,1.0440456769983686,331_right.jpg
0.85126220703125,0.9583626106683263,0.85126220703125,1,1,1,1,1.0,4740_left.jpg
0.02490966796875,0.8437714397726159,0.05755302346570397,1,1,0,0,2.3104693140794224,4393_right.jpg
0.023544921875,0.99419328079635,0.5750745378652355,0,0,0,0,3.9692307692307693,3905_left.jpg
0.24797607421875,0.915280936487777,0.28544008543165467,1,1,0,1,1.1510791366906474,3333_right.jpg
0.03470703125,0.9160804727068093,0.22665816326530613,1,1,0,0,6.530612244897959,2950_left.jpg
0.0021630859375,0.7313769751693002,0.003434108527131783,0,1,0,0,1.3953488372093024,3092_left.jpg
0.89384765625,1.0,0.89384765625,1,1,1,1,1.0,1372_left.jpg
0.31826416015625,0.7474321307753086,0.5079527743142145,1,1,0,1,1.5960099750623442,884_left.jpg
0.0891943359375,0.5422893742814913,0.19028125,1,1,0,0,2.1333333333333333,3706_left.jpg
0.50616943359375,0.8762823944782879,0.50616943359375,1,1,1,1,1.0,257_left.jpg
0.66534423828125,0.9973507017704798,0.7354409542314335,1,1,0,1,1.1053540587219344,3607_right.jpg
0.121494140625,0.4865565469013745,0.38944452270272806,1,0,0,0,2.4366812227074237,4163_left.jpg
0.5742236328125,0.9963265618489638,0.5975660569105691,1,1,0,1,1.0406504065040652,3481_right.jpg
0.47127685546875,0.9517704043308208,0.47127685546875,1,1,1,1,1.0,2001_left.jpg
0.6617431640625,0.9737022689540675,0.6819897342995169,1,1,0,1,1.0305958132045088,1699_right.jpg
0.960078125,1.0,0.960078125,1,1,1,1,1.0,773_right.jpg
0.04887451171875,0.5929866626704631,0.065166015625,1,1,0,0,1.3333333333333333,2020_right.jpg
0.11892333984375,0.890230132824208,0.21319590336134453,1,1,0,0,1.792717086834734,394_left.jpg
0.198984375,0.5879343345111896,0.27446120689655173,1,1,0,1,1.3793103448275863,3729_right.jpg
0.082978515625,0.5551076850653172,0.2577973300970874,1,1,0,0,3.1067961165048543,3837_left.jpg
0.4255126953125,0.9983820069998278,0.6515026913875598,1,0,1,1,0.653125,4777_left.jpg
0.0464404296875,0.5196088739354432,0.2897221883757768,1,0,0,0,4.879310344827586,826_right.jpg
0.098828125,0.8323616600790514,0.20535714285714285,1,1,0,0,2.0779220779220777,1098_left.jpg
0.04448974609375,0.9111013554299512,0.07674780997304582,1,1,0,1,1.725067385444744,390_left.jpg
0.078349609375,0.48323569737006106,0.32773692810457516,1,1,0,0,4.183006535947713,3625_left.jpg
0.4861181640625,0.99580642245146,0.4861181640625,1,1,1,1,1.0,2584_left.jpg
0.0,0.0,0.0,0,0,0,0,0.0,4096_right.jpg
0.0311865234375,0.2873806168780335,0.0970285297602771,1,0,0,0,2.9292452830188678,1656_right.jpg
0.99316162109375,1.0,0.99316162109375,1,1,1,1,1.0,397_left.jpg
0.00454345703125,1.0,0.6658318425760287,0,1,0,0,0.6615384615384615,283_left.jpg
0.03297119140625,0.5917808219178082,0.23859580933535918,1,0,0,0,6.835164835164835,5255_left.jpg
0.17899658203125,1.0,0.7793048469387756,1,1,0,0,4.35374149659864,589_right.jpg
0.00013916015625,0.7543859649122807,0.06209150326797386,0,1,0,1,2.8333333333333335,2403_left.jpg
0.2109716796875,0.9855926123081908,0.26015775529865126,1,1,0,1,1.233140655105973,790_left.jpg
8.30078125e-05,0.8529411764705882,0.002324309543341537,1,0,0,1,27.652173913043477,117_left.jpg
0.14661376953125,0.8857342680632109,0.29507173742138365,1,1,0,1,2.0125786163522013,3322_right.jpg
0.06017333984375,0.8145007505984501,0.21756439454124957,0,1,0,1,2.0168776371308015,4719_right.jpg
2.197265625e-05,1.0,1.0,1,0,0,1,1.0,2418_left.jpg
0.08286865234375,0.9999410776890669,0.6406515420331433,0,1,0,0,3.805084745762712,3835_left.jpg
0.14822265625,0.931413888522862,0.43168373151308304,1,0,0,0,2.441666666666667,3548_right.jpg
0.02196044921875,0.5031684269038355,0.05965447491461352,1,0,0,1,2.147169811320755,803_left.jpg
0.0,0.0,0.0,0,0,0,0,0.0,1678_left.jpg
0.037373046875,0.41540371047818136,0.14178275044457617,1,0,0,1,2.1517857142857144,1186_left.jpg
0.014501953125,0.5471380471380471,0.038692783209677103,1,0,0,0,2.6431535269709543,3861_left.jpg
0.37840087890625,0.9986063886756176,0.43091915035587186,1,1,0,1,1.1387900355871887,919_right.jpg
0.10367431640625,0.7959260567526198,0.39989264626945786,0,1,0,0,2.4782608695652173,867_right.jpg
0.2012109375,0.49136090079596195,0.37326086956521737,1,1,0,1,1.855072463768116,764_right.jpg
0.02468994140625,0.8202313853455948,0.07054268973214285,1,1,0,1,2.857142857142857,3847_left.jpg
0.019306640625,0.4515680323722812,0.2703589743589744,0,1,0,0,3.611111111111111,1202_left.jpg
0.843193359375,1.0,0.843193359375,1,1,1,1,1.0,1929_right.jpg
0.12242919921875,0.7453287335234411,0.24256187753641065,0,1,0,1,1.2729528535980148,2817_right.jpg
0.10795166015625,0.5234412103941922,0.18672719594594595,1,1,0,1,1.7297297297297298,1667_right.jpg
8.7890625e-05,1.0,0.6545454545454545,0,0,0,0,2.2,1265_right.jpg
0.32777587890625,0.806691643638693,0.46003632127192984,1,1,0,1,1.4035087719298245,1024_left.jpg
0.035068359375,0.9759120022277917,0.38838416612589227,0,1,0,0,1.9420289855072463,4647_left.jpg
0.0813525390625,0.4141708180781466,0.1839774734982332,1,1,0,1,2.2614840989399294,2267_left.jpg
0.0482861328125,0.7556881383355243,0.2834823988074762,1,0,0,0,3.7720588235294117,5030_left.jpg
0.0019287109375,0.589873417721519,0.04255548373195432,1,0,0,0,16.058823529411764,430_right.jpg
0.32156494140625,0.9592143524177568,0.4741971486175115,1,1,0,1,1.4746543778801844,1873_right.jpg
0.0003955078125,1.0,0.5625,0,0,0,0,3.5555555555555554,2879_left.jpg
0.0689453125,0.8298158640226629,0.11468812060121918,1,0,0,1,1.5161290322580645,1156_left.jpg
0.86358154296875,0.9989879086177602,0.86358154296875,1,1,1,1,1.0,4036_right.jpg
0.0133056640625,0.8568807339449541,0.09001866442032935,1,0,0,1,1.2857142857142858,2678_left.jpg
0.02634033203125,0.7792195754935582,0.08502774099993696,1,0,0,1,0.7622549019607843,3940_right.jpg
0.99381591796875,1.0,0.99381591796875,1,1,1,1,1.0,2920_right.jpg
0.43397705078125,0.9989705046777342,0.661298363095238,1,1,0,1,1.5238095238095237,1951_right.jpg
0.3339404296875,0.9646006053428082,0.38858522727272726,0,1,1,1,0.859375,4209_left.jpg
0.873974609375,0.9979579864796916,0.873974609375,1,1,1,1,1.0,1090_right.jpg
0.30390380859375,0.9994376561508367,0.5201970813901008,1,0,0,0,1.565217391304348,702_left.jpg
0.90447509765625,1.0,0.9474043576104746,1,1,0,1,1.0474631751227497,2286_left.jpg
0.0033056640625,0.4881831610044313,0.013278415220162793,0,1,0,0,3.7454545454545456,4232_left.jpg
0.8389501953125,1.0,0.8389501953125,1,1,1,1,1.0,2508_right.jpg
0.69119140625,0.9997774732261437,0.7239975450081833,1,0,1,1,0.9546875,4308_left.jpg
0.15087158203125,0.4445685065618072,0.3165829918032787,1,1,0,1,2.098360655737705,960_left.jpg
0.02361328125,0.6824855252274608,0.19129746835443037,1,1,0,0,8.10126582278481,415_left.jpg
0.259560546875,0.6115824523119756,0.39458135391923993,1,1,0,1,1.520190023752969,2502_left.jpg
0.00135498046875,0.8108108108108109,0.004577319587628866,1,0,0,1,1.94,569_right.jpg
7.32421875e-06,1.0,0.5,0,0,0,0,1.5,1350_right.jpg
0.17081787109375,0.9371703803221518,0.400452152014652,1,1,0,0,2.3443223443223444,1475_left.jpg
0.30542724609375,0.96870578643198,0.3465841090425532,1,0,1,1,0.88125,5202_right.jpg
0.07177734375,0.42333333333333334,0.37996277915632753,0,1,0,0,5.032258064516129,3693_left.jpg
0.016533203125,0.6955109273479031,0.15482395976223137,1,0,0,0,3.75,967_left.jpg
0.0017822265625,0.563013698630137,0.10094026548672566,0,0,0,0,28.25,3698_right.jpg
0.02732666015625,0.4275886714911105,0.2820816532258065,1,1,0,0,10.32258064516129,1813_left.jpg
0.16047119140625,0.9872506808258151,0.24394670427553444,1,1,0,1,1.520190023752969,1499_right.jpg
0.990498046875,0.9999038717501257,0.990498046875,1,1,1,1,1.0,3292_right.jpg
0.0346533203125,0.7472171340002818,0.1667528195488722,1,1,0,0,4.81203007518797,2957_right.jpg
0.05385498046875,0.9443311120177705,0.3102357110711071,0,1,0,0,1.7425742574257426,5201_left.jpg
0.40096923828125,1.0,0.5111958416334661,1,1,0,1,1.2749003984063745,1162_right.jpg
0.03243896484375,0.7273274629336945,0.2875974025974026,0,0,0,0,3.8181818181818183,3499_right.jpg
0.0,0.0,0.0,0,0,0,0,0.0,2804_right.jpg
0.43440673828125,1.0,0.6110336538461538,1,1,0,0,1.4065934065934067,2701_left.jpg
0.70526123046875,0.9944058848983124,0.7510269342762064,1,1,0,1,1.064891846921797,1393_right.jpg
0.08558349609375,0.7881899871630296,0.1355778155940594,1,1,0,1,1.5841584158415842,4153_left.jpg
0.05646240234375,0.47623989276603107,0.36288462443708713,0,1,0,0,6.247524752475248,4299_right.jpg
0.96828369140625,0.9983787559031692,0.96828369140625,1,1,1,1,1.0,717_left.jpg
0.00859619140625,0.522010792388526,0.05190153301886793,1,1,0,0,6.037735849056604,1605_left.jpg
0.0,0.0,0.0,0,0,0,0,0.0,3144_left.jpg
0.168974609375,0.9958966653181529,0.4681547619047619,1,1,0,1,2.7705627705627704,3984_right.jpg
0.59225341796875,0.9995877767563802,0.8222173264642082,1,1,0,1,1.3882863340563991,2771_left.jpg
0.00349365234375,1.0,0.6136363636363636,1,0,0,0,1.2045454545454546,4634_left.jpg
0.04540771484375,0.33856658960159147,0.08700879491017964,1,1,0,0,1.9161676646706587,4660_left.jpg
0.01092529296875,0.9868156424581006,0.40098566308243727,0,1,0,0,2.903225806451613,4001_left.jpg
0.0001318359375,1.0,0.421875,1,0,0,1,0.5,2190_left.jpg
0.15105712890625,0.4977130573917541,0.17141234485815604,1,1,0,1,1.1347517730496455,596_left.jpg
0.00403564453125,0.8638838475499092,0.19238826815642457,0,0,0,0,3.7291666666666665,5083_left.jpg
0.01234130859375,1.0,0.6056793673616103,0,0,0,0,5.487179487179487,82_right.jpg
0.18628173828125,0.9915335316706203,0.39322304679447534,1,0,0,0,1.309090909090909,1958_left.jpg
0.00189453125,0.9394329896907216,0.08521853722820119,0,0,0,1,0.36942675159235666,227_left.jpg
0.33455810546875,0.9998686466960995,0.6797371031746032,1,1,0,1,2.0317460317460316,1778_right.jpg
0.30832763671875,1.0,0.6887598167539267,1,0,0,0,1.790625,3740_left.jpg
0.76190185546875,0.9909701193623328,0.7852128623188406,1,1,0,1,1.0305958132045088,289_left.jpg
0.9963818359375,1.0,0.9963818359375,1,1,1,1,1.0,2558_right.jpg
0.04210693359375,0.5487910941033223,0.13819711538461538,1,1,0,0,3.282051282051282,4863_right.jpg
0.03877197265625,0.9975442352496694,0.17417387775693965,1,0,0,1,0.9674267100977199,2863_right.jpg
0.00121826171875,1.0,0.7392592592592593,0,1,0,0,0.9259259259259259,1211_left.jpg
0.25875732421875,0.8948267240321927,0.3021983348540146,1,1,0,1,1.167883211678832,370_right.jpg
0.04615234375,0.6608654253068134,0.1772028496437945,1,0,0,0,3.7797619047619047,482_left.jpg
0.4079541015625,0.9649606817556164,0.5473598008385744,1,1,0,0,1.3417190775681342,4627_right.jpg
0.13090087890625,0.6341645373668799,0.2849542942176871,1,1,0,1,2.17687074829932,3280_left.jpg
0.58342529296875,0.9998912001874705,0.7335799361493124,1,1,0,1,1.2573673870333988,4509_right.jpg
0.25510498046875,0.9901044109062025,0.25510498046875,1,1,1,1,1.0,2717_left.jpg
0.09192626953125,0.8416859214405227,0.5384615384615384,0,1,0,0,3.4195804195804196,3913_right.jpg
0.17862548828125,0.9996309710927356,0.6048693783068783,1,1,0,0,3.386243386243386,1453_left.jpg
0.5798681640625,0.9948634606802126,0.6103875411184211,1,1,0,1,1.0526315789473684,319_left.jpg
0.8445947265625,1.0,0.8445947265625,1,1,1,1,1.0,3811_right.jpg
0.12248779296875,0.6125650276055888,0.2404668328220859,1,1,0,0,1.9631901840490797,4291_left.jpg
0.66223388671875,0.9997824892811455,0.66223388671875,1,1,1,1,1.0,3321_right.jpg
0.03486328125,0.3754201680672269,0.28796128251663644,1,0,0,0,6.551724137931035,4315_left.jpg
0.5559716796875,0.9988011909048593,0.6446048460144927,1,1,0,1,1.1594202898550725,1686_right.jpg
0.43298095703125,0.9995545506318051,0.6709632263922518,1,0,1,1,0.6453125,5171_left.jpg
0.69831787109375,0.9992483332226227,0.69831787109375,1,1,1,1,1.0,3757_left.jpg
0.11277587890625,0.5532223497066655,0.25325109649122807,1,1,0,1,2.245614035087719,946_left.jpg
0.26427978515625,0.6521353545991186,0.29111714716006887,1,1,0,1,1.1015490533562822,5074_right.jpg
0.0596142578125,0.5168318453599804,0.21177062374245473,1,0,0,0,2.7980295566502464,459_right.jpg
0.192470703125,0.9707874575067228,0.2116516323024055,1,1,0,1,1.0996563573883162,3999_right.jpg
0.0162841796875,0.7170914542728636,0.09203681472589036,1,0,0,0,5.117647058823529,2409_left.jpg
0.0160498046875,0.9750532400365075,0.15799086757990868,0,0,0,0,7.808219178082192,1042_right.jpg
0.03845703125,0.6432199085830371,0.285963256117929,0,0,0,0,6.23404255319149,2765_left.jpg
0.05451904296875,0.6866687564372397,0.1479266030736619,0,1,0,1,2.620833333333333,4019_left.jpg
0.09051025390625,0.9918808836619643,0.22109375,1,1,0,1,2.4427480916030535,2395_left.jpg
0.588251953125,0.9696656540000332,0.588251953125,1,1,1,1,1.0,3415_right.jpg
0.02695068359375,0.42857142857142855,0.05730377906976744,1,1,0,0,2.12624584717608,2900_left.jpg
0.62173583984375,0.998177984237993,0.62173583984375,1,1,1,1,1.0,3763_right.jpg
0.00744873046875,0.983284169124877,0.23009049773755655,0,0,0,0,1.8352941176470587,2230_left.jpg
0.0711376953125,0.687315532980987,0.329969990374271,1,0,0,0,4.2,2693_left.jpg
0.04701171875,0.37655795596177816,0.3503384033185358,0,1,0,0,6.637362637362638,4018_left.jpg
0.19749755859375,0.9760430187279807,0.3491669544198895,1,1,0,0,1.7679558011049723,892_left.jpg
0.06390380859375,0.6372110792741166,0.2678790731946946,0,1,0,0,2.517766497461929,1515_left.jpg
0.0893994140625,0.4157245070730242,0.10595486111111112,1,1,1,0,1.1851851851851851,619_left.jpg
0.0028173828125,1.0,0.7818428184281843,1,0,0,0,1.1388888888888888,4050_left.jpg
0.99663330078125,1.0,0.99663330078125,1,1,1,1,1.0,4709_left.jpg
0.61272216796875,0.99909949755151,0.816962890625,1,1,0,1,1.3333333333333333,3399_right.jpg
0.0,0.0,0.0,0,0,0,0,0.0,2997_right.jpg
0.23809814453125,0.9954575749807741,0.5148067989864865,1,1,0,0,2.1621621621621623,3837_right.jpg
0.03625244140625,0.34264933665566705,0.2988207357321098,0,1,0,0,7.390243902439025,2101_left.jpg
0.33498046875,0.933385808407673,0.44335873126660075,0,1,0,1,1.1401151631477926,1891_right.jpg
0.43343994140625,0.9441017928657125,0.43343994140625,1,1,1,1,1.0,4391_left.jpg
0.087841796875,0.9945247359644247,0.48688074263521836,1,0,0,1,2.068783068783069,4505_left.jpg
0.01673095703125,0.5542098351087115,0.3058009817045962,0,1,0,0,2.7666666666666666,444_left.jpg
0.21251708984375,0.9960595999862143,0.4197868441358025,1,1,0,0,1.9753086419753085,568_right.jpg
0.17741943359375,0.8185521046910047,0.30939628746594006,1,1,0,1,1.7438692098092643,4471_left.jpg
0.07097900390625,0.5705637533106318,0.22923171539407702,0,0,0,1,2.3162393162393164,5025_right.jpg
0.22658935546875,0.8346747691545183,0.34121691176470587,1,1,0,1,1.5058823529411764,191_left.jpg
0.00052001953125,0.9953051643192489,0.2784313725490196,0,1,0,0,0.37777777777777777,852_left.jpg
0.975078125,1.0,0.975078125,1,1,1,1,1.0,2916_left.jpg
0.1433203125,0.9988757154538022,0.15979965156794426,1,1,0,1,1.1149825783972125,1363_left.jpg
0.580087890625,0.9999957913166445,0.5921152312599681,1,1,0,1,1.0207336523125996,2200_right.jpg
0.553525390625,0.9985047899648912,0.553525390625,1,1,1,1,1.0,4971_left.jpg
0.06350341796875,0.4084810272576987,0.41052714646464644,1,1,0,0,6.4646464646464645,4121_left.jpg
0.9985302734375,1.0,0.9985302734375,1,1,1,1,1.0,3019_right.jpg
0.47673583984375,0.9983868572394262,0.47673583984375,1,1,1,1,1.0,2175_left.jpg
0.61984130859375,0.9992555743303123,0.61984130859375,1,1,1,1,1.0,1549_left.jpg
0.098798828125,0.5322229910052387,0.13836159737417944,1,1,0,0,1.400437636761488,2148_right.jpg
0.26250732421875,0.9926062330850144,0.31940054657794675,1,1,0,1,1.2167300380228137,2487_right.jpg
0.00651123046875,0.3277090363704537,0.019656544811320755,1,1,0,1,3.018867924528302,2702_right.jpg
0.15288818359375,0.5422608306852115,0.34212740384615387,1,1,0,0,2.237762237762238,2024_left.jpg
0.15076171875,0.8194876279310792,0.40203125,1,1,0,0,2.6666666666666665,4153_right.jpg
0.05115966796875,0.7035075161059413,0.21400122549019607,1,1,0,0,4.183006535947713,4515_left.jpg
0.15083740234375,0.5963290872893838,0.2513956705729167,1,1,0,1,1.6666666666666667,184_right.jpg
0.0482861328125,0.5179997977550814,0.11885817307692308,1,1,0,0,2.4615384615384617,3727_left.jpg
0.00124267578125,1.0,0.7302725968436155,0,0,0,0,2.411764705882353,4666_right.jpg
0.0,0.0,0.0,0,0,0,0,0.0,2054_left.jpg
0.01979736328125,0.43889505487729685,0.36986863711001644,0,1,0,0,2.896551724137931,1190_left.jpg
0.07645263671875,0.8142423758582149,0.18819110576923076,1,1,0,1,2.4615384615384617,3028_right.jpg
0.10169921875,0.9879009026310736,0.31536073889015065,0,0,0,0,2.0313725490196077,3940_left.jpg
0.00479248046875,0.8227203260315843,0.2529639175257732,0,0,0,0,4.85,2808_right.jpg
0.076923828125,0.5078710168846008,0.27658005617977527,1,1,0,0,3.595505617977528,2320_right.jpg
0.2564111328125,1.0,0.6162955138925564,1,0,0,0,1.7174603174603174,4777_right.jpg
0.05194091796875,0.7730669800235017,0.40500666285931847,0,1,0,0,5.049019607843137,3911_left.jpg
0.01150390625,0.9159592529711376,0.3642547928262214,1,0,0,0,2.9696969696969697,2124_right.jpg
0.015712890625,0.9477936606587943,0.0769019368868815,0,1,0,0,3.5751633986928106,210_right.jpg
0.1394580078125,0.5424179825636357,0.2135242224880383,1,1,0,1,1.5311004784688995,2612_right.jpg
0.547001953125,0.9999776837519861,0.677139748549323,1,1,0,1,1.2379110251450678,2186_left.jpg
0.064560546875,0.2609287551051278,0.09412015945330296,1,1,0,1,1.457858769931663,2383_right.jpg
0.0997998046875,0.8107294877440188,0.18785845588235295,1,1,0,1,1.8823529411764706,1108_right.jpg
0.01643310546875,0.32684593671074136,0.03406100720589426,0,1,0,0,1.4592391304347827,3916_right.jpg
0.1453759765625,0.9872199643972727,0.1942393006263048,1,1,0,1,1.336116910229645,3556_left.jpg
0.86983154296875,0.999988772969802,0.9278203125,1,1,0,1,1.0666666666666667,2037_left.jpg
0.0027197265625,0.6956912028725314,0.23828877005347593,0,1,0,0,7.48,115_right.jpg
0.05547607421875,0.39422611450952777,0.3581922507014723,0,1,0,0,5.339449541284404,2457_right.jpg
0.11137939453125,0.4095482343657526,0.12527735061511425,1,1,0,1,1.124780316344464,3632_right.jpg
0.56915771484375,0.981619460637335,0.56915771484375,1,1,1,1,1.0,2705_left.jpg
0.02232177734375,0.7417696598490648,0.395937987181708,0,1,0,0,2.7282608695652173,3533_left.jpg
0.03730224609375,0.5664637738071864,0.3895617143877005,1,0,0,0,4.736263736263736,2842_left.jpg
0.03911865234375,0.25195032141296886,0.43922697368421054,1,1,0,0,11.228070175438596,4413_right.jpg
0.279296875,0.936215034965035,0.3143073013256405,0,1,1,0,1.1008695652173912,4965_right.jpg
0.1754248046875,0.9770367690038133,0.5641802763819096,1,1,0,1,3.2160804020100504,3798_right.jpg
0.00079833984375,1.0,0.7077922077922078,0,0,0,0,3.8181818181818183,1209_right.jpg
0.057421875,0.47206632653061226,0.15516047102285846,0,1,0,1,1.6295081967213114,733_right.jpg
0.01183349609375,0.9075716938312358,0.6036114570361145,0,1,0,0,2.6545454545454548,1102_right.jpg
0.5932568359375,0.9991111037950929,0.5932568359375,1,1,1,1,1.0,2560_right.jpg
0.044970703125,0.88371335504886,0.17766203703703703,1,1,0,0,3.950617283950617,24_right.jpg
0.0400341796875,0.5827539943895597,0.19861918604651163,1,1,0,0,4.961240310077519,3590_right.jpg
0.81296875,0.9996366279069767,0.81296875,1,1,1,1,1.0,685_left.jpg
0.86181884765625,0.9325837603859479,0.86181884765625,1,1,1,1,1.0,3288_right.jpg
0.389296875,0.9918159241420831,0.3973684210526316,1,1,0,1,1.0207336523125996,4841_left.jpg
0.09182373046875,0.5014756321288985,0.2217629716981132,1,1,0,1,2.4150943396226414,2110_right.jpg
0.02942626953125,0.6860532647473658,0.08563775365202068,1,0,0,1,0.6058091286307054,3124_left.jpg
0.0216845703125,0.5159873902274262,0.12281526548672567,1,1,0,0,5.663716814159292,3389_right.jpg
0.1173974609375,0.8342344965270557,0.12543301335559265,1,1,0,1,1.0684474123539232,1796_right.jpg
0.739951171875,0.9997492444338864,0.7687804383116883,1,1,0,1,1.0389610389610389,2429_right.jpg
0.3397021484375,0.98053786778974,0.35876134488448846,1,1,0,1,1.056105610561056,5191_left.jpg
0.6807666015625,0.8525365619239569,0.6807666015625,1,1,1,1,1.0,3353_left.jpg
0.35324951171875,0.8623618607930003,0.3980276188380282,1,1,0,1,1.1267605633802817,4348_right.jpg
0.01407470703125,0.5311361665221163,0.05030541012216405,0,0,0,1,2.865,1217_left.jpg
0.62106201171875,0.9919335500634859,0.62106201171875,1,1,1,1,1.0,4317_right.jpg
0.141171875,0.9939990315439956,0.24889807162534436,1,1,0,1,1.7630853994490359,5080_left.jpg
0.5732177734375,0.9999957408748243,0.8839984939759036,1,1,0,0,1.5421686746987953,2039_left.jpg
0.51930419921875,0.9970005688576304,0.6294596354166667,1,1,0,1,1.2121212121212122,4670_right.jpg
0.0125927734375,1.0,0.6655483870967742,1,0,0,0,2.0161290322580645,139_right.jpg
1.220703125e-05,0.8,0.05555555555555555,0,0,0,0,3.6,5267_right.jpg
7.080078125e-05,1.0,0.5178571428571429,0,0,0,0,1.1428571428571428,1331_right.jpg
0.23367431640625,0.6487519981611694,0.2459729646381579,1,1,0,1,1.0526315789473684,820_right.jpg
0.02839111328125,0.6742626193137845,0.11286784688252194,0,1,0,0,3.925925925925926,650_right.jpg
0.45096923828125,0.9553803927088466,0.4625325520833333,1,1,0,1,1.0256410256410255,1545_right.jpg
0.1326318359375,0.9452380075838457,0.3097969890510949,1,1,0,1,2.335766423357664,4336_right.jpg
0.17005859375,0.5970339956356954,0.2548887587822014,1,1,0,1,1.4988290398126465,2140_left.jpg
0.2542041015625,0.6200322698373062,0.3046640917602996,1,1,0,1,1.198501872659176,373_left.jpg
0.54945556640625,0.5304922752902598,0.54945556640625,1,1,1,1,1.0,4943_left.jpg
0.07750244140625,0.8938415498503701,0.11836095523946236,0,1,0,0,1.1402061855670103,456_left.jpg
0.06107666015625,0.4461366270935764,0.1601497983483772,0,1,0,1,2.421259842519685,2705_right.jpg
0.00411865234375,1.0,0.7399122807017544,0,0,0,0,1.425,84_right.jpg
0.15227783203125,0.48819200615651004,0.24303693890274314,1,1,0,1,1.5960099750623442,1178_left.jpg
0.87895751953125,0.9998138997447371,0.87895751953125,1,1,1,1,1.0,758_left.jpg
0.1855419921875,0.7633621937419406,0.20092533840947546,1,1,1,0,1.0829103214890017,5160_left.jpg
0.00629638671875,0.7530050407134549,0.19961300309597524,0,0,0,0,2.7941176470588234,2846_right.jpg
0.48556396484375,0.9980390875220603,0.6569998678646934,1,1,0,0,1.3530655391120507,1569_right.jpg
0.21552490234375,0.8060920490716932,0.27260066699604746,1,1,0,1,1.2648221343873518,1858_left.jpg
0.11475341796875,0.9920217858434568,0.5025231466632455,1,0,0,1,1.6512605042016806,1994_right.jpg
0.86726318359375,0.99981139033474,0.86726318359375,1,1,1,1,1.0,706_right.jpg
0.09354248046875,0.28811170559832966,0.18534732972136223,1,1,0,1,1.9814241486068112,1716_right.jpg
0.0104443359375,0.8438522674146798,0.07343701720053558,0,0,0,0,3.293233082706767,11_right.jpg
0.17335205078125,0.9738750792197732,0.3225154433139535,1,1,0,0,1.8604651162790697,2941_left.jpg
0.99926025390625,1.0,0.99926025390625,1,1,1,1,1.0,1927_right.jpg
0.123662109375,0.9840480138987602,0.5379068656082409,0,1,0,0,2.7513513513513512,2655_right.jpg
2.44140625e-06,1.0,1.0,0,0,0,0,1.0,4594_left.jpg
0.375068359375,1.0,0.8422587719298246,1,1,0,1,2.245614035087719,1963_right.jpg
0.48294189453125,0.9952834242441093,0.5876099096958175,1,1,0,1,1.2167300380228137,4942_right.jpg
0.609345703125,0.9800190714297162,0.6290020161290323,1,1,0,1,1.032258064516129,1718_right.jpg
0.0022216796875,0.9351648351648352,0.30952380952380953,0,0,0,0,1.6666666666666667,3077_left.jpg
0.18890869140625,0.9296819468317459,0.3386598389355742,1,1,0,1,1.792717086834734,4875_left.jpg
0.04149658203125,0.9101606165793964,0.10290983507301833,1,0,0,1,1.6751592356687899,3253_left.jpg
0.03146484375,0.7497672253258846,0.09030269058295964,1,1,0,1,2.8699551569506725,2097_right.jpg
0.074287109375,0.6453266728013671,0.1886656746031746,1,1,0,1,2.5396825396825395,2665_left.jpg
0.17847412109375,0.592629577445522,0.3112355245231608,1,1,0,0,1.7438692098092643,2841_right.jpg
0.018251953125,0.39446227929373995,0.18251953125,1,1,0,0,10.0,2260_right.jpg
0.00050048828125,0.6926829268292682,0.12974683544303797,0,0,0,0,15.8,351_left.jpg
0.76394775390625,0.9998082534122903,0.7950025406504065,1,1,0,1,1.0406504065040652,1383_right.jpg
0.19060546875,0.9977969054206374,0.5956784471708478,0,1,0,1,1.9689922480620154,3074_right.jpg
0.04544677734375,0.6514101531023369,0.0682768485915493,1,1,0,1,1.5023474178403755,2985_left.jpg
0.22837646484375,0.5810055268699956,0.29349585843373494,1,1,0,1,1.285140562248996,2775_right.jpg
0.09549560546875,0.6440495973411735,0.21672761524822695,1,1,0,0,2.269503546099291,4821_right.jpg
0.5743798828125,0.9398000561067048,0.5789025590551181,1,1,0,1,1.0078740157480315,894_right.jpg
0.41352783203125,0.996800113353918,0.41352783203125,1,1,1,1,1.0,1736_left.jpg
0.00104248046875,1.0,0.7625,0,0,0,0,2.1875,234_left.jpg
0.40354736328125,0.9988747254874677,0.5602392895878525,1,1,0,1,1.3882863340563991,4532_right.jpg
0.2291162109375,0.9958016324616925,0.44551099464509514,1,0,0,0,1.3638676844783715,5312_right.jpg
0.01681640625,0.8712253193960511,0.06221098265895954,1,1,0,1,3.699421965317919,1730_right.jpg
0.58915283203125,0.9987609658664743,0.58915283203125,1,1,1,1,1.0,1868_right.jpg
0.1796044921875,0.4668596906179485,0.1988700259515571,1,1,1,0,1.1072664359861593,3750_left.jpg
0.26065673828125,0.9977989041352503,0.40687881097560974,1,1,0,1,1.5609756097560976,4887_left.jpg
0.1755419921875,0.8875552835804289,0.3757420568561873,1,1,0,1,2.140468227424749,4731_right.jpg
0.1509619140625,0.9918491444836174,0.31368709415584417,1,1,0,1,2.0779220779220777,5153_right.jpg
0.0,0.0,0.0,0,0,0,0,0.0,4062_left.jpg
0.02175537109375,0.3616878015935361,0.13343815513626833,1,0,0,0,6.057142857142857,4880_right.jpg
0.08127197265625,0.6198744329958845,0.12624772451456312,1,1,0,0,1.5533980582524272,16_left.jpg
0.0,0.0,0.0,0,0,0,0,0.0,1264_right.jpg
0.0,0.0,0.0,0,0,0,0,0.0,249_left.jpg
0.22541015625,0.9115111342171389,0.3809319481462533,1,0,1,0,0.9466403162055336,5069_right.jpg
0.72110595703125,0.9950298782861883,0.72110595703125,1,1,1,1,1.0,4131_right.jpg
0.064560546875,0.2609287551051278,0.09412015945330296,1,1,0,1,1.457858769931663,2384_right.jpg
0.33461181640625,0.5052204557228015,0.33461181640625,1,1,1,1,1.0,2937_left.jpg
0.0,0.0,0.0,0,0,0,0,0.0,3235_right.jpg
0.53117431640625,0.9525713681636631,0.5943209134615385,0,1,1,1,0.89375,1110_left.jpg
0.02543212890625,0.7211289238744361,0.19498727163821503,0,1,0,0,7.571428571428571,511_right.jpg
0.019541015625,0.6840329835082459,0.06807511737089202,0,1,0,0,2.591549295774648,2255_left.jpg
0.38551025390625,0.9911402425509008,0.38551025390625,1,1,1,1,1.0,5017_left.jpg
0.1203271484375,0.663332386478919,0.2163184691011236,1,1,0,1,1.797752808988764,3373_left.jpg
0.0037939453125,1.0,0.6442786069651741,0,1,0,0,1.8611111111111112,2881_left.jpg
0.60608154296875,1.0,0.7561251218323587,1,1,0,0,1.2475633528265107,1687_right.jpg
0.03605712890625,0.7718193513440315,0.18343393695506371,0,0,0,0,3.992957746478873,2980_left.jpg
0.03310791015625,0.7714032888430057,0.09719753440366972,1,1,0,1,2.9357798165137616,4486_right.jpg
0.00212158203125,0.7284234752589183,0.04997124784358827,0,1,0,0,3.175675675675676,4326_left.jpg
0.032587890625,0.9701078813305364,0.050081417947967555,1,0,0,0,1.3642533936651584,5120_left.jpg
0.0,0.0,0.0,0,0,0,0,0.0,1267_right.jpg
0.1432666015625,0.6117037592447429,0.2838719040247678,1,1,0,0,1.9814241486068112,4423_left.jpg
0.0015625,0.678125,0.006188477827844282,0,1,0,1,3.753012048192771,1351_left.jpg
0.313720703125,0.5517354085603113,0.5836664244186046,1,1,0,0,1.8604651162790697,3047_right.jpg
0.03154052734375,0.9198080346776066,0.11968242792559104,1,0,0,1,1.5725190839694656,4412_right.jpg
0.4266845703125,0.8627453224237569,0.4266845703125,1,1,1,1,1.0,2040_left.jpg
0.0166796875,1.0,0.8323586744639376,0,1,0,0,1.5833333333333333,2065_right.jpg
0.44177734375,0.9266048454838852,0.44177734375,1,1,1,1,1.0,2363_right.jpg
0.0202392578125,0.367189384800965,0.025649752475247523,1,1,1,0,1.2673267326732673,5068_right.jpg
0.00069580078125,0.6736842105263158,0.21689497716894976,0,0,0,1,36.5,431_left.jpg
0.1651904296875,0.9979013330968638,0.35392147632049714,1,0,0,1,1.6345029239766082,217_left.jpg
0.02857421875,0.475393028024607,0.07539342562113902,1,0,0,0,1.4169184290030212,2935_right.jpg
0.0163232421875,0.8046664672449896,0.1725864739287558,1,0,0,0,2.292307692307692,1760_right.jpg
0.00203125,0.6850961538461539,0.0768236380424746,1,0,0,0,7.5,2412_left.jpg
0.558046875,0.9996937561248775,0.6638475836431227,1,1,0,1,1.1895910780669146,2252_right.jpg
0.3554931640625,0.9799464322505322,0.5067163140311804,1,1,0,1,1.4253897550111359,63_right.jpg
0.37958740234375,0.7865113616629898,0.38137509811616954,1,1,1,0,1.0047095761381475,4753_right.jpg
0.2642431640625,0.701360016261064,0.2642431640625,1,1,1,1,1.0,2343_left.jpg
0.1311669921875,0.8970517068086216,0.32920343137254904,1,1,0,1,2.5098039215686274,4990_right.jpg
0.253369140625,0.7863268452495664,0.40640664160401,1,1,0,0,1.6040100250626566,4785_right.jpg
0.03220947265625,0.9237474418252103,0.6513775056778908,1,0,0,0,3.0121951219512195,1232_right.jpg
0.0710595703125,1.0,0.433125,1,1,0,0,6.095238095238095,1673_right.jpg
0.19297607421875,0.913717849777969,0.19297607421875,1,1,1,1,1.0,4252_left.jpg
0.31650146484375,0.9326282985829881,0.38804777298850573,1,1,0,0,1.2260536398467432,3772_left.jpg
0.02488037109375,0.5192817191639683,0.18308062661684393,1,0,0,0,5.795918367346939,3111_left.jpg
0.00206787109375,0.8040141676505312,0.15849550898203593,0,0,0,0,5.21875,4424_right.jpg
0.001552734375,1.0,0.9034090909090909,0,0,0,1,2.75,4582_right.jpg
0.00088134765625,0.6869806094182825,0.026159420289855073,1,0,0,1,0.2608695652173913,1310_right.jpg
0.06482421875,0.7277041277493221,0.22982178252101132,1,0,0,1,0.7634961439588689,2040_right.jpg
0.018359375,0.46675531914893614,0.09864882592155319,0,1,0,0,4.801587301587301,4573_left.jpg
0.02423583984375,0.775460864309459,0.20525597551898106,1,0,0,0,4.224299065420561,3165_right.jpg
0.08872802734375,0.9645874033514019,0.19380866040955633,1,1,0,0,2.1843003412969284,3878_right.jpg
0.16378662109375,0.8113047237169645,0.29444785814606744,1,1,0,1,1.797752808988764,1766_right.jpg
0.92302001953125,1.0,0.92302001953125,1,1,1,1,1.0,927_right.jpg
0.00873779296875,0.9558535903883767,0.1942574902301346,0,0,0,0,8.340425531914894,835_left.jpg
0.57239501953125,0.9470128341288019,0.57239501953125,1,1,1,1,1.0,2490_left.jpg
0.828916015625,0.9995699862159965,0.828916015625,1,1,1,1,1.0,2467_right.jpg
0.01728515625,0.3748587570621469,0.024339013582407157,1,0,0,1,1.3687635574837311,1277_left.jpg
0.25871826171875,0.6570854290324711,0.261579285150079,1,1,1,0,1.0110584518167456,5234_right.jpg
0.0679833984375,0.2969546793076205,0.18053682572614108,1,1,0,1,2.6556016597510372,2423_right.jpg
0.0809716796875,0.35421817523970334,0.21193415637860083,1,0,0,0,2.4642857142857144,3688_left.jpg
0.67594970703125,0.6661525847964199,0.7115260074013158,1,1,0,1,1.0526315789473684,2451_right.jpg
0.57684814453125,0.6209237462808483,0.57684814453125,1,1,1,1,1.0,3023_left.jpg
0.7490185546875,0.9827443464429364,0.7490185546875,1,1,1,1,1.0,4756_left.jpg
0.0,0.0,0.0,0,0,0,0,0.0,105_right.jpg
0.04217529296875,0.7257887120115775,0.12554505813953487,1,1,0,0,2.9767441860465116,1877_left.jpg
0.17638427734375,0.8270516422827245,0.25141634187082407,1,1,0,0,1.4253897550111359,327_left.jpg
0.14717041015625,0.9877573364741793,0.2787689604143544,1,0,0,1,1.8705882352941177,4407_left.jpg
0.1661474609375,0.6034031798277838,0.30208629261363634,1,1,0,1,1.8181818181818181,329_left.jpg
0.0027880859375,0.9439579684763573,0.16893491124260354,1,0,0,0,10.0,3469_right.jpg
0.07521728515625,0.5725599662436301,0.14200313421828908,1,1,0,1,1.887905604719764,1519_left.jpg
0.64107421875,0.9930841178441946,0.6628231017770597,1,1,0,1,1.0339256865912763,778_left.jpg
0.22572021484375,0.8447677248391109,0.22572021484375,1,1,1,1,1.0,5174_left.jpg
0.08501220703125,0.948450647597714,0.19285002215330085,1,0,0,1,1.9409836065573771,2666_right.jpg
0.0,0.0,0.0,0,0,0,0,0.0,4098_left.jpg
0.02605224609375,0.495829819135976,0.1620648806269364,1,0,0,0,4.728813559322034,5131_right.jpg
0.27899169921875,0.7785517392255524,0.27899169921875,1,1,1,1,1.0,450_right.jpg
0.42982421875,0.9980460762484664,0.5468936381709741,1,1,0,1,1.2723658051689861,3143_right.jpg
0.31413330078125,0.9726585269179057,0.3345179908485857,1,1,0,0,1.064891846921797,675_right.jpg
0.6985009765625,0.9921427722592326,0.6985009765625,1,1,1,1,1.0,1919_right.jpg
0.0762109375,0.6759354177344952,0.16102341896213762,1,0,0,1,1.5041782729805013,3172_right.jpg
0.32707763671875,0.8550283270259982,0.32707763671875,1,1,1,1,1.0,5205_left.jpg
0.54602783203125,0.8725659839125789,0.54602783203125,1,1,1,1,1.0,2778_left.jpg
0.63336669921875,0.9999845814044028,0.8357828608247423,1,1,0,0,1.3195876288659794,4551_left.jpg
0.00337646484375,0.9891540130151844,0.05447455490783047,1,0,0,0,13.113636363636363,3467_right.jpg
0.02303955078125,0.7466355833421638,0.07495929147305294,0,1,0,1,2.3593073593073592,1048_right.jpg
0.06531982421875,0.9532797607923753,0.43097615979381443,1,1,0,1,6.597938144329897,5003_left.jpg
0.0,0.0,0.0,0,0,0,0,0.0,1202_right.jpg
0.5015380859375,1.0,0.5039001177394035,1,1,0,1,1.0047095761381475,2356_right.jpg
0.35087890625,0.9874199833008628,0.35987580128205127,1,1,1,0,1.0256410256410255,1423_right.jpg
0.008125,0.7824519230769231,0.40784313725490196,1,0,0,0,3.5416666666666665,1629_left.jpg
0.499755859375,0.9492867611138252,0.5989583333333334,1,1,0,1,1.198501872659176,2790_right.jpg
0.470908203125,0.9753530619439663,0.6834041950113379,1,1,0,1,1.4512471655328798,4534_right.jpg
0.05295166015625,0.5204481534418369,0.11890899122807018,1,1,0,1,2.245614035087719,936_right.jpg
0.0,0.0,0.0,0,0,0,0,0.0,3071_left.jpg
0.1430224609375,0.9874022737359599,0.2556826117318436,1,1,0,1,1.7877094972067038,3348_right.jpg
0.165439453125,0.6011894221120359,0.31325813609467457,1,1,0,1,1.893491124260355,2981_right.jpg
0.7509033203125,0.999457034171083,0.7509033203125,1,1,1,1,1.0,5307_right.jpg
0.6808251953125,1.0,0.7473895797598628,1,1,0,1,1.097770154373928,5241_left.jpg
0.751259765625,0.9990315745687582,0.7705228365384615,1,1,0,1,1.0256410256410255,2436_right.jpg
0.518310546875,1.0,0.934419014084507,1,1,0,0,1.8028169014084507,881_right.jpg
0.10125244140625,0.9941648783545921,0.22979277482269503,1,1,0,1,2.269503546099291,1018_right.jpg
0.002373046875,1.0,0.6037267080745342,0,0,0,0,1.3142857142857143,122_right.jpg
0.04208984375,0.794953596287703,0.1181469298245614,1,1,0,1,2.807017543859649,4464_right.jpg
0.3744091796875,0.5180818737855215,0.3744091796875,1,1,1,1,1.0,4958_left.jpg
0.16169921875,0.9194196158956396,0.23875561002865847,0,1,1,0,1.0707269155206287,3334_right.jpg
0.01592041015625,0.393804631191535,0.021826884455750435,1,0,1,0,0.7873376623376623,5265_right.jpg
0.0,0.0,0.0,0,0,0,0,0.0,167_right.jpg
0.21094970703125,0.9480701348301603,0.28068152286902287,1,1,0,1,1.3305613305613306,2344_right.jpg
0.020205078125,0.6969550507491542,0.16478177763618987,1,0,0,0,1.697674418604651,571_left.jpg
0.06978515625,0.8959557794570389,0.15819008932227965,1,0,0,1,1.6197604790419162,5204_right.jpg
0.1613037109375,0.9879673074012411,0.2754351224596144,1,0,0,1,0.9405940594059405,3360_left.jpg
0.01618896484375,0.9874830342331473,0.09996683350419104,1,0,0,0,2.559006211180124,463_right.jpg
0.182548828125,0.9965628845022201,0.4311116236162362,1,1,0,1,2.3616236162361623,5030_right.jpg
0.00480224609375,0.617691916624301,0.11383101851851851,1,1,0,1,23.703703703703702,1081_left.jpg
0.1714794921875,1.0,0.8062213039485767,0,1,0,0,2.2222222222222223,1292_left.jpg
0.8866259765625,0.9985323354315705,0.8866259765625,1,1,1,1,1.0,2637_left.jpg
0.15083984375,0.7390100997021882,0.4802860696517413,1,1,0,0,3.18407960199005,1788_left.jpg
0.92975341796875,1.0,0.92975341796875,1,1,1,1,1.0,2927_left.jpg
0.71446533203125,0.9998804011686514,0.8253751128158845,1,1,0,0,1.1552346570397112,1912_left.jpg
0.09506591796875,0.3526541513649554,0.34181004213483146,1,1,0,0,3.595505617977528,229_left.jpg
0.31607666015625,0.9885065461707797,0.38827075335892514,1,1,0,0,1.2284069097888675,1698_left.jpg
0.21873779296875,0.9730788548468107,0.3023589362850972,1,1,0,1,1.3822894168466522,1415_right.jpg
0.20048828125,0.9999878226984901,0.450219298245614,1,1,0,0,2.245614035087719,1985_right.jpg
0.52815185546875,0.9988027605844747,0.5690525042087542,1,1,1,0,1.0774410774410774,5011_left.jpg
0.74974853515625,1.0,0.74974853515625,1,1,1,1,1.0,318_right.jpg
0.03419189453125,0.34787575865762227,0.29001863739904743,0,1,0,0,3.9909090909090907,4275_left.jpg
0.00705810546875,0.9937737806987201,0.31287878787878787,0,1,0,0,0.7636363636363637,1248_right.jpg
0.82546875,0.9998521200075715,0.82546875,1,1,1,1,1.0,1916_right.jpg
0.0047802734375,0.8564862104187947,0.2042775169535733,0,0,0,0,4.733333333333333,3535_right.jpg
0.10671875,0.9301336017569546,0.2630970724191063,1,0,0,0,1.3409090909090908,1157_left.jpg
0.55592041015625,0.9979271425748227,0.6263891945422535,1,1,0,1,1.1267605633802817,5036_right.jpg
0.03535400390625,0.6815137076168772,0.068152296686747,1,1,0,0,1.927710843373494,2213_right.jpg
0.56310302734375,1.0,0.7619153012684989,1,1,0,0,1.3530655391120507,1480_right.jpg
0.005087890625,0.8119001919385797,0.17656528001355587,0,0,0,0,8.621621621621621,4065_right.jpg
0.54797607421875,0.988033022797849,0.54797607421875,1,1,1,1,1.0,258_left.jpg
0.0427001953125,0.5098913664951401,0.2578125,1,1,0,0,6.037735849056604,4285_left.jpg
0.479736328125,0.9925648854961832,0.479736328125,1,1,1,1,1.0,3755_right.jpg
0.0,0.0,0.0,0,0,0,0,0.0,4859_left.jpg
0.0,0.0,0.0,0,0,0,0,0.0,3089_right.jpg
0.800693359375,1.0,0.800693359375,1,1,1,1,1.0,316_right.jpg
0.05619140625,0.5633037886687522,0.15635869565217392,1,1,0,0,2.782608695652174,3134_left.jpg
0.0380810546875,0.8326067444544172,0.2944407739499764,0,1,0,0,1.9938650306748467,4626_left.jpg
0.029697265625,0.5936369615258139,0.06501718433472839,1,0,0,1,0.9116997792494481,2860_right.jpg
0.02112060546875,0.740954802912958,0.25006503830033244,1,0,0,0,4.788235294117647,3971_left.jpg
0.471044921875,0.9988286513942158,0.471044921875,1,1,1,1,1.0,2000_right.jpg
0.0841259765625,0.8440420221719195,0.3223989520958084,1,1,0,0,3.8323353293413174,452_right.jpg
0.313388671875,0.9642968433517185,0.313388671875,1,1,1,1,1.0,5121_right.jpg
0.3065625,0.9701595948012233,0.3065625,1,1,1,1,1.0,2471_right.jpg
0.19583984375,0.8202228981749277,0.2996130458817026,1,0,0,1,1.3581081081081081,383_right.jpg
0.610859375,0.9998041629364369,0.610859375,1,1,1,1,1.0,1821_right.jpg
0.14132080078125,0.4675477239353891,0.23990799071618038,1,1,0,0,1.6976127320954908,5310_left.jpg
8.30078125e-05,0.4411764705882353,0.0043517214898246516,1,0,0,1,46.23076923076923,2862_left.jpg
0.05421142578125,1.0,0.6316133803618159,0,1,0,0,1.0053475935828877,788_left.jpg
0.99649169921875,1.0,0.99649169921875,1,1,1,1,1.0,1901_left.jpg
0.3410205078125,0.9870849501009435,0.41539262189047327,0,1,1,0,1.1321100917431193,3065_right.jpg
0.208408203125,0.9801321400121831,0.37050347222222224,1,1,0,0,1.7777777777777777,4922_right.jpg
0.998349609375,1.0,0.998349609375,1,1,1,1,1.0,2438_left.jpg
0.69040283203125,0.9980409421865772,0.69040283203125,1,1,1,1,1.0,2593_right.jpg
0.00861572265625,0.9940493057523377,0.12356442577030813,1,0,0,0,10.980392156862745,4046_left.jpg
0.0016650390625,1.0,0.5982456140350877,1,0,0,1,3.1578947368421053,2741_right.jpg
0.09484375,0.5326657742998353,0.1221327967806841,1,1,0,1,1.2877263581488934,712_right.jpg
0.054033203125,0.4415778058919212,0.13722718253968255,1,1,0,1,2.5396825396825395,2420_right.jpg
0.0145654296875,0.5025142474019444,0.0667935512763099,0,0,0,0,2.167487684729064,3192_left.jpg
0.0376025390625,0.9947409427347098,0.2381556160316675,0,1,0,0,1.8297872340425532,2284_left.jpg
0.00106689453125,0.6247139588100686,0.022513008088197412,1,0,0,1,0.17933130699088146,3241_right.jpg
0.451064453125,0.5683820823139708,0.451064453125,1,1,1,1,1.0,2198_left.jpg
0.0488525390625,0.775312343828086,0.1554416219995339,0,1,0,0,2.919047619047619,5104_left.jpg
0.2689697265625,0.8802123990196968,0.2689697265625,1,1,1,1,1.0,1599_right.jpg
0.62977294921875,0.9863735922932294,0.62977294921875,1,1,1,1,1.0,2925_right.jpg
0.001298828125,1.0,0.7916666666666666,0,0,0,0,2.625,1353_right.jpg
0.6587353515625,1.0,0.7850849627560521,1,1,0,0,1.191806331471136,1377_left.jpg
0.5375341796875,0.9993050950611789,0.6866704091816367,1,1,0,1,1.2774451097804391,1390_right.jpg
0.21218017578125,0.5879598200416528,0.21218017578125,1,1,1,1,1.0,393_left.jpg
0.34046875,0.5407727168425883,0.5163507109004739,1,1,0,0,1.5165876777251184,3217_left.jpg
0.62888427734375,0.9998369508251453,0.62888427734375,1,1,1,1,1.0,4702_right.jpg
0.3944775390625,0.9585896594833455,0.46926696096654275,1,0,1,1,0.840625,3113_right.jpg
0.04212890625,0.48701900788131663,0.2100189864174091,0,0,0,0,2.946107784431138,1113_right.jpg
0.00070068359375,1.0,0.8367346938775511,1,0,0,1,7.0,1234_left.jpg
0.075380859375,0.9739927451742454,0.18001399253731343,1,1,0,1,2.388059701492537,1016_right.jpg
0.1897412109375,0.8162201806531305,0.3246908422459893,1,1,0,1,1.7112299465240641,4591_left.jpg
0.0100146484375,0.34958556801560214,0.08545833333333333,1,1,0,0,8.533333333333333,749_right.jpg
0.09227783203125,0.9789665846495753,0.21632898351648353,1,1,0,0,2.3443223443223444,1498_left.jpg
0.0920703125,0.9315867628341111,0.28884803921568625,1,1,0,0,3.1372549019607843,4196_left.jpg
0.0730029296875,0.5084609725102,0.38613119834710746,1,1,0,0,5.289256198347108,4055_right.jpg
0.01580810546875,0.9972200772200772,0.23627075351213284,1,0,0,1,0.40229885057471265,3895_right.jpg
0.299970703125,0.9465035648012501,0.299970703125,1,1,1,1,1.0,4912_right.jpg
0.07845458984375,0.7980395207717442,0.3190654910838397,1,0,0,0,2.1192660550458715,2506_left.jpg
0.07869384765625,0.862128874135203,0.2716645596291614,0,1,0,0,2.3230088495575223,4126_left.jpg
0.16726318359375,0.6125293748449154,0.19598425512194842,1,0,0,0,1.1389891696750902,3517_right.jpg
0.79376220703125,1.0,0.79376220703125,1,1,1,1,1.0,2141_right.jpg
0.02290771484375,0.8227645742299904,0.11023261278195488,1,1,0,0,4.81203007518797,270_left.jpg
0.16443359375,0.6151264995842737,0.16443359375,1,1,1,1,1.0,4838_right.jpg
0.1755517578125,0.935457402720218,0.490625,1,1,0,1,2.7947598253275108,4566_left.jpg
0.0038037109375,1.0,0.7349056603773585,0,1,0,0,0.7547169811320755,238_right.jpg
0.0,0.0,0.0,0,0,0,0,0.0,2992_left.jpg
0.61169677734375,0.9114631352499092,0.61169677734375,1,1,1,1,1.0,1930_left.jpg
0.5642236328125,1.0,0.8301221264367816,1,1,0,1,1.471264367816092,180_left.jpg
0.033388671875,0.9969289265867213,0.15792512529157718,1,0,0,1,1.0812720848056536,3561_left.jpg
0.21733642578125,0.8993608249738826,0.45455984477124184,1,1,0,0,2.0915032679738563,984_right.jpg
0.25783203125,0.8759942428603894,0.5872330960854093,1,1,0,0,2.2775800711743774,1410_right.jpg
0.0759912109375,0.9312793163271863,0.2230934633027523,1,1,0,0,2.9357798165137616,933_left.jpg
0.02828857421875,0.9957711228100458,0.08082449776785715,1,1,0,1,2.857142857142857,1056_left.jpg
0.6822021484375,0.9975378448985435,0.782454077060932,1,1,0,1,1.146953405017921,664_right.jpg
0.67060546875,0.9982088248143294,0.68560303514377,1,1,0,1,1.0223642172523961,5168_left.jpg
0.02392333984375,0.7337483416675171,0.1772291553626334,0,1,0,0,4.254385964912281,2007_right.jpg
0.15057373046875,0.6604945277665181,0.3128804788961039,1,1,0,1,2.0779220779220777,1501_right.jpg
0.04132568359375,0.6018195781886926,0.12999969279921356,1,0,0,0,3.0096153846153846,2111_left.jpg
0.034716796875,0.3509845288326301,0.16705827067669174,1,1,0,0,4.81203007518797,1372_right.jpg
0.944140625,1.0,0.944140625,1,1,1,1,1.0,2138_right.jpg
0.31002197265625,0.8195692404614718,0.41422560020876825,1,1,0,0,1.336116910229645,3768_right.jpg
0.0,0.0,0.0,0,0,0,0,0.0,2737_left.jpg
0.49681884765625,0.870838390737947,0.5491607297063903,1,1,0,0,1.1053540587219344,3270_left.jpg
0.23507080078125,0.9838708002284884,0.4760927610759494,1,1,0,1,2.0253164556962027,2090_left.jpg
0.1676171875,0.9744232113726404,0.2963397790055249,1,1,0,0,1.7679558011049723,5045_right.jpg
0.24216552734375,0.6072123478944662,0.2520096544715447,1,1,0,1,1.0406504065040652,3395_left.jpg
0.18733642578125,0.9368068497256722,0.40098766722408025,1,1,0,1,2.140468227424749,2108_left.jpg
0.10142822265625,0.5867854134071488,0.1610770781637717,1,1,0,0,1.588089330024814,4562_left.jpg
0.903662109375,1.0,0.903662109375,1,1,1,1,1.0,4765_right.jpg
0.001640625,0.8883928571428571,0.008633980881899476,0,0,0,0,0.9787234042553191,294_left.jpg
0.088193359375,0.5239729819510575,0.3188912429378531,1,1,0,0,3.615819209039548,494_right.jpg
0.87287109375,0.9999804211138708,0.8811317034700316,1,1,0,1,1.0094637223974763,2567_right.jpg
0.2102880859375,0.909838159147375,0.31226073085846867,1,1,0,1,1.4849187935034802,1903_left.jpg
0.01876953125,0.9907648283038502,0.03502186588921283,1,1,0,0,1.8658892128279883,5124_left.jpg
0.3872998046875,0.9752140092537728,0.3872998046875,1,1,1,1,1.0,5072_left.jpg
0.17525634765625,0.9983701330361496,0.309845476519337,1,1,0,1,1.7679558011049723,414_right.jpg
0.0009521484375,1.0,0.8333333333333334,0,0,0,1,3.25,200_right.jpg
0.0,0.0,0.0,0,0,0,0,0.0,4599_left.jpg
0.75335693359375,0.9991898241918497,0.8144399282094594,1,1,0,1,1.0810810810810811,2292_left.jpg
0.2073779296875,0.9964210873301782,0.5245923913043479,1,1,0,1,2.5296442687747036,1255_left.jpg
0.019306640625,0.4515680323722812,0.2703589743589744,0,1,0,0,3.611111111111111,1198_left.jpg
0.00518310546875,0.9778615167216204,0.41594827586206895,1,0,0,0,2.6363636363636362,1585_right.jpg
0.00025390625,0.75,0.3501683501683502,0,0,0,1,3.6666666666666665,3545_left.jpg
0.011181640625,0.6240174672489083,0.4350303951367781,1,0,0,0,4.76595744680851,5073_right.jpg
0.02965087890625,0.6295594895018526,0.4586480362537764,1,0,0,0,4.1375,1648_right.jpg
0.03302001953125,0.8879852125693161,0.07629174187725632,1,1,0,0,2.3104693140794224,3667_right.jpg
0.0940869140625,0.7262442264777622,0.22302083333333333,1,1,0,1,2.3703703703703702,1255_right.jpg
0.02081298828125,0.5455718475073313,0.0843057753164557,1,1,0,0,4.050632911392405,5145_left.jpg
0.0309765625,0.9791929382093316,0.1625,1,1,0,0,5.245901639344262,1606_left.jpg
0.56337646484375,0.9971312061501393,0.56337646484375,1,1,1,1,1.0,4173_right.jpg
0.1905029296875,0.9254901960784314,0.19445275119617225,1,1,1,0,1.0207336523125996,256_right.jpg
0.02490966796875,0.525041654415368,0.0928245858238489,0,1,0,0,3.5084745762711864,1319_left.jpg
0.83642822265625,0.9998161126208038,0.83642822265625,1,1,1,1,1.0,2641_left.jpg
0.02025634765625,0.5953959262383994,0.13408209437621202,0,0,0,0,1.8681318681318682,1723_left.jpg
0.2320263671875,0.9589006502662093,0.2426419526143791,1,1,0,1,1.0457516339869282,2528_left.jpg
0.162568359375,0.6625668288580525,0.19411147388059702,1,1,0,1,1.1940298507462686,3949_left.jpg
0.0536962890625,0.5704737655724288,0.10639512383900929,1,1,0,1,1.9814241486068112,1376_left.jpg
0.0078564453125,1.0,0.5209648696778372,0,0,0,0,0.8160919540229885,2621_right.jpg
0.01712646484375,0.7985744832501782,0.043334568816407217,1,0,0,0,1.9929824561403509,4669_right.jpg
0.14595458984375,0.6573607881839318,0.29748706210191084,1,1,0,0,2.038216560509554,3212_right.jpg
0.81793212890625,0.9978329975374972,0.8256728115141956,1,1,0,1,1.0094637223974763,4325_right.jpg
0.54715576171875,1.0,0.6208859707446809,1,1,0,1,1.1347517730496455,710_left.jpg
0.00182373046875,1.0,0.652972027972028,0,0,0,0,1.6923076923076923,1731_left.jpg
0.04353271484375,0.2654926812854018,0.11906383547008546,1,1,0,1,2.735042735042735,2611_left.jpg
0.47517822265625,0.9992190430194263,0.6470511968085106,1,1,0,0,1.3617021276595744,5189_left.jpg
0.00044921875,0.6847826086956522,0.011794871794871795,0,0,0,0,5.769230769230769,1803_right.jpg
0.027744140625,0.7770151355156635,0.09702868852459016,1,1,0,0,3.4972677595628414,1447_left.jpg
0.0606201171875,0.8989126057188884,0.15771087398373984,1,1,0,1,2.6016260162601625,3036_right.jpg
0.3293359375,0.5865481556161783,0.3293359375,1,1,1,1,1.0,3953_left.jpg
0.15356201171875,0.7814432661886517,0.24316122347992825,0,1,0,0,1.553921568627451,1786_right.jpg
0.44314453125,0.6847591343822997,0.44314453125,1,1,1,1,1.0,1869_right.jpg
0.0,0.0,0.0,0,0,0,0,0.0,2421_left.jpg
0.3567822265625,0.9995689006281734,0.563804012345679,1,1,0,1,1.5802469135802468,527_left.jpg
0.01610595703125,0.7691374867363954,0.35193384902640706,0,0,0,0,1.4173913043478261,2206_right.jpg
0.35071533203125,0.9624511844514211,0.49549185982339955,1,1,0,1,1.4128035320088301,3947_left.jpg
0.165390625,0.7273854511100614,0.37140350877192985,1,1,0,0,2.245614035087719,3020_left.jpg
0.2477978515625,0.9620091036276577,0.41515870418848166,1,1,0,0,1.675392670157068,939_right.jpg
0.50396484375,0.998832500096888,0.5235998376623376,1,1,0,1,1.0389610389610389,789_left.jpg
0.25765869140625,0.8024200043586609,0.4132871240601504,1,1,0,0,1.6040100250626566,3779_left.jpg
0.08990478515625,0.5762932790224032,0.17924941588785046,1,1,0,0,1.9937694704049844,40_right.jpg
0.25194091796875,0.9412859150152624,0.36729427676537585,1,1,0,1,1.457858769931663,2954_left.jpg
0.24614990234375,0.5032383483927279,0.5900222378277153,1,1,0,1,2.397003745318352,2205_right.jpg
0.20505126953125,0.9949874388312755,0.3976751893939394,1,1,0,1,1.9393939393939394,3666_left.jpg
0.0222119140625,0.9950538579907672,0.36538152610441765,0,0,0,0,0.9036144578313253,3653_left.jpg
0.9357470703125,0.9999139015137679,0.9357470703125,1,1,1,1,1.0,1637_left.jpg
0.27880615234375,0.41162356938326955,0.38456021012931035,1,1,0,1,1.3793103448275863,4230_right.jpg
0.02485595703125,0.3686278361654062,0.17675347222222224,0,1,0,0,6.25,2307_right.jpg
0.08900146484375,0.7131806336579345,0.3886253398006503,1,0,0,1,1.4202334630350195,1993_right.jpg
4.150390625e-05,1.0,0.85,0,0,0,1,1.25,4100_left.jpg
0.000537109375,0.36818181818181817,0.011129660545353366,0,0,0,1,18.151515151515152,1070_left.jpg
0.42813720703125,0.9997890114903202,0.5055494695571956,1,1,0,1,1.1808118081180812,1540_right.jpg
0.6957470703125,0.9951820842310635,0.820033379373849,1,1,0,1,1.1786372007366483,4525_left.jpg
0.13929443359375,0.9819822977828411,0.36113502291313265,0,1,0,1,2.4488188976377954,1325_left.jpg
0.02673583984375,0.9574468085106383,0.5836797782752372,0,1,0,0,6.679245283018868,1961_right.jpg
0.0338916015625,0.9757239590837056,0.2464231192530266,1,0,0,0,3.7235772357723578,4809_left.jpg
0.02732666015625,0.517644956669347,0.12207704388796789,1,0,0,0,3.7197452229299364,864_left.jpg
0.0044921875,0.9978260869565218,0.01819620253164557,1,1,0,0,4.050632911392405,2674_left.jpg
0.36560546875,0.6965382766173407,0.5908775252525252,1,1,0,0,1.6161616161616161,1147_right.jpg
0.85361572265625,0.9994708858514877,0.85361572265625,1,1,1,1,1.0,3407_left.jpg
0.09783935546875,0.9892701185277605,0.4030635849777724,1,0,0,0,0.48237885462555063,3967_left.jpg
0.1775537109375,0.5657261502076286,0.221942138671875,1,1,0,1,1.25,326_left.jpg
3.41796875e-05,0.7857142857142857,0.07608695652173914,0,0,0,0,11.5,1597_left.jpg
0.04156982421875,0.8389616491454749,0.08186057692307692,1,1,0,1,1.9692307692307693,4119_right.jpg
0.003505859375,1.0,0.6943907156673114,0,1,0,0,1.0681818181818181,4987_left.jpg
0.0,0.0,0.0,0,0,0,0,0.0,3029_left.jpg
0.94565673828125,1.0,0.9668056110223642,1,1,1,0,1.0223642172523961,395_right.jpg
0.02966064453125,0.5067083710593464,0.07593125,1,1,0,0,2.56,2292_right.jpg
0.1829931640625,0.846879419377218,0.32263257575757576,1,1,0,1,1.7630853994490359,2134_left.jpg
0.419189453125,0.9982236458940011,0.5922323399558499,1,1,0,1,1.4128035320088301,2769_left.jpg
0.14507080078125,0.908937917571229,0.1507229099025974,1,1,0,1,1.0389610389610389,3101_right.jpg
0.22792724609375,0.9576473612613674,0.22792724609375,1,1,1,1,1.0,1547_right.jpg
0.96697021484375,1.0,0.96697021484375,1,1,1,1,1.0,4183_left.jpg
0.59341064453125,0.9796594270574054,0.6818362881508079,1,1,0,1,1.1490125673249552,1701_right.jpg
0.20780517578125,0.8898222446749768,0.4314636928145989,1,0,0,0,1.8676923076923078,1142_right.jpg
0.2061474609375,0.5071176484521187,0.2912458609271523,1,1,0,1,1.4128035320088301,3838_right.jpg
0.0725390625,0.49485056542810985,0.09631742738589212,1,1,0,1,1.3278008298755186,1146_right.jpg
0.0046484375,0.9973739495798319,0.4827586206896552,1,0,0,0,0.29310344827586204,2758_right.jpg
0.01884521484375,0.9528436325948957,0.08829787234042553,1,0,0,1,2.473404255319149,1291_left.jpg
0.88292724609375,0.999394437116857,0.88292724609375,1,1,1,1,1.0,64_left.jpg
0.117998046875,0.9959447157162956,0.29152190696776686,1,0,0,0,2.378787878787879,3790_left.jpg
0.43749267578125,0.9985100196989904,0.5894638157894737,1,1,0,1,1.3473684210526315,115_left.jpg
0.49275634765625,0.9998761352207023,0.558166482300885,1,1,1,0,1.1327433628318584,2289_right.jpg
0.01897705078125,0.5027659848192461,0.06491131375889368,1,0,0,0,2.877450980392157,3374_right.jpg
0.123564453125,0.6876827629811112,0.2353608630952381,1,1,0,1,1.9047619047619047,2008_right.jpg
0.0476220703125,0.6624628319491439,0.15471129441624365,1,1,0,1,3.248730964467005,3136_left.jpg
0.0554931640625,0.3463704355477343,0.19407445355191258,1,1,0,0,3.4972677595628414,507_left.jpg
0.018720703125,0.5252999478351591,0.17459016393442622,1,0,0,0,8.472222222222221,3966_right.jpg
0.010634765625,0.9044995408631772,0.29804994868286006,0,1,0,0,2.3417721518987342,4623_left.jpg
0.0945458984375,0.5593399783091463,0.20102782392026577,1,1,0,1,2.12624584717608,2713_left.jpg
0.44551513671875,0.9967723020774538,0.44551513671875,1,1,1,1,1.0,3967_right.jpg
0.2237890625,1.0,0.7659090909090909,1,1,0,0,3.4224598930481283,4265_left.jpg
0.17019775390625,0.9199001620931534,0.44121034910508594,1,0,0,1,2.2330827067669174,4461_left.jpg
0.024375,0.5800280448717948,0.09936305732484077,1,1,0,1,4.076433121019108,68_right.jpg
0.0002392578125,1.0,0.6125,0,0,0,0,0.625,541_left.jpg
0.36961669921875,0.9844512698569966,0.45932949029126213,1,1,0,1,1.2427184466019416,3814_left.jpg
0.83007080078125,0.9999176463321735,0.83007080078125,1,1,1,1,1.0,3295_left.jpg
0.016845703125,0.4628985507246377,0.11143410852713179,1,0,0,0,2.0930232558139537,4651_right.jpg
0.8105859375,0.9985542865404077,0.8105859375,1,1,1,1,1.0,4528_right.jpg
0.6058447265625,1.0,0.7945504610655738,1,1,0,1,1.3114754098360655,4989_right.jpg
0.06193115234375,0.5497299641266212,0.36032670454545457,1,1,0,0,5.818181818181818,2652_left.jpg
0.14836181640625,0.4609093452253616,0.2630237188365651,1,1,0,1,1.7728531855955678,3339_right.jpg
0.003359375,0.7718023255813954,0.18449986591579512,0,0,0,0,1.7121212121212122,3401_right.jpg
0.47455078125,0.9379090011112483,0.47455078125,1,1,1,1,1.0,2115_right.jpg
0.03984375,0.7579656862745098,0.1168736303871439,1,0,0,0,2.8333333333333335,3266_right.jpg
0.0,0.0,0.0,0,0,0,0,0.0,3493_right.jpg
0.14223876953125,0.989478381764817,0.3128275343642612,1,1,0,1,2.1993127147766325,3979_left.jpg
0.01465087890625,0.7815364105982336,0.11576003086419753,1,1,0,0,7.901234567901234,1804_right.jpg
0.40450439453125,0.9999939644506142,0.4940511688931298,1,1,0,1,1.2213740458015268,2692_right.jpg
0.0730029296875,0.5084609725102,0.38613119834710746,1,1,0,0,5.289256198347108,4054_right.jpg
0.17664306640625,0.9980373999695935,0.7567988787080039,1,0,0,0,2.763440860215054,1403_left.jpg
0.709150390625,0.9852204029359516,0.8047096631205674,1,1,0,1,1.1347517730496455,3110_right.jpg
0.1163427734375,0.7270743274436564,0.19441090078328982,1,1,0,1,1.671018276762402,3243_right.jpg
0.114775390625,0.504232961796988,0.114775390625,1,1,1,1,1.0,46_right.jpg
0.0601318359375,0.7358505887129517,0.11877893518518519,1,1,0,1,1.9753086419753085,5012_right.jpg
2.44140625e-06,1.0,1.0,0,0,0,0,1.0,3464_right.jpg
0.070576171875,0.793344402933444,0.11455381945132413,1,0,0,1,1.5085574572127138,971_left.jpg
0.0708251953125,0.5205791106514995,0.12950892857142857,1,1,0,1,1.8285714285714285,2242_right.jpg
7.568359375e-05,0.6451612903225806,0.3333333333333333,0,1,0,0,10.333333333333334,403_left.jpg
0.045576171875,0.5682451253481894,0.5368069933287325,1,0,0,0,4.108695652173913,3184_left.jpg
0.0594091796875,0.8216487219528232,0.21977962427745665,1,1,0,0,3.699421965317919,947_right.jpg
0.08746826171875,0.6819437854132359,0.2035625,1,1,0,1,2.327272727272727,1319_right.jpg
0.18900146484375,0.9808176709939934,0.20606633304940375,1,1,0,1,1.090289608177172,1942_right.jpg
0.51177978515625,0.9998234943351222,0.8924770095367848,1,1,0,1,1.7438692098092643,699_right.jpg
0.04601318359375,0.8269751154029819,0.08978182164634146,1,1,0,1,1.951219512195122,2462_left.jpg
0.0196875,0.4154265873015873,0.08926080892608089,0,1,0,0,2.5291005291005293,4707_right.jpg
0.00130615234375,0.48785046728971965,0.07314738856986601,0,1,0,0,13.826086956521738,1439_right.jpg
0.01728515625,0.5111581920903955,0.24522028262676643,0,0,0,0,5.569444444444445,3486_left.jpg
0.28905029296875,0.9990877993158495,0.5138671875,1,1,0,1,1.7777777777777777,2472_right.jpg
0.1312255859375,0.5481674418604651,0.35738031914893614,1,1,0,0,2.723404255319149,2130_left.jpg
0.24345458984375,0.6830894814428544,0.6687164699570816,1,1,0,0,2.7467811158798283,818_right.jpg
0.0929931640625,0.9060645838802835,0.18369020061728394,1,1,0,0,1.9753086419753085,2077_right.jpg
0.1142822265625,0.9647511215552232,0.40874956339504015,0,1,0,0,1.4607142857142856,3032_left.jpg
0.76561279296875,0.9998915799040163,0.8749860491071428,1,1,0,1,1.1428571428571428,434_right.jpg
0.021923828125,0.6199331848552339,0.11367088607594937,1,0,0,0,5.056,876_left.jpg
0.7550732421875,0.9904681225305388,0.8568207003546099,1,1,0,0,1.1347517730496455,1553_left.jpg
0.01595947265625,0.9248890928560501,0.09616487929740941,0,0,0,0,4.965811965811966,834_right.jpg
0.6186376953125,0.9995501077373576,0.6186376953125,1,1,1,1,1.0,2577_left.jpg
0.42016845703125,0.9996920413013288,0.8874845297029703,1,1,0,1,2.112211221122112,1054_left.jpg
0.6264501953125,0.9998558033313327,0.7185091845878137,1,1,0,1,1.146953405017921,923_right.jpg
0.0,0.0,0.0,0,0,0,0,0.0,801_right.jpg
0.0998095703125,0.9999021574286973,0.5150423301753678,0,1,0,0,0.3902439024390244,3016_left.jpg
0.044296875,0.8027998236331569,0.14601171698963497,0,1,0,0,3.2346938775510203,5200_left.jpg
0.2407275390625,0.8877406137806535,0.39302455357142857,1,1,0,1,1.6326530612244898,1112_left.jpg
0.0602880859375,0.32246699603142465,0.15013375486381322,1,1,0,1,2.490272373540856,1459_left.jpg
0.03404052734375,0.326256903105501,0.0885039450047924,1,0,0,1,2.385214007782101,4704_left.jpg
0.0,0.0,0.0,0,0,0,0,0.0,4507_left.jpg
0.51061767578125,0.9998709054310563,0.8691364694148936,1,1,0,0,1.702127659574468,1398_right.jpg
0.16176513671875,0.9961665585052597,0.305397308259587,1,1,0,0,1.887905604719764,4424_left.jpg
0.01058837890625,0.35692875259395895,0.029591975982532753,1,1,0,1,2.7947598253275108,1467_right.jpg
0.006484375,0.4085090361445783,0.1883153715258083,1,0,0,0,8.390243902439025,2253_right.jpg
0.54533203125,0.9998612155725082,0.7166581108829568,1,1,0,1,1.3141683778234086,2774_right.jpg
0.04967529296875,0.3827591291099425,0.12322553294573643,1,1,0,0,2.4806201550387597,3827_left.jpg
2.9296875e-05,1.0,1.0,1,0,0,0,1.3333333333333333,3085_left.jpg
0.19075439453125,0.9985409494067807,0.3622635385756677,1,1,0,1,1.8991097922848665,3811_left.jpg
0.0,0.0,0.0,0,0,0,0,0.0,2165_right.jpg
0.4315234375,0.949194351407622,0.5901175213675214,1,1,0,1,1.3675213675213675,701_left.jpg
0.5777880859375,1.0,0.6091999588138386,1,1,0,1,1.0543657331136738,791_left.jpg
0.998046875,1.0,0.998046875,1,1,1,1,1.0,4257_right.jpg
0.0107275390625,0.9312699135184342,0.5777777777777777,0,0,0,0,1.8,176_right.jpg
0.46853515625,0.9930905831839593,0.6234147609147609,1,1,0,1,1.3305613305613306,3487_right.jpg
0.0,0.0,0.0,0,0,0,0,0.0,170_right.jpg
0.400185546875,0.9995363478855024,0.4944377413127413,1,1,0,1,1.2355212355212355,2600_left.jpg
0.0033447265625,1.0,0.7357679914070892,0,0,0,0,1.2894736842105263,883_right.jpg
0.22564697265625,0.6752718420340816,0.2793190568580875,1,0,0,1,0.9409780775716695,2046_left.jpg
0.02098388671875,0.3276323443862711,0.11851902923331495,0,0,0,0,2.118918918918919,3670_left.jpg
0.03280029296875,0.9188686267212505,0.1354334677419355,1,1,0,0,4.129032258064516,3098_right.jpg
0.1344140625,0.7830572507991863,0.20190107375462066,1,0,0,1,1.4279176201372998,3883_right.jpg
0.05955810546875,0.9086288173806107,0.3203125,1,1,0,0,5.378151260504202,4030_left.jpg
0.0758251953125,0.8450318758451929,0.18914162175329619,0,1,0,1,1.2059620596205962,3400_right.jpg
0.3877880859375,0.9943716239187096,0.509618839835729,1,1,0,1,1.3141683778234086,1399_right.jpg
0.9198486328125,1.0,0.9198486328125,1,1,1,1,1.0,4456_right.jpg
0.0,0.0,0.0,0,0,0,0,0.0,1259_right.jpg
0.072314453125,0.36434841323430117,0.11716772151898734,1,1,0,0,1.620253164556962,3876_right.jpg
0.9202294921875,1.0,0.9202294921875,1,1,1,1,1.0,4186_right.jpg
0.0499951171875,0.700556694989745,0.27823369565217393,1,1,0,0,5.565217391304348,145_right.jpg
0.1569140625,0.6543284789644013,0.4922794117647059,1,1,0,0,3.1372549019607843,1478_left.jpg
0.05700439453125,0.413036960897683,0.25160560344827587,1,1,0,0,4.413793103448276,2235_left.jpg
0.05398193359375,1.0,0.46956761807679237,0,1,0,0,2.2708333333333335,1608_left.jpg
0.560322265625,0.9997864998169999,0.6728072232645403,1,1,0,0,1.200750469043152,1539_right.jpg
0.04468017578125,0.9909840992295503,0.3261047754811119,0,1,0,0,6.630434782608695,2131_right.jpg
0.02201171875,0.5453637976929903,0.2861677140862058,1,0,0,0,3.9775280898876404,2337_right.jpg
0.00754638671875,0.7728890326755096,0.10250033160896671,1,0,0,0,4.273809523809524,1241_left.jpg
0.37336181640625,0.9967043530004119,0.4376402243589744,1,1,0,1,1.1721611721611722,1541_right.jpg
0.30583740234375,0.9992017306479553,0.585991879350348,1,0,0,1,1.1508120649651972,52_right.jpg
0.09026123046875,0.6383922533877904,0.31842454308993506,1,0,0,0,2.355855855855856,1111_left.jpg
0.09828125,0.462241653418124,0.3009569377990431,1,1,0,0,3.062200956937799,505_left.jpg
0.99872314453125,1.0,0.99872314453125,1,1,1,1,1.0,3018_right.jpg
0.074228515625,0.8795882120773583,0.21692351598173515,1,1,0,1,2.922374429223744,4439_right.jpg
0.0352099609375,0.6765358480099848,0.08346064814814814,1,1,0,1,2.3703703703703702,3824_left.jpg
0.07560546875,0.7154804959958667,0.41356837606837604,1,1,0,0,5.47008547008547,96_left.jpg
0.42436279296875,0.9983373509225113,0.5294194688109162,1,1,0,1,1.2475633528265107,3276_right.jpg
0.01147216796875,0.35262821876995104,0.0396740965889902,0,1,0,1,3.351063829787234,147_right.jpg
8.7890625e-05,1.0,0.9,1,0,0,0,0.625,1663_left.jpg
0.2092431640625,0.9645182367628871,0.33065586419753085,1,1,0,1,1.5802469135802468,1084_right.jpg
0.000205078125,1.0,0.8076923076923077,0,0,1,0,1.625,2989_right.jpg
0.01130126953125,0.722402246705552,0.3463265000748167,0,1,0,0,1.9878048780487805,897_right.jpg
0.0763818359375,0.6873681518890239,0.12972430578879063,0,1,0,1,1.6614173228346456,2075_right.jpg
0.12135986328125,0.9957351787402684,0.1786544757961623,1,0,0,1,0.859402460456942,3449_right.jpg
0.154501953125,0.9746697427469818,0.4306791887845379,0,1,0,0,2.6160337552742616,2443_left.jpg
0.5817333984375,0.9999832128857888,0.6894618055555556,1,1,0,1,1.1851851851851851,2621_left.jpg
0.015078125,0.5069624352331606,0.18322060045093153,1,0,0,1,1.3333333333333333,2236_right.jpg
0.0782666015625,0.3795620437956204,0.3478515625,1,1,0,1,4.444444444444445,282_right.jpg
0.0612255859375,0.9742802456336231,0.16774581939799332,1,0,0,0,2.392,2943_left.jpg
0.0,0.0,0.0,0,0,0,0,0.0,310_right.jpg
0.078916015625,0.5004021779482737,0.1784673144876325,1,1,0,1,2.2614840989399294,628_left.jpg
0.0406591796875,0.7776510147712261,0.12510516826923077,1,0,1,1,0.325,2095_right.jpg
0.02178466796875,0.9969741118457918,0.2559667240390132,0,0,0,0,9.683333333333334,2945_left.jpg
0.74712158203125,0.983445580532055,0.74712158203125,1,1,1,1,1.0,705_left.jpg
0.11738525390625,0.8241301137663526,0.2621389394715895,1,0,0,1,1.8722044728434504,5243_right.jpg
0.0730517578125,0.9793128801550699,0.11543981481481481,1,1,0,1,1.5802469135802468,5007_left.jpg
0.1804638671875,0.9056522092047945,0.39418728668941977,1,1,0,1,2.1843003412969284,4561_right.jpg
0.0087060546875,0.9641054402692092,0.5848778087584058,1,0,0,0,1.3582089552238805,3622_left.jpg
0.02175537109375,0.3616878015935361,0.13343815513626833,1,0,0,0,6.057142857142857,4878_right.jpg
0.01291015625,0.9336232980332829,0.5161038454030842,1,0,0,1,0.8623853211009175,1274_left.jpg
0.00675537109375,0.5514998192988797,0.12268333776713665,0,0,0,0,5.682539682539683,1615_right.jpg
0.0,0.0,0.0,0,0,0,0,0.0,3546_right.jpg
0.05569091796875,0.3013896804173425,0.10096936968838527,1,1,0,1,1.8130311614730878,4038_right.jpg
0.064853515625,0.33270591778346637,0.12100947521865889,1,1,0,0,1.8658892128279883,3715_left.jpg
0.1365380859375,0.917158387869685,0.1639481707317073,1,1,0,1,1.200750469043152,926_left.jpg
0.16793701171875,0.8681727652027272,0.2552961698337292,1,1,0,1,1.520190023752969,812_right.jpg
0.74504150390625,0.9995182996962338,0.74504150390625,1,1,1,1,1.0,1395_right.jpg
0.3142578125,0.5642402113113735,0.3142578125,1,1,1,1,1.0,5116_right.jpg
0.0419921875,0.772093023255814,0.07656695156695156,1,1,0,0,1.8233618233618234,1983_right.jpg
0.206982421875,0.6768105685303137,0.3176708633093525,1,1,0,0,1.5347721822541966,5228_right.jpg
0.1248974609375,0.9895812971578247,0.2273658573441243,1,0,0,1,1.2816229116945108,2831_left.jpg
0.7022900390625,0.9914238435920433,0.833887987012987,1,1,0,1,1.1873840445269017,3109_right.jpg
0.01315185546875,0.8294041210321144,0.03249879343629344,1,1,0,1,2.471042471042471,5222_left.jpg
0.00481201171875,0.28513444951801115,0.04793521085655917,1,0,0,0,9.43939393939394,506_right.jpg
0.08677490234375,0.9687139521143404,0.19429093075758322,1,0,0,1,2.190311418685121,4293_left.jpg
0.0,0.0,0.0,0,0,0,0,0.0,851_left.jpg
0.0,0.0,0.0,0,0,0,0,0.0,163_left.jpg
0.088701171875,0.719723659583838,0.2796490147783251,1,1,0,1,3.1527093596059115,2434_right.jpg
0.19793212890625,0.9895156217236318,0.2827601841517857,1,1,0,1,1.4285714285714286,5229_right.jpg
0.146025390625,0.7856951782251054,0.43266782407407406,1,1,0,0,2.962962962962963,985_left.jpg
0.012001953125,0.6248982912937348,0.25605500286473254,0,0,0,0,3.6027397260273974,2881_right.jpg
0.0320068359375,1.0,0.5317164179104478,1,0,0,0,2.9130434782608696,2305_right.jpg
0.01648681640625,0.5880349474307716,0.16787232455813259,0,1,0,0,1.5911949685534592,2760_left.jpg
0.12463134765625,0.6920018021900527,0.17190530711206897,1,1,0,1,1.3793103448275863,1460_right.jpg
0.19374755859375,0.8484229892009728,0.4542067307692308,1,1,0,1,2.3443223443223444,5137_left.jpg
0.0342529296875,0.7734853884533143,0.09160235567568979,1,0,0,0,2.374015748031496,5317_left.jpg
0.0275634765625,0.3796279893711249,0.2205078125,1,1,0,0,8.0,2969_left.jpg
0.0741162109375,0.5280650899268726,0.19126764112903225,1,1,0,1,2.5806451612903225,2374_right.jpg
0.51620849609375,0.994319874762934,0.689714900835073,1,1,0,1,1.336116910229645,2375_left.jpg
0.03828369140625,0.6093361392768318,0.14245094476744186,1,1,0,0,3.7209302325581395,2953_left.jpg
0.88445556640625,1.0,0.88445556640625,1,1,1,1,1.0,2542_right.jpg
0.03560302734375,0.40094630734416786,0.08502215485074627,1,1,0,0,2.388059701492537,5064_left.jpg
0.02010986328125,0.7003763506130873,0.309673295988571,1,0,0,0,5.925373134328358,3169_right.jpg
0.02148193359375,0.7567905443800432,0.05926050646551724,1,1,0,1,2.7586206896551726,2737_right.jpg
0.5007861328125,0.9932576710445491,0.5007861328125,1,1,1,1,1.0,4795_left.jpg
0.67236572265625,0.9933950857113809,0.67236572265625,1,1,1,1,1.0,277_right.jpg
0.01205078125,0.9989870340356564,0.4525119178584525,0,0,0,0,1.0693069306930694,969_left.jpg
0.66137451171875,0.9998929490326653,0.7478439708480565,1,1,0,1,1.1307420494699647,2907_left.jpg
0.8750439453125,1.0,0.8750439453125,1,1,1,1,1.0,4927_left.jpg
0.165146484375,0.9122169002424457,0.5033035714285714,1,1,0,0,3.0476190476190474,470_right.jpg
7.32421875e-06,1.0,1.0,0,0,1,0,0.3333333333333333,4073_left.jpg
0.001171875,0.6104166666666667,0.015065440507203164,0,0,0,0,1.3973509933774835,4774_right.jpg
0.03000244140625,0.8868907152738221,0.15124923076923077,1,0,0,0,4.8076923076923075,3588_right.jpg
0.55845703125,0.9969485538418494,0.57186,1,1,0,1,1.024,4028_right.jpg
0.01457763671875,0.7085915257075867,0.2020642978003384,0,0,0,0,5.253333333333333,2231_left.jpg
0.00019287109375,0.7215189873417721,0.12153846153846154,0,0,0,1,3.8461538461538463,3624_right.jpg
0.67570068359375,0.7895377700376128,0.67570068359375,1,1,1,1,1.0,841_left.jpg
0.5502685546875,0.9996051288877058,0.674158311598191,1,0,0,1,1.1947069943289226,4946_left.jpg
0.1780712890625,0.7144286928624312,0.25495665548098434,1,1,0,1,1.4317673378076063,448_right.jpg
0.33249755859375,0.9999926573708983,0.751937941696113,1,1,0,0,2.2614840989399294,4261_left.jpg
0.03279052734375,0.7152855334673517,0.06912577587005528,1,0,0,1,1.921383647798742,360_right.jpg
0.0222900390625,0.608105147864184,0.04940957452565726,1,0,0,1,2.0668896321070234,2841_left.jpg
0.03927734375,0.6554574838388861,0.2889367816091954,1,1,0,0,7.35632183908046,5127_left.jpg
0.01354248046875,0.6908238687578871,0.35791715060007745,0,1,0,0,5.314814814814815,91_right.jpg
0.02419189453125,0.5301241295791704,0.46837776517300056,0,0,0,0,2.86046511627907,498_right.jpg
0.081337890625,0.9482530916076359,0.3380275974025974,1,1,0,0,4.1558441558441555,5091_left.jpg
0.0110205078125,0.7474523704031901,0.0110205078125,1,1,1,1,1.0,3319_left.jpg
0.05507568359375,0.613679684383173,0.13877337598425196,1,1,0,1,2.5196850393700787,3483_left.jpg
0.1442822265625,0.49617584351416294,0.4275028935185185,1,1,0,0,2.962962962962963,2089_left.jpg
0.0913916015625,0.677779558689961,0.1572328629032258,1,1,0,0,1.7204301075268817,4085_right.jpg
0.99538330078125,0.9998798162414859,0.99538330078125,1,1,1,1,1.0,4243_right.jpg
0.05185546875,0.6893126177024482,0.27208444353351097,0,1,0,0,2.902439024390244,493_right.jpg
0.109267578125,0.9987040843685763,0.18900337837837838,1,1,0,1,1.7297297297297298,3445_right.jpg
0.73044677734375,1.0,0.73044677734375,1,1,1,1,1.0,2147_left.jpg
0.0203515625,0.755158349328215,0.055920787828373626,1,0,0,1,1.3524096385542168,1116_right.jpg
0.002626953125,0.44981412639405205,0.021873475361847455,1,0,0,0,6.651162790697675,884_right.jpg
0.63337646484375,0.9982230342557366,0.7810422687861271,1,1,0,1,1.233140655105973,2290_left.jpg
0.0,0.0,0.0,0,0,0,0,0.0,1256_right.jpg
0.05353759765625,0.43964613069451414,0.4754460898033519,1,0,0,0,7.779220779220779,254_left.jpg
0.043955078125,0.9696734059097978,0.30248655913978495,1,1,0,0,6.881720430107527,3810_left.jpg
0.51428955078125,0.9648189202147608,0.51428955078125,1,1,1,1,1.0,2444_right.jpg
0.506318359375,0.9972997473335005,0.7660608747044917,1,1,0,1,1.5130023640661938,4919_left.jpg
0.8359814453125,0.9999211490050173,0.8359814453125,1,1,1,1,1.0,2142_right.jpg
0.002041015625,0.6734449760765551,0.009411128997759791,1,0,0,1,1.995260663507109,3188_right.jpg
0.18623046875,0.7083770319874148,0.32387907608695654,1,1,0,1,1.7391304347826086,4722_right.jpg
0.182578125,0.9991843175010697,0.2965641952983725,1,0,0,0,1.212719298245614,2532_left.jpg
0.85220703125,0.9990116425641143,0.85220703125,1,1,1,1,1.0,760_left.jpg
0.00718505859375,0.3849813115868162,0.20854591836734693,0,0,0,0,8.0,89_right.jpg
0.29461669921875,0.7163124093639942,0.5766198394495413,1,1,0,0,1.9571865443425076,3839_left.jpg
0.0080126953125,0.6694088970140158,0.03396109271523179,1,1,0,1,4.23841059602649,3651_right.jpg
0.1397119140625,0.847237269772481,0.22023552955665024,1,1,0,1,1.5763546798029557,4648_left.jpg
0.0498486328125,0.9892741698501323,0.287853155134495,1,0,0,1,0.9311594202898551,4518_right.jpg
0.0468212890625,0.6977787047658776,0.2168181612626057,0,1,0,0,3.3703703703703702,1878_left.jpg
0.3053857421875,0.9718353772604448,0.5115322330001799,1,0,1,0,1.1969026548672566,575_left.jpg
0.7564404296875,0.9986154054699553,0.7564404296875,1,1,1,1,1.0,779_right.jpg
0.04477294921875,0.7109438900703419,0.17472370426829267,1,1,0,1,3.902439024390244,2192_right.jpg
0.0982177734375,0.25137956748695006,0.10171419902912622,1,1,0,1,1.035598705501618,4434_left.jpg
0.23041259765625,0.9023808766966528,0.34086501128668173,1,0,0,0,1.4108352144469527,2004_right.jpg
0.02803955078125,0.4245537657814541,0.16166948198198197,1,1,0,0,5.7657657657657655,1469_right.jpg
0.18138427734375,0.8095834174574332,0.24157754575812657,1,0,0,1,1.0825515947467168,876_right.jpg
0.00177734375,0.4697802197802198,0.12590799031476999,0,1,0,0,2.4081632653061225,1664_left.jpg
0.16132080078125,0.5047595986500598,0.34663526103743497,1,0,0,1,1.8385093167701863,4856_left.jpg
0.03625244140625,0.34264933665566705,0.2988207357321098,0,1,0,0,7.390243902439025,2102_left.jpg
0.000146484375,0.5666666666666667,0.19480519480519481,1,0,0,0,6.285714285714286,5111_left.jpg
0.02634765625,0.8068939955522609,0.06586552252378715,0,1,0,0,2.3688212927756656,1581_right.jpg
0.11935791015625,0.4416739961954632,0.19586939102564102,1,1,0,0,1.641025641025641,1626_right.jpg
0.06215576171875,0.6612592796260655,0.33295406988909815,0,1,0,0,3.6875,3427_left.jpg
0.69754638671875,0.9987470031324922,0.69754638671875,1,1,1,1,1.0,4681_right.jpg
0.86511474609375,1.0,0.86511474609375,1,1,1,1,1.0,3206_right.jpg
0.06008056640625,0.6817424519484742,0.11017639684813754,1,1,0,1,1.833810888252149,2418_right.jpg
0.16593017578125,0.9236665930993894,0.27369925902061853,1,1,0,1,1.6494845360824741,3894_left.jpg
0.05519287109375,0.9673110098642014,0.34294599514563107,1,1,0,0,6.213592233009709,2379_right.jpg
0.98322509765625,0.9997715585418483,0.98322509765625,1,1,1,1,1.0,3356_left.jpg
0.03532958984375,0.5235989219818948,0.20422535211267606,0,0,0,0,3.5140845070422535,1406_right.jpg
0.01552978515625,0.7843106429806634,0.053041484260996453,1,0,0,0,2.368888888888889,3680_left.jpg
0.24890869140625,0.9272115582670446,0.24890869140625,1,1,1,1,1.0,5286_left.jpg
0.88364013671875,0.9996380605571658,0.88364013671875,1,1,1,1,1.0,1096_right.jpg
0.17047119140625,0.8598496240601504,0.28191618217054265,1,1,0,1,1.6537467700258397,1692_right.jpg
0.26408447265625,0.9764904917305328,0.36701297467495453,0,1,0,0,1.0413533834586466,1315_right.jpg
0.044150390625,0.4666556071665561,0.4728213977566868,0,1,0,0,10.278688524590164,3843_left.jpg
0.3271728515625,0.5446011491679725,0.4581851750547046,1,1,0,1,1.400437636761488,1568_right.jpg
0.05147216796875,0.8994450505146326,0.16227678571428572,1,1,0,0,3.1527093596059115,905_left.jpg
0.2704541015625,0.5056058062070086,0.2704541015625,1,1,1,1,1.0,5262_left.jpg
0.0007861328125,0.6428571428571429,0.07304900181488204,0,0,0,0,5.241379310344827,3087_left.jpg
0.03785888671875,0.8211130457212872,0.12957052139037434,1,1,0,0,3.4224598930481283,741_left.jpg
0.03475830078125,1.0,0.7319794344473007,0,0,0,0,7.78,1959_right.jpg
0.01742431640625,0.9744990892531876,0.21918186843559978,0,1,0,0,4.962962962962963,481_left.jpg
0.1181591796875,0.9622711682300922,0.3215215773809524,0,0,0,0,2.296875,1735_right.jpg
0.32768310546875,1.0,0.5005183472553699,1,0,1,1,0.6546875,1747_right.jpg
0.43394775390625,0.9999324875523925,0.5834591649159664,1,1,0,1,1.3445378151260505,37_left.jpg
0.0,0.0,0.0,0,0,0,0,0.0,2185_right.jpg
0.16656982421875,0.7868146041889574,0.18702576754385966,1,1,0,1,1.1228070175438596,3980_left.jpg
0.0836767578125,0.5489292174826399,0.22501313025210085,1,1,0,0,2.689075630252101,535_left.jpg
0.31628662109375,0.809464998340422,0.35082051559792027,1,1,0,0,1.1091854419410745,3338_left.jpg
0.1110009765625,0.6538292350327718,0.18485119531631158,0,1,0,0,1.2704545454545455,1855_right.jpg
0.0,0.0,0.0,0,0,0,0,0.0,3892_left.jpg
0.0682470703125,0.990734778564785,0.18895370451734136,0,1,0,1,2.589958158995816,861_right.jpg
0.23693359375,0.9981246393537219,0.36104166666666665,1,1,0,0,1.5238095238095237,810_right.jpg
0.0,0.0,0.0,0,0,0,0,0.0,1200_right.jpg
0.1103564453125,0.9535418786779346,0.4359760802469136,1,1,0,0,3.950617283950617,4349_left.jpg
0.0001416015625,0.8448275862068966,0.3815789473684211,1,0,0,1,0.42105263157894735,3200_left.jpg
0.5527294921875,0.9899159886571436,0.600588921901528,1,1,0,1,1.0865874363327674,5018_right.jpg
0.141767578125,0.3879933870634429,0.2563029661016949,1,1,0,0,1.807909604519774,2522_left.jpg
0.0,0.0,0.0,0,0,0,0,0.0,2201_left.jpg
0.04154541015625,0.4783451842275372,0.1552901023890785,1,0,0,0,3.1336898395721926,3383_right.jpg
2.9296875e-05,1.0,1.0,1,0,0,1,1.3333333333333333,1312_left.jpg
0.8128076171875,1.0,0.8128076171875,1,1,1,1,1.0,3013_left.jpg
0.0009228515625,1.0,0.8181818181818182,0,0,0,1,3.8181818181818183,4585_right.jpg
0.0,0.0,0.0,0,0,0,0,0.0,2432_left.jpg
0.07668701171875,0.9773009455286364,0.10919678086596792,0,1,0,0,1.401766004415011,3567_left.jpg
0.1025439453125,0.9866434931669921,0.11199338737201366,1,1,0,1,1.0921501706484642,2660_right.jpg
0.10694580078125,0.8808583495034813,0.15076060022026433,1,1,0,0,1.4096916299559472,1370_left.jpg
0.00051025390625,0.47368421052631576,0.12094907407407407,0,0,0,0,3.0,5322_left.jpg
2.44140625e-05,1.0,0.5555555555555556,0,0,0,0,4.5,4075_left.jpg
0.739541015625,0.9990360363929274,0.739541015625,1,1,1,1,1.0,762_left.jpg
0.06904296875,0.9817538896746818,0.13895440251572327,1,1,0,1,2.0125786163522013,4481_left.jpg
0.093251953125,0.702167766258247,0.1455640243902439,1,1,0,1,1.5609756097560976,3789_right.jpg
0.0771044921875,0.41203850294471533,0.15616099683544304,1,1,0,1,2.0253164556962027,2025_left.jpg
0.01514892578125,0.4386784850926672,0.18972054057359505,0,0,0,0,6.869565217391305,1528_right.jpg
0.05160400390625,0.41160051095235844,0.28970668859649124,1,1,0,0,5.614035087719298,2716_right.jpg
0.610400390625,0.999512039036877,0.9148858313817331,1,1,0,1,1.4988290398126465,1895_left.jpg
0.00021240234375,0.8275862068965517,0.025846702317290554,0,0,0,0,27.818181818181817,3723_left.jpg
0.5342919921875,0.9999040421118046,0.5342919921875,1,1,1,1,1.0,3115_right.jpg
0.88032958984375,0.9995229947057959,0.88032958984375,1,1,1,1,1.0,567_right.jpg
0.08454833984375,0.5359648869509976,0.18788519965277778,1,1,0,0,2.2222222222222223,2721_right.jpg
0.004150390625,0.8023529411764706,0.020570156333188132,1,0,0,1,2.195876288659794,634_right.jpg
0.0238525390625,0.9502558853633573,0.3161812297734628,1,0,0,0,8.583333333333334,3149_left.jpg
0.01632080078125,0.38010471204188484,0.0541721027851835,1,0,0,0,1.4775086505190311,1874_left.jpg
0.00445556640625,1.0,0.7556935817805382,0,0,0,0,1.9714285714285715,5085_left.jpg
0.021123046875,0.6276005547850209,0.1628765060240964,1,1,0,0,7.710843373493976,3994_left.jpg
0.0596337890625,0.9920167035126505,0.3363767816566825,1,0,0,1,0.7605177993527508,3417_left.jpg
0.228310546875,0.9888896017793747,0.31973468271334793,1,1,0,1,1.400437636761488,2767_left.jpg
0.22618408203125,0.9903178800798748,0.2290471716772152,1,1,1,0,1.0126582278481013,1159_right.jpg
0.0,0.0,0.0,0,0,0,0,0.0,3237_right.jpg
0.4405029296875,0.9954220473313751,0.4405029296875,1,1,1,1,1.0,1598_right.jpg
0.3463720703125,0.6289313052426801,0.46866411205073993,1,1,1,0,1.3530655391120507,4207_right.jpg
0.0919140625,0.842674245643859,0.15055466244371396,1,0,0,1,1.3779342723004695,567_left.jpg
0.0,0.0,0.0,0,0,0,0,0.0,240_left.jpg
0.1307568359375,0.674931849583629,0.15078265765765766,1,1,0,1,1.1531531531531531,3254_left.jpg
0.0,0.0,0.0,0,0,0,0,0.0,2123_left.jpg
0.002861328125,0.6638225255972696,0.009609077790895973,1,0,0,1,3.111111111111111,777_right.jpg
0.0522021484375,0.8826583107286503,0.18005136625826282,1,0,0,0,1.1968253968253968,1177_right.jpg
0.28635009765625,0.9711396635660633,0.3975359273318872,1,1,0,1,1.3882863340563991,5323_right.jpg
0.04286865234375,0.5439945327182641,0.10431915399239544,1,1,0,0,2.4334600760456273,3825_left.jpg
0.08872802734375,0.9645874033514019,0.19380866040955633,1,1,0,0,2.1843003412969284,3880_right.jpg
0.000244140625,1.0,0.6944444444444444,0,1,0,1,1.7777777777777777,359_left.jpg
0.0,0.0,0.0,0,0,0,0,0.0,3085_right.jpg
0.0023876953125,0.4437627811860941,0.1462976813762154,0,0,0,0,5.457142857142857,1680_left.jpg
0.1167333984375,0.5753126699293094,0.21654891304347826,1,1,0,1,1.855072463768116,3378_left.jpg
0.0370068359375,0.8540704578440428,0.16447482638888888,1,1,0,0,4.444444444444445,829_left.jpg
0.2743408203125,0.9985138382130462,0.4719842069892473,1,1,0,1,1.7204301075268817,2651_right.jpg
0.084248046875,0.6860148371392141,0.12597838785046728,1,1,0,1,1.4953271028037383,2234_left.jpg
0.03325927734375,0.299860529986053,0.07114283923796791,1,0,0,1,1.3689839572192513,5233_left.jpg
0.38273681640625,0.647870433567861,0.4151721398305085,1,1,0,1,1.0847457627118644,1357_left.jpg
0.09083740234375,0.6880963259601688,0.17048662023460412,1,1,0,1,1.8768328445747802,4039_right.jpg
0.01091064453125,0.9283956142313716,0.243728184991274,1,0,0,0,7.958333333333333,5258_left.jpg
0.15102294921875,0.9944874634248856,0.18107546396580995,1,0,0,0,1.0155172413793103,821_right.jpg
0.011064453125,0.7722859664607238,0.0825907094563811,0,1,0,0,6.626373626373627,1475_right.jpg
0.09714111328125,0.5671416723214959,0.18285386029411765,1,1,0,1,1.8823529411764706,1789_right.jpg
0.12096923828125,0.5326040888817131,0.2921521226415094,1,1,0,1,2.4150943396226414,3179_right.jpg
0.00904541015625,0.5843454790823212,0.10143737166324435,0,1,0,0,6.493333333333333,3879_left.jpg
0.00037109375,1.0,0.8,0,1,0,0,1.9,4345_right.jpg
0.17200439453125,0.6429818460533973,0.29433907085561495,1,1,0,0,1.7112299465240641,536_left.jpg
0.581904296875,0.9992909527245876,0.59587,1,1,0,1,1.024,3731_left.jpg
0.01293212890625,0.49575231262979047,0.032079699612403104,1,1,0,0,2.4806201550387597,4259_left.jpg
0.03472900390625,0.44808435852372586,0.09922572544642858,1,1,0,1,2.857142857142857,3173_left.jpg
0.03447265625,0.9936260623229461,0.22759509993552546,1,0,0,1,1.123404255319149,1279_right.jpg
0.001337890625,1.0,0.586096256684492,0,0,0,1,3.235294117647059,1263_left.jpg
0.37657958984375,0.9048150045057602,0.43980098083941604,1,1,1,0,1.167883211678832,4616_left.jpg
0.23804443359375,0.9997025732541562,0.26087061215753427,1,1,0,1,1.095890410958904,5176_left.jpg
0.0811083984375,0.7646439106616097,0.24370598591549295,1,1,0,0,3.004694835680751,386_right.jpg
0.00279052734375,1.0,0.8294629898403484,1,0,0,0,2.0384615384615383,3552_right.jpg
0.2867236328125,0.9804754687420173,0.5445196587537092,1,1,0,0,1.8991097922848665,890_left.jpg
0.7181005859375,0.9999830009451475,0.859036214953271,1,1,0,1,1.1962616822429906,260_left.jpg
0.22066162109375,0.9889470365002269,0.43109731085863645,1,0,1,0,0.8453815261044176,4791_right.jpg
0.2900341796875,0.9993265879896968,0.5508067507418397,1,1,0,0,1.8991097922848665,3629_left.jpg
0.49234619140625,0.9962115389383384,0.49234619140625,1,1,1,1,1.0,2573_left.jpg
0.00313720703125,0.778988326848249,0.009515699052132702,1,1,0,1,3.0331753554502368,5060_left.jpg
0.0559814453125,0.4458351504579154,0.13833252895752896,1,1,0,1,2.471042471042471,1708_left.jpg
0.660107421875,0.9919224794733338,0.6858258928571429,1,1,0,0,1.0389610389610389,5079_right.jpg
0.1299072265625,0.3825596692351062,0.18192696936542668,1,1,0,1,1.400437636761488,2011_left.jpg
0.00332763671875,1.0,0.5726890756302521,0,0,0,0,1.9428571428571428,1210_left.jpg
0.55384033203125,0.9986334763040383,0.55384033203125,1,1,1,1,1.0,4960_left.jpg
0.0,0.0,0.0,0,0,0,0,0.0,786_left.jpg
0.9636181640625,1.0,0.9636181640625,1,1,1,1,1.0,3224_right.jpg
0.7612158203125,0.9999711347877124,0.7612158203125,1,1,1,1,1.0,1088_right.jpg
0.007216796875,0.7083897158322057,0.13068081343943413,0,1,0,0,8.365384615384615,2807_left.jpg
0.01322265625,1.0,0.4734265734265734,0,0,0,0,1.4772727272727273,1229_right.jpg
0.30703369140625,0.917621520185113,0.5198454034391534,1,1,0,1,1.693121693121693,1414_right.jpg
0.0383154296875,0.5716197272843124,0.29314853556485354,1,0,0,0,4.267857142857143,828_right.jpg
0.03212646484375,0.9227144919826734,0.3929232606748283,0,1,0,0,4.635294117647059,517_left.jpg
0.25106689453125,0.5956221982360435,0.298666937732342,1,1,0,1,1.1895910780669146,2791_right.jpg
0.0287890625,0.4718453188602442,0.21424418604651163,1,1,0,0,7.441860465116279,609_left.jpg
0.13822021484375,0.7687891901439547,0.2773070141065831,1,1,0,1,2.006269592476489,1170_right.jpg
0.04260009765625,0.5109748409650983,0.2683470718503937,0,0,0,0,3.96875,4336_left.jpg
0.02892822265625,1.0,0.49509046086992853,1,0,0,0,2.89010989010989,2304_right.jpg
0.47375244140625,1.0,0.9105152027027027,1,1,0,0,1.921921921921922,3721_right.jpg
0.57181396484375,0.9565100441901672,0.57181396484375,1,1,1,1,1.0,3514_left.jpg
0.0,0.0,0.0,0,0,0,0,0.0,1199_right.jpg
0.0275634765625,0.3796279893711249,0.2205078125,1,1,0,0,8.0,2971_left.jpg
0.12861328125,0.9937357630979499,0.20681532663316582,1,1,0,1,1.6080402010050252,4846_right.jpg
0.25867431640625,0.9995469689390579,0.5125435371517028,1,1,0,0,1.9814241486068112,4572_right.jpg
0.2277734375,0.9878129823357915,0.359051724137931,1,1,0,1,1.5763546798029557,1811_right.jpg
0.06358642578125,0.6441159531579957,0.12257624246987951,1,1,0,1,1.927710843373494,5127_right.jpg
0.1203564453125,0.49803237453852084,0.1883328239608802,1,1,0,1,1.56479217603912,4780_left.jpg
0.8787255859375,1.0,0.8787255859375,1,1,1,1,1.0,765_left.jpg
0.1907373046875,0.9846529964416455,0.31461823453608245,1,1,0,1,1.6494845360824741,4504_right.jpg
0.000107421875,0.7045454545454546,0.4074074074074074,0,0,0,0,6.75,4510_left.jpg
0.0614306640625,0.6462920276607583,0.08698147123893805,1,1,0,0,1.415929203539823,742_right.jpg
0.04253173828125,0.4640376557028873,0.12357071925095758,0,1,0,0,2.0075471698113208,1595_left.jpg
0.224521484375,0.9880061763298682,0.5841209349593496,1,1,0,1,2.6016260162601625,1908_right.jpg
0.045693359375,0.8880102586022655,0.22592950265572187,0,1,0,0,3.585526315789474,5105_right.jpg
0.21881103515625,0.9939191073919107,0.3764490927419355,1,1,0,0,1.7204301075268817,4435_left.jpg
0.006875,0.8252840909090909,0.11851851851851852,0,1,0,0,6.6,5326_left.jpg
0.8324462890625,0.9999736047159574,0.8565363745980707,1,1,0,1,1.0289389067524115,727_left.jpg
0.09473876953125,0.7706996521066872,0.20980211937716264,1,1,0,0,2.2145328719723185,3181_left.jpg
0.0032958984375,0.9318518518518518,0.3636853448275862,0,1,0,0,1.103448275862069,128_right.jpg
0.27413818359375,0.9847533552414794,0.3881602599557522,1,1,0,1,1.415929203539823,1876_right.jpg
0.29136474609375,0.6697166989266232,0.3860733695652174,1,1,0,0,1.3250517598343685,4910_left.jpg
0.0031005859375,0.8574803149606299,0.4703703703703704,0,1,0,0,4.32,269_left.jpg
0.00201171875,0.6201456310679612,0.508641975308642,0,0,0,0,0.45,2761_left.jpg
0.0260205078125,0.9179020454118971,0.422032153322246,1,0,0,0,6.786885245901639,2695_left.jpg
0.0148046875,0.9886213720316622,0.1956633970056789,1,0,0,0,1.395973154362416,4080_left.jpg
0.0,0.0,0.0,0,0,0,0,0.0,2228_right.jpg
0.36113037109375,0.9967008971126089,0.36113037109375,1,1,1,1,1.0,4191_right.jpg
0.25215576171875,0.9994868468189344,0.3411832716701903,1,1,0,1,1.3530655391120507,592_left.jpg
0.06696044921875,1.0,0.4464029947916667,1,1,0,0,6.666666666666667,4479_right.jpg
0.28029296875,0.995104870740715,0.6820817490494296,1,1,0,1,2.4334600760456273,124_left.jpg
0.05957763671875,0.5605048559603327,0.20719665129864065,0,1,0,1,1.8995983935742973,50_right.jpg
0.172958984375,0.6249505956750042,0.3491916403785489,1,1,0,1,2.0189274447949526,4633_right.jpg
0.2108251953125,0.9594344211038284,0.27877711776859504,1,1,0,0,1.322314049586777,2282_right.jpg
0.30595703125,0.9911506543249282,0.4105083857442348,1,1,0,0,1.3417190775681342,3570_right.jpg
0.80491455078125,1.0,0.8571469425956739,1,1,0,1,1.064891846921797,4187_right.jpg
0.00740966796875,0.9304777594728171,0.18481305565704542,0,0,0,0,9.30952380952381,107_right.jpg
0.24797607421875,0.915280936487777,0.28544008543165467,1,1,0,1,1.1510791366906474,3331_right.jpg
0.20299072265625,0.6896866919237477,0.6337271341463414,1,1,0,0,3.1219512195121952,32_left.jpg
0.03399169921875,0.8812755871579401,0.07660101232394366,1,1,0,1,2.2535211267605635,5223_left.jpg
0.2638720703125,0.9988712274014174,0.46395089285714286,1,1,0,1,1.7582417582417582,833_left.jpg
0.22581787109375,0.7276825774366182,0.42360888481795284,1,0,0,1,1.385390428211587,3349_right.jpg
0.1677197265625,0.9309586887536755,0.25679575358851675,1,1,0,0,1.5311004784688995,2518_right.jpg
0.27883544921875,0.9903336806437208,0.2828125,0,1,1,1,0.9859375,3519_left.jpg
0.85098388671875,1.0,0.8644915674603174,1,1,0,1,1.0158730158730158,707_left.jpg
0.22127685546875,0.9980029789816296,0.35761916035353536,1,1,0,1,1.6161616161616161,2553_left.jpg
0.29489013671875,0.7404439219452424,0.4741951947236181,1,1,0,1,1.6080402010050252,1167_right.jpg
0.18451904296875,0.978631630479366,0.45073354007633587,1,1,0,0,2.4427480916030535,5338_left.jpg
0.16317138671875,0.7395675918306277,0.38821445167286245,1,1,0,0,2.379182156133829,3633_right.jpg
0.06382080078125,0.8485138288512298,0.30213823393435046,1,0,0,0,1.9619047619047618,5288_left.jpg
0.0,0.0,0.0,0,0,0,0,0.0,848_left.jpg
0.0,0.0,0.0,0,0,0,0,0.0,1204_right.jpg
0.10938232421875,0.5003905988438274,0.272391780155642,1,1,0,0,2.490272373540856,3838_left.jpg
0.13001220703125,0.7234146433064804,0.39099118942731276,1,0,0,0,2.643171806167401,481_right.jpg
0.0180712890625,0.3682788435557957,0.04752487961476726,1,0,0,0,2.492,3344_left.jpg
0.80746337890625,0.9965168698996484,0.80746337890625,1,1,1,1,1.0,1565_left.jpg
0.132099609375,0.9997782213351075,0.42124439461883406,1,0,0,0,0.6457399103139013,3742_left.jpg
0.8612255859375,1.0,0.8790819377990431,1,1,0,1,1.0207336523125996,3052_left.jpg
0.540634765625,0.6858844674048518,0.55361,1,1,1,0,1.024,742_left.jpg
0.46767333984375,0.9987105800301734,0.5615589821763602,1,1,0,1,1.200750469043152,4538_left.jpg
0.02414306640625,0.44979269895843865,0.050312385526476454,0,1,0,1,2.032154340836013,1194_right.jpg
0.214609375,0.5166659082635603,0.2897679324894515,1,1,0,1,1.350210970464135,594_left.jpg
0.79546142578125,1.0,0.8658083545918367,1,1,0,1,1.08843537414966,2939_left.jpg
0.00544921875,0.9798387096774194,0.01005043227665706,1,1,0,1,1.8443804034582132,2215_left.jpg
0.20199462890625,1.0,0.6768406413612565,1,1,0,0,3.350785340314136,5078_left.jpg
0.02404052734375,0.9362242307301716,0.26241172551632247,1,0,0,0,4.157894736842105,4321_left.jpg
0.1330078125,0.5852422907488987,0.24531700288184438,1,1,0,1,1.8443804034582132,1081_right.jpg
0.05611328125,0.8904020187956839,0.4066884897814739,1,0,0,0,7.134831460674158,59_left.jpg
0.03552001953125,0.4379682452402227,0.20297154017857144,1,1,0,0,5.714285714285714,2648_left.jpg
0.01237060546875,0.6615354253009671,0.08539791687733846,0,0,0,0,1.7150537634408602,2085_left.jpg
0.0554736328125,0.5807147258163894,0.110947265625,1,1,0,1,2.0,3737_left.jpg
0.47245361328125,0.9995814321222425,0.6312532620041754,1,1,0,0,1.336116910229645,4554_right.jpg
0.82669677734375,0.9999645615226732,0.82669677734375,1,1,1,1,1.0,259_left.jpg
0.0146826171875,1.0,0.4557787040545661,0,0,0,0,0.6275862068965518,346_right.jpg
0.31699462890625,0.9574864642139231,0.5021697091584159,1,1,0,0,1.5841584158415842,3388_left.jpg
0.0001171875,1.0,0.6666666666666666,1,0,0,0,2.0,1270_right.jpg
0.2811328125,0.5210070168125608,0.47852393617021277,1,1,0,1,1.702127659574468,3492_right.jpg
0.4917724609375,0.998878022141687,0.4917724609375,1,1,1,1,1.0,4662_left.jpg
0.00954345703125,0.7984139166027117,0.03077952755905512,1,0,0,1,3.175,2536_right.jpg
0.13947998046875,0.8468607236001471,0.31321820175438597,1,1,0,0,2.245614035087719,2515_left.jpg
0.4888818359375,0.7547916063242212,0.5859257958801498,1,1,0,1,1.198501872659176,529_left.jpg
0.38827880859375,1.0,0.5242583069620254,1,1,0,1,1.350210970464135,1637_right.jpg
0.88555908203125,1.0,0.88555908203125,1,1,1,1,1.0,3366_left.jpg
0.045576171875,0.5682451253481894,0.5368069933287325,1,0,0,0,4.108695652173913,3185_left.jpg
0.00742431640625,1.0,0.446156103286385,0,0,0,1,1.352112676056338,2170_left.jpg
0.01882080078125,1.0,0.7118847539015606,1,0,0,1,1.3076923076923077,2848_right.jpg
0.00165283203125,0.6189069423929099,0.09616477272727272,1,1,0,1,58.18181818181818,360_left.jpg
0.00055419921875,0.44052863436123346,0.002136671686746988,1,1,0,1,3.855421686746988,3306_right.jpg
0.5647802734375,0.9999005766553987,0.8881065724815724,1,1,0,1,1.5724815724815724,275_right.jpg
0.20069580078125,0.9020740830849705,0.5442597987288136,1,1,0,1,2.711864406779661,3960_right.jpg
0.35524658203125,0.9989004116583854,0.5890098769430052,1,1,0,0,1.6580310880829014,1553_right.jpg
0.01865966796875,0.2819573465916525,0.07856702302631578,1,1,0,0,4.2105263157894735,654_left.jpg
0.0427880859375,0.426680360607098,0.10104935424354243,1,1,0,0,2.3616236162361623,1709_right.jpg
0.01333251953125,0.9221754257462004,0.6166440831074977,0,1,0,0,6.833333333333333,4701_right.jpg
0.0,0.0,0.0,0,0,0,0,0.0,2993_left.jpg
0.59462646484375,0.9993636038906384,0.7626471693386774,1,1,0,1,1.282565130260521,1557_right.jpg
0.58153076171875,0.9996305547975398,0.58153076171875,1,1,1,1,1.0,732_right.jpg
0.2859375,0.8754439890710383,0.29516129032258065,1,1,0,1,1.032258064516129,5263_right.jpg
0.55046142578125,0.8388736367305484,0.55046142578125,1,1,1,1,1.0,3422_right.jpg
0.34894287109375,0.9863636681662667,0.6808641387195122,1,1,0,0,1.951219512195122,2347_left.jpg
0.0,0.0,0.0,0,0,0,0,0.0,2805_right.jpg
0.00385009765625,0.7704502219403931,0.1532555879494655,1,0,0,0,23.333333333333332,2675_right.jpg
0.00093994140625,1.0,0.7,0,0,0,0,1.1363636363636365,4621_right.jpg
0.0,0.0,0.0,0,0,0,0,0.0,355_right.jpg
0.2227392578125,0.7155117609663064,0.33621020047169814,1,1,0,1,1.509433962264151,2484_right.jpg
0.13654541015625,0.48599116737291925,0.14468387831125828,1,1,0,1,1.0596026490066226,2840_right.jpg
0.18148681640625,0.9705530220482398,0.38977034395973154,1,1,0,1,2.1476510067114094,5139_left.jpg
0.62445068359375,0.6882220701788682,0.62445068359375,1,1,1,1,1.0,3321_left.jpg
0.24636962890625,0.9906652264822173,0.3827101031553398,1,1,0,0,1.5533980582524272,3337_right.jpg
0.228291015625,0.9820443170637806,0.4854028239202658,1,1,0,0,2.12624584717608,2372_left.jpg
0.0617236328125,0.578395696542995,0.19817362335880853,1,0,0,1,1.2857142857142858,4365_right.jpg
2.685546875e-05,1.0,0.6875,0,0,0,0,1.0,962_right.jpg
0.0037158203125,1.0,0.6039682539682539,0,0,0,0,3.2142857142857144,2802_left.jpg
0.0790234375,0.9999073158675235,0.7383211678832117,0,1,0,0,1.7125,4196_right.jpg
0.000390625,0.69375,0.0074962518740629685,1,0,0,1,0.09913793103448276,2223_left.jpg
0.0533544921875,0.9006589182758306,0.2974142623843223,1,0,0,0,2.6347305389221556,3751_right.jpg
0.08976806640625,0.9727759797655634,0.26721656976744185,1,1,0,0,2.9767441860465116,2105_right.jpg
0.0,0.0,0.0,0,0,0,0,0.0,250_right.jpg
0.09051025390625,0.9918808836619643,0.22109375,1,1,0,1,2.4427480916030535,2401_left.jpg
0.99550537109375,0.999889640694626,0.99550537109375,1,1,1,1,1.0,4233_right.jpg
0.18909912109375,0.8830934090762378,0.3244596179624665,1,1,0,0,1.7158176943699732,1069_right.jpg
0.5064013671875,1.0,0.7218193207126948,1,1,0,1,1.4253897550111359,4222_right.jpg
0.01832763671875,0.7816704409218063,0.22433062395409992,1,0,0,0,3.7872340425531914,3919_left.jpg
0.00081298828125,0.9519519519519519,0.07855626326963906,1,0,0,0,0.17197452229299362,1129_left.jpg
0.0,0.0,0.0,0,0,0,0,0.0,783_left.jpg
0.12321044921875,1.0,0.5497494553376906,0,1,0,0,2.8333333333333335,4744_left.jpg
0.245703125,0.556160572337043,0.5206953642384106,1,1,0,1,2.119205298013245,3818_left.jpg
0.00137939453125,1.0,0.628476084538376,0,0,0,0,1.0689655172413792,4327_left.jpg
0.10518310546875,0.751270802868881,0.20841234520123839,1,1,0,0,1.9814241486068112,1530_left.jpg
0.03247314453125,0.6522066010074431,0.17175878099173553,1,1,0,0,5.289256198347108,2106_right.jpg
0.0,0.0,0.0,0,0,0,0,0.0,223_right.jpg
0.67489501953125,1.0,0.7824869791666667,1,1,0,1,1.1594202898550725,1940_left.jpg
0.31680908203125,0.8078064192964205,0.3507920631487889,1,1,0,0,1.1072664359861593,3333_left.jpg
0.204833984375,0.995554231227652,0.2714156314699793,1,1,0,1,1.3250517598343685,1542_right.jpg
0.1008251953125,0.5458617850743377,0.28936378923766815,1,1,0,1,2.8699551569506725,4839_left.jpg
0.28722900390625,0.9971440471232225,0.532830615942029,1,1,0,0,1.855072463768116,3628_right.jpg
0.227509765625,0.9966841224191956,0.5433069029850747,1,1,0,1,2.388059701492537,2205_left.jpg
0.01507080078125,0.647173173497489,0.08848910550458716,1,1,0,0,5.871559633027523,3462_left.jpg
0.76380615234375,0.9981173387032332,0.7759300595238096,1,1,0,1,1.0158730158730158,1394_right.jpg
0.0001416015625,1.0,0.8787878787878788,0,1,0,1,0.5454545454545454,1261_right.jpg
0.474765625,0.9914328616093467,0.5776615969581749,1,1,0,1,1.2167300380228137,5177_left.jpg
0.389296875,0.9918159241420831,0.3973684210526316,1,1,0,1,1.0207336523125996,4847_left.jpg
0.43117919921875,0.977532543273069,0.6358402937788018,1,1,0,0,1.4746543778801844,62_right.jpg
0.39973876953125,0.9972149780435221,0.5478218683083512,1,1,0,1,1.3704496788008564,1810_right.jpg
0.21519287109375,0.8310359302497079,0.34866693037974683,1,1,0,1,1.620253164556962,5220_left.jpg
0.72218017578125,0.9973293216815131,0.72218017578125,1,1,1,1,1.0,2626_left.jpg
0.48555419921875,0.9993212089519969,0.5529442838078292,1,1,0,1,1.1387900355871887,3722_right.jpg
0.03375,0.9783709490740741,0.09974025974025974,1,0,0,1,2.8636363636363638,5227_left.jpg
0.17698486328125,0.5418868028637248,0.2684130627962085,1,1,0,1,1.5165876777251184,1691_right.jpg
0.12463623046875,0.5260425848661143,0.25084021226415093,1,1,0,1,2.0125786163522013,2971_right.jpg
0.072646484375,1.0,0.7544624746450305,1,0,0,0,1.3647058823529412,2274_right.jpg
0.14168701171875,0.5479279744981477,0.21956340799031476,1,1,0,0,1.549636803874092,2611_right.jpg
0.89805419921875,1.0,0.89805419921875,1,1,1,1,1.0,5020_left.jpg
0.17877685546875,0.9824791402078469,0.322716695753345,1,0,0,0,1.5549738219895288,2648_right.jpg
0.07722900390625,0.7119463851041634,0.08701859595070423,1,1,1,0,1.1267605633802817,1600_right.jpg
0.0382958984375,0.7175188065791152,0.1124283256880734,1,1,0,1,2.9357798165137616,4471_right.jpg
0.0,0.0,0.0,0,0,0,0,0.0,4602_right.jpg
0.28426513671875,0.9994932795121741,0.5011837121212122,1,1,0,0,1.7630853994490359,5218_right.jpg
0.11,0.6892311789772727,0.19287671232876713,1,1,0,1,1.7534246575342465,2499_left.jpg
0.01462646484375,0.4114505090969788,0.061773075971294236,1,0,0,1,2.0787037037037037,4933_left.jpg
0.00602294921875,0.8240778273206324,0.10380812118661897,1,0,0,0,9.89795918367347,2293_left.jpg
0.1464453125,0.9371332355294745,0.2685530085959885,1,1,0,1,1.833810888252149,4472_right.jpg
0.26536376953125,1.0,0.6903772865853659,1,1,0,0,2.6016260162601625,4281_right.jpg
0.00064208984375,1.0,0.7623188405797101,0,0,0,0,1.5333333333333334,142_left.jpg
0.0003173828125,1.0,0.5158730158730159,0,0,0,0,7.0,2799_left.jpg
0.036083984375,0.9941813261163734,0.24677341258577798,0,1,0,0,5.871287128712871,1385_left.jpg
0.23512451171875,0.9816316570965766,0.3878342461340206,1,1,0,0,1.6494845360824741,1405_left.jpg
0.170439453125,0.5808170515097691,0.37102465986394556,1,1,0,1,2.17687074829932,1769_left.jpg
0.2794384765625,0.9726362508518408,0.34861720272904484,1,1,0,0,1.2475633528265107,940_left.jpg
0.00078857421875,0.8297213622291022,0.6117424242424242,0,0,0,0,14.666666666666666,4677_left.jpg
0.89021728515625,0.9998546483724732,0.9401634694719472,1,1,0,1,1.056105610561056,4174_right.jpg
0.05262939453125,0.37143387298789254,0.06959258780991735,1,1,0,0,1.322314049586777,1414_left.jpg
0.244599609375,0.9459615922066515,0.3112588542313906,1,0,0,1,1.1903846153846154,1401_right.jpg
0.00171142578125,0.6547788873038516,0.01483283961066441,0,0,0,0,1.6352941176470588,2333_left.jpg
0.80435546875,0.9980270985600854,0.80435546875,1,1,1,1,1.0,752_right.jpg
0.25161865234375,0.9016426845715727,0.2576575,1,1,0,1,1.024,4203_right.jpg
0.19446044921875,0.5217260298050245,0.34097174657534246,1,1,0,0,1.7534246575342465,4033_right.jpg
0.21207275390625,0.8535198296206757,0.2513454861111111,1,1,0,1,1.1851851851851851,4688_left.jpg
0.06736572265625,0.6457072445910195,0.1418225740131579,1,1,0,1,2.1052631578947367,3555_right.jpg
0.01459228515625,0.534214488874017,0.10217617997504146,0,0,0,0,4.747747747747748,890_right.jpg
0.02681884765625,0.9971779699590351,0.1185772884283247,0,1,0,0,0.40208333333333335,2064_right.jpg
0.6758203125,0.9999385873648922,0.6758203125,1,1,1,1,1.0,1563_right.jpg
0.12915771484375,0.7692380394306562,0.17221028645833333,1,1,0,1,1.3333333333333333,1153_right.jpg
0.409892578125,0.9999821313701666,0.6114947552447553,1,1,0,0,1.491841491841492,5209_right.jpg
0.02783447265625,0.9850890272783089,0.07711715367965367,1,1,0,1,2.7705627705627704,1301_right.jpg
0.31720947265625,0.9998306767542273,0.31720947265625,1,1,1,1,1.0,3369_right.jpg
0.16968505859375,0.9869789793246335,0.17156151263823063,0,1,1,1,0.9890625,4903_right.jpg
0.3909912109375,0.9962784889166406,0.49748384691848907,1,1,0,1,1.2723658051689861,1829_right.jpg
0.0,0.0,0.0,0,0,0,0,0.0,1124_right.jpg
0.0656787109375,0.9492974500037172,0.19984251500564568,0,1,0,1,2.967136150234742,3865_left.jpg
0.1059521484375,0.9237061615742661,0.1707305558833943,1,0,0,0,1.2117903930131004,4746_right.jpg
0.07312744140625,0.8838513671418555,0.5549421028253821,0,1,0,0,3.3464566929133857,1254_left.jpg
0.0237060546875,0.5320288362512874,0.07943390052356021,1,1,0,0,3.350785340314136,2985_right.jpg
0.03310791015625,0.7714032888430057,0.09719753440366972,1,1,0,1,2.9357798165137616,4487_right.jpg
0.00751953125,0.5357142857142857,0.038103721298495645,1,0,0,1,2.1927083333333335,4171_left.jpg
0.857548828125,0.9984939587532597,0.857548828125,1,1,1,1,1.0,2564_right.jpg
0.00116943359375,1.0,0.6652777777777777,0,0,0,0,1.25,2184_right.jpg
0.05547607421875,0.7443999471900717,0.13038289179992998,0,0,0,1,1.9235880398671097,4683_left.jpg
2.197265625e-05,1.0,0.5,0,0,0,0,4.5,3474_right.jpg
0.01195068359375,0.7323799795709908,0.049655102454859,1,0,0,0,2.849462365591398,2763_right.jpg
0.14239990234375,0.796663637766386,0.21817943778405371,0,1,0,1,1.508313539192399,2976_left.jpg
0.00739501953125,0.7821063057114559,0.0142598215756891,0,0,0,0,1.6666666666666667,2758_left.jpg
0.02574951171875,0.5995069688062956,0.15401577102803737,1,1,0,0,5.981308411214953,394_right.jpg
0.086787109375,0.9507707887926184,0.2116431097510151,1,0,0,1,2.2372262773722627,2475_left.jpg
0.0185791015625,0.2363994743758213,0.11009837962962964,1,1,0,0,5.925925925925926,1447_right.jpg
0.04630859375,0.6874209194432729,0.184083850931677,1,1,0,0,3.9751552795031055,1584_left.jpg
0.02928466796875,0.39391413088787,0.1558075494245707,1,0,0,0,4.849206349206349,1061_left.jpg
0.969560546875,1.0,0.969560546875,1,1,1,1,1.0,3_left.jpg
0.0060791015625,0.9839357429718876,0.10069964006955959,0,0,0,0,3.962025316455696,835_right.jpg
0.04373046875,0.5034055381866905,0.08159620991253644,1,1,0,0,1.8658892128279883,891_right.jpg
0.01637451171875,0.6743700611301625,0.1766161948650428,0,1,0,1,1.5806451612903225,3802_left.jpg
0.0,0.0,0.0,0,0,0,0,0.0,1201_right.jpg
0.09387451171875,0.8975579308730592,0.2647866955892986,1,0,0,1,1.4634920634920634,4263_left.jpg
0.06230224609375,1.0,0.6705996741472644,0,1,0,0,3.3867924528301887,1336_right.jpg
0.0523876953125,0.7078944915649175,0.2429574275362319,1,1,0,0,4.63768115942029,3255_right.jpg
0.13756591796875,0.8827266757768826,0.2010095605022831,1,1,0,0,1.461187214611872,261_right.jpg
0.15165283203125,1.0,0.6602572278911565,1,1,0,0,4.35374149659864,3636_left.jpg
0.91109375,1.0,0.91109375,1,1,1,1,1.0,4176_right.jpg
0.10817626953125,0.9319325644902842,0.18267232849604223,1,1,0,1,1.6886543535620053,4390_right.jpg
0.30707275390625,0.9748523179913656,0.7120527626811595,1,1,0,1,2.318840579710145,3328_left.jpg
0.0329248046875,0.9539522467744328,0.09710541474654377,1,1,0,1,2.9493087557603688,1289_left.jpg
0.00653076171875,0.7222429906542056,0.026328740157480313,1,0,0,1,2.54,5163_left.jpg
0.44742431640625,0.9935284969852399,0.5761600855130785,1,1,0,1,1.2877263581488934,364_left.jpg
0.91471435546875,1.0,0.91471435546875,1,1,1,1,1.0,591_left.jpg
0.0540185546875,0.8233752146795625,0.26805422628205905,1,0,0,0,2.1269035532994924,4323_left.jpg
0.9901953125,1.0,0.9901953125,1,1,1,1,1.0,2545_left.jpg
0.07904052734375,0.4556602316602317,0.3263608870967742,1,1,0,0,4.129032258064516,1110_right.jpg
0.14849853515625,0.7387422934648582,0.4751953125,1,1,0,1,3.2,3139_left.jpg
0.0410986328125,0.377747415943923,0.23599837377858154,0,1,0,0,2.2768361581920904,2720_left.jpg
0.229755859375,0.9990011476176308,0.5105685763888889,1,1,0,1,2.2222222222222223,1236_right.jpg
0.01994873046875,0.6822910292497858,0.22504682163710477,0,1,0,0,2.6982758620689653,2392_left.jpg
0.07918212890625,0.5635926371288502,0.2895803571428571,1,1,0,0,3.657142857142857,3460_right.jpg
0.04445556640625,0.5716403976055796,0.23721990620114644,1,0,0,0,3.3223684210526314,5033_left.jpg
0.0,0.0,0.0,0,0,0,0,0.0,3194_left.jpg
0.0253271484375,0.6353383458646616,0.2856906807666887,0,0,0,0,4.584269662921348,1704_left.jpg
0.16039306640625,0.9780507481315738,0.6889366610738255,1,1,0,0,4.295302013422819,3018_left.jpg
0.01238037109375,0.7570498915401301,0.04404356586992774,1,0,0,1,2.294642857142857,3151_right.jpg
0.24077880859375,0.9847094491143039,0.3494295634920635,1,1,0,1,1.4512471655328798,2174_right.jpg
0.12379150390625,0.5147618578049502,0.26497178093645485,1,1,0,1,2.140468227424749,3181_right.jpg
0.4346630859375,0.9968939215223717,0.6768476277372263,1,1,0,0,1.5571776155717763,4535_right.jpg
0.06372802734375,0.3324905183312263,0.23991727941176472,1,1,0,0,3.764705882352941,506_left.jpg
6.103515625e-05,1.0,0.5952380952380952,1,0,0,1,0.8571428571428571,1331_left.jpg
0.16668212890625,0.7940474272406368,0.2971491991643454,1,1,0,1,1.7827298050139275,4476_left.jpg
0.307490234375,0.9964985549591895,0.5219993368700265,1,1,0,1,1.6976127320954908,3237_left.jpg
0.04294921875,0.8346975898135516,0.22202029380584581,0,1,0,0,1.7464788732394365,1250_right.jpg
0.71864990234375,0.9981960802965086,0.71864990234375,1,1,1,1,1.0,4157_right.jpg
0.04321044921875,0.6427481778631561,0.1626746323529412,1,1,0,0,3.764705882352941,552_left.jpg
0.3320458984375,0.9554725526814993,0.5697302278820375,1,1,0,1,1.7158176943699732,2317_right.jpg
0.054482421875,1.0,0.6302886516409648,0,1,0,0,2.2301587301587302,3204_right.jpg
0.23375244140625,0.83326544467074,0.4202291081460674,1,1,0,0,1.797752808988764,5043_right.jpg
0.0193896484375,0.4021657013346764,0.09192129629629629,1,1,0,0,4.7407407407407405,2897_left.jpg
0.75123046875,0.9825221641577621,0.75123046875,1,1,1,1,1.0,551_right.jpg
0.10800537109375,0.9246818418137842,0.11113092845659164,1,1,0,1,1.0289389067524115,3213_right.jpg
0.51134765625,0.5723425384821054,0.6015854779411764,1,1,0,1,1.1764705882352942,2449_right.jpg
0.0342919921875,0.4250320375907732,0.10653822815533981,1,1,0,0,3.1067961165048543,3373_right.jpg
0.27671875,0.745694522868436,0.30853658536585366,1,1,1,0,1.1149825783972125,583_right.jpg
0.00671142578125,0.9959985449254274,0.18963852097130243,0,1,0,0,0.6357615894039735,3490_right.jpg
0.01683837890625,1.0,0.7516346992153444,1,0,0,0,0.5967741935483871,1065_right.jpg
0.0272705078125,0.6766338406445838,0.09137761780104713,1,1,0,1,3.350785340314136,4977_left.jpg
0.00533447265625,0.6118993135011441,0.13799418971832764,0,0,0,0,0.47802197802197804,3686_right.jpg
0.75853759765625,0.9983295622423133,0.75853759765625,1,1,1,1,1.0,1100_right.jpg
0.0531591796875,0.6930283824745109,0.13628681947347995,0,1,0,0,2.4763779527559056,5324_left.jpg
0.0436279296875,0.544599888080582,0.23701522627195076,0,1,0,0,5.065573770491803,1073_right.jpg
0.09258544921875,0.994198771194262,0.22360259433962265,1,1,0,1,2.4150943396226414,4985_right.jpg
0.67789794921875,0.9994633859983362,0.7031680510534846,1,1,1,0,1.0372771474878444,1820_right.jpg
0.01247314453125,0.5809356038363672,0.1078758445945946,1,1,0,0,8.64864864864865,2616_right.jpg
0.14798828125,0.962122211957239,0.21331644144144143,1,1,0,1,1.4414414414414414,1895_right.jpg
0.06361328125,0.4738639852625115,0.29473779466992445,1,0,0,0,4.575539568345324,1733_left.jpg
0.88947021484375,1.0,0.88947021484375,1,1,1,1,1.0,3928_left.jpg
0.0512158203125,0.7466393364477071,0.1858763069289385,1,0,0,0,3.4833333333333334,1609_right.jpg
0.22988037109375,0.992735691755435,0.46854597929936304,1,1,0,1,2.038216560509554,4907_right.jpg
0.000517578125,1.0,0.7138047138047138,0,0,0,0,2.4545454545454546,306_left.jpg
0.03472900390625,0.9992970123022847,0.5017990687173698,0,1,0,0,4.907894736842105,4891_left.jpg
0.12861328125,0.9937357630979499,0.20681532663316582,1,1,0,1,1.6080402010050252,4844_right.jpg
0.326259765625,0.6916399772516387,0.3888384543761639,1,1,0,0,1.191806331471136,2608_right.jpg
0.2795556640625,0.9371823310568879,0.38642683585313176,1,1,0,1,1.3822894168466522,5076_left.jpg
0.2520361328125,0.5678652381967181,0.32652454453441293,1,1,0,1,1.2955465587044535,4949_right.jpg
0.521806640625,0.9995789119083712,0.5995623877917414,1,1,0,1,1.1490125673249552,5037_right.jpg
0.01072998046875,1.0,0.44574036511156184,0,1,0,0,1.3647058823529412,1214_left.jpg
0.01075439453125,0.3859250851305335,0.09665174653326312,0,1,0,0,8.791666666666666,3440_right.jpg
0.04577392578125,0.46407808416448876,0.12105501033057851,1,1,0,1,2.644628099173554,118_left.jpg
0.99752685546875,1.0,0.99752685546875,1,1,1,1,1.0,5320_right.jpg
0.059541015625,0.5378054781039856,0.28346273652889487,1,0,0,0,4.583941605839416,4520_left.jpg
0.0,0.0,0.0,0,0,0,0,0.0,3087_right.jpg
0.006982421875,0.9825174825174825,0.1149286718906972,0,0,0,0,12.28888888888889,3704_right.jpg
0.1509619140625,0.9918491444836174,0.31368709415584417,1,1,0,1,2.0779220779220777,5152_right.jpg
0.00796875,0.4108455882352941,0.07297116029510396,0,1,0,0,8.873239436619718,501_right.jpg
0.46260498046875,0.9995936310909158,0.5087065077319588,1,1,0,1,1.0996563573883162,908_right.jpg
0.03873046875,0.5794251134644478,0.10242768595041322,1,1,0,1,2.644628099173554,3630_left.jpg
0.00064208984375,0.7338403041825095,0.011535087719298245,0,0,0,1,1.0133333333333334,4085_left.jpg
0.00034912109375,0.7552447552447552,0.43333333333333335,1,0,0,1,2.727272727272727,1235_right.jpg
0.0411962890625,0.7921061988858599,0.1345184948979592,1,1,0,1,3.2653061224489797,1040_right.jpg
0.0306396484375,0.4100398406374502,0.08700776483638381,1,0,0,1,2.504166666666667,484_right.jpg
0.275244140625,0.8214919283306723,0.42042064439140814,1,1,0,1,1.5274463007159904,3239_left.jpg
0.2465478515625,0.9722931891549323,0.4640900735294118,1,1,0,1,1.8823529411764706,1882_right.jpg
0.05014892578125,0.5520179153887347,0.3697749774977498,0,0,0,0,5.445544554455446,1174_left.jpg
0.5364306640625,0.998202273782325,0.6653403585271318,1,1,0,1,1.2403100775193798,3047_left.jpg
0.30450927734375,0.8285134734259623,0.30450927734375,1,1,1,1,1.0,4307_right.jpg
0.76517822265625,0.9993810163456354,0.76517822265625,1,1,1,1,1.0,4165_right.jpg
0.6929345703125,0.9999612438606752,0.7933419051878354,1,1,0,1,1.144901610017889,1017_left.jpg
0.33634033203125,0.9233332123543716,0.33634033203125,1,1,1,1,1.0,4584_left.jpg
0.8766943359375,0.9996268386550596,0.8766943359375,1,1,1,1,1.0,2885_right.jpg
0.0133642578125,0.4090244793569602,0.13002375296912114,0,1,0,0,4.21,4595_right.jpg
0.06864990234375,0.6643906255556741,0.16394006529850746,1,1,0,1,2.388059701492537,5094_right.jpg
0.04863037109375,0.9209297655504795,0.37343457067866515,1,0,0,0,1.2095238095238094,2171_left.jpg
0.00019775390625,0.5061728395061729,0.27,0,0,0,0,8.333333333333334,4099_left.jpg
0.000654296875,0.417910447761194,0.005634987384356602,1,0,0,1,2.2620689655172415,4986_left.jpg
0.0799609375,0.8158585735222277,0.19384469696969697,1,1,0,0,2.4242424242424243,1705_left.jpg
0.05150146484375,0.7132969898080114,0.13398755081300814,1,1,0,1,2.6016260162601625,957_right.jpg
0.6567578125,0.9984126866115506,0.8323267326732673,1,1,0,1,1.2673267326732673,621_left.jpg
0.02560791015625,0.4350271713223377,0.35084961198822584,1,0,0,0,5.45945945945946,1507_right.jpg
0.15442626953125,0.8447820656727744,0.23930463075060532,1,1,0,1,1.549636803874092,3450_left.jpg
0.5035888671875,0.9998933436757648,0.5490577086882453,1,1,0,0,1.090289608177172,5290_left.jpg
0.0760595703125,0.46257302433074404,0.14977884615384615,1,1,0,1,1.9692307692307693,1082_right.jpg
0.065654296875,0.6339803659080767,0.5002232142857143,1,1,0,0,7.619047619047619,3443_left.jpg
0.0846826171875,0.6072190509139134,0.3542279411764706,1,1,0,0,4.183006535947713,405_left.jpg
0.01462890625,0.7383177570093458,0.26650062266500624,0,0,0,0,4.219178082191781,4516_right.jpg
0.93921142578125,1.0,0.93921142578125,1,1,1,1,1.0,3977_right.jpg
0.01181640625,0.4278925619834711,0.38633461047254153,0,0,0,0,5.4375,3672_left.jpg
0.03208251953125,0.4817745985845826,0.04819909037558685,1,1,0,1,1.5023474178403755,187_left.jpg
0.14777587890625,0.4652645839184523,0.4776594065656566,1,1,0,0,3.2323232323232323,910_left.jpg
0.10343017578125,0.956921987489673,0.29530056320749454,1,0,0,1,2.7841409691629955,1959_left.jpg
0.43948486328125,0.9415764417014326,0.47998346843003414,1,1,0,1,1.0921501706484642,2945_right.jpg
0.262021484375,0.97589541947747,0.3899854651162791,1,1,0,1,1.4883720930232558,1166_left.jpg
0.0,0.0,0.0,0,0,0,0,0.0,361_left.jpg
0.07817138671875,0.8157656391517536,0.17371419270833333,1,1,0,1,2.2222222222222223,4316_right.jpg
0.0316552734375,0.6982878297084683,0.08424294401995945,1,0,0,1,2.628099173553719,45_right.jpg
0.09019287109375,0.5843055517960101,0.4545152559055118,1,1,0,0,5.039370078740157,4708_left.jpg
0.0164990234375,0.929121041728322,0.21608313349320543,1,0,0,0,1.618705035971223,4648_right.jpg
0.2263916015625,0.9988676803623423,0.5447015977443609,1,1,0,1,2.406015037593985,1612_right.jpg
0.14551025390625,0.9983725105283469,0.5068370835246696,1,0,0,1,0.6572104018912529,3683_left.jpg
0.03012451171875,0.24540076181214038,0.10478091032608695,1,1,0,0,3.4782608695652173,2070_right.jpg
0.0007861328125,1.0,0.7015250544662309,0,0,0,0,1.588235294117647,611_right.jpg
0.0271728515625,0.538544474393531,0.09685672514619884,1,0,0,0,3.2169312169312168,2751_right.jpg
0.2757421875,0.5413479246352174,0.2757421875,1,1,1,1,1.0,4684_left.jpg
0.24888427734375,0.7958761268552034,0.3346343224789916,1,1,1,0,1.3445378151260505,1747_left.jpg
0.0572607421875,0.592649441459879,0.1768258204600457,1,0,0,1,2.174089068825911,1806_left.jpg
0.058359375,0.5160224230254351,0.25344317567352653,0,1,0,0,4.248322147651007,4451_right.jpg
0.00853515625,1.0,0.7283333333333334,0,1,0,0,1.3333333333333333,3136_right.jpg
0.88748291015625,0.9969437131546878,0.8916625784929356,1,1,0,1,1.0047095761381475,694_right.jpg
0.3285986328125,0.9999182727313253,0.5270755012531328,1,1,0,0,1.6040100250626566,2449_left.jpg
0.408857421875,0.919292043853154,0.5061291102514507,1,1,0,1,1.2379110251450678,4026_left.jpg
0.00233642578125,0.6426332288401254,0.16065133456437805,0,0,0,0,11.26086956521739,3138_left.jpg
0.040166015625,0.2788110867979577,0.14895697522816168,0,1,0,0,3.5254237288135593,4804_left.jpg
0.39571044921875,0.9573860306139447,0.6176943597560975,1,1,0,1,1.5609756097560976,3405_left.jpg
0.64122314453125,0.9973424203773154,0.64122314453125,1,1,1,1,1.0,1265_left.jpg
0.58029052734375,0.9904959042774741,0.58029052734375,1,1,1,1,1.0,2035_left.jpg
0.07552978515625,0.9144066974819796,0.3079411530498487,0,1,0,0,3.032967032967033,2058_left.jpg
0.99717041015625,1.0,0.99717041015625,1,1,1,1,1.0,5075_left.jpg
0.318974609375,0.9977420935002909,0.38300891181988744,1,1,0,1,1.200750469043152,924_left.jpg
0.1048388671875,0.49860276652228586,0.3423309948979592,1,1,0,0,3.2653061224489797,1610_right.jpg
0.00091796875,1.0,0.7595959595959596,0,0,0,1,4.090909090909091,2170_right.jpg
0.1509619140625,0.9918491444836174,0.31368709415584417,1,1,0,1,2.0779220779220777,5155_right.jpg
0.0707861328125,0.5075877767814031,0.41603053435114506,0,1,0,0,4.061068702290076,555_left.jpg
0.03721435546875,0.39460736075575675,0.10266029094827586,1,1,0,1,2.7586206896551726,1807_left.jpg
0.93476806640625,1.0,0.93476806640625,1,1,1,1,1.0,1092_right.jpg
0.05950927734375,0.5027692307692307,0.15295557228915663,1,1,0,1,2.570281124497992,2659_left.jpg
0.0126611328125,0.7231006556112611,0.037914622644958,1,0,0,1,1.3961661341853036,1969_right.jpg
0.15757568359375,0.9132516306958152,0.509335542929293,1,1,0,0,3.2323232323232323,1531_left.jpg
0.0,0.0,0.0,0,0,0,0,0.0,3072_right.jpg
0.10847412109375,0.7493191690486373,0.22072580044213716,1,0,0,1,2.003154574132492,4958_right.jpg
0.0380322265625,0.39555783797663374,0.31611201298701297,1,1,0,0,8.311688311688311,3489_left.jpg
0.01238037109375,0.7570498915401301,0.04404356586992774,1,0,0,1,2.294642857142857,3147_right.jpg
0.0887548828125,0.6444957913847169,0.2201671511627907,1,1,0,0,2.4806201550387597,4938_right.jpg
0.61964599609375,0.9982821592785069,0.7760732632093933,1,1,0,1,1.2524461839530332,622_left.jpg
0.08444091796875,0.597507734119756,0.15309401558073654,1,1,0,1,1.8130311614730878,713_right.jpg
0.13586181640625,0.5279340149867923,0.43694252512562815,1,1,0,0,3.2160804020100504,272_left.jpg
0.28870849609375,0.9963215086042874,0.31585202991452993,1,1,0,1,1.0940170940170941,1898_right.jpg
0.0,0.0,0.0,0,0,0,0,0.0,3795_left.jpg
0.33973388671875,0.9997269232151198,0.525192481884058,1,1,0,1,1.5458937198067633,4469_right.jpg
0.3888623046875,0.9987568904682379,0.6744495257452574,1,1,0,1,1.7344173441734418,200_left.jpg
0.00672119140625,0.6520159825644751,0.029358756971771656,0,0,0,0,2.1884057971014492,4043_left.jpg
0.10140869140625,0.9600356308833089,0.28591587106011274,1,0,0,1,1.8398576512455516,2521_right.jpg
0.9587353515625,1.0,0.9587353515625,1,1,1,1,1.0,2153_left.jpg
0.05164306640625,1.0,0.5954565927260443,0,1,0,0,5.156626506024097,1968_left.jpg
0.7773095703125,1.0,0.9229649814471244,1,1,0,0,1.1873840445269017,953_left.jpg
0.39077392578125,0.9193744884762685,0.4942595108695652,1,1,0,0,1.2648221343873518,2796_right.jpg
0.00904296875,0.7243520518358532,0.11725229503007281,0,1,0,0,4.814814814814815,3456_right.jpg
0.07245849609375,0.963138919774925,0.3139771068277511,1,0,0,0,4.145695364238411,4197_left.jpg
0.04941650390625,0.9712958845906823,0.108125,1,0,0,1,1.4444444444444444,350_right.jpg
0.0972216796875,0.9558033247953392,0.3638706140350877,1,1,0,0,3.742690058479532,4388_left.jpg
0.3492919921875,0.9330817082547005,0.3492919921875,1,1,1,1,1.0,3058_right.jpg
0.0025244140625,1.0,0.746031746031746,0,1,0,0,1.2727272727272727,4412_left.jpg
0.56164306640625,1.0,0.6925848988439306,1,1,0,0,1.233140655105973,1570_left.jpg
0.32141845703125,0.7867500170903815,0.345147336409396,1,1,0,1,1.0738255033557047,2795_right.jpg
0.01019287109375,0.9992814371257485,0.398987003058104,0,1,0,0,0.8807339449541285,266_left.jpg
0.00384033203125,0.6789574062301335,0.03238224637681159,0,0,0,0,1.5681818181818181,3665_right.jpg
0.4316748046875,0.9992025518341308,0.4316748046875,1,1,1,1,1.0,5015_right.jpg
0.2548828125,0.8603639846743295,0.2548828125,1,1,1,1,1.0,5203_left.jpg
0.13090087890625,0.6341645373668799,0.2849542942176871,1,1,0,1,2.17687074829932,3281_left.jpg
0.78036376953125,0.9995056892662614,0.78036376953125,1,1,1,1,1.0,2014_right.jpg
8.544921875e-05,1.0,0.6481481481481481,1,0,0,1,0.6666666666666666,3094_left.jpg
0.22942626953125,0.9244676662445596,0.3438707552693208,1,1,0,1,1.4988290398126465,2552_left.jpg
0.28071533203125,0.9914072759847279,0.5060672080279923,1,0,0,1,1.385185185185185,1412_right.jpg
0.001357421875,0.9028776978417267,0.0936026936026936,0,0,0,0,18.333333333333332,1139_left.jpg
0.08931884765625,0.9902419024190242,0.38365142617449666,1,1,0,0,4.295302013422819,592_right.jpg
0.0620703125,0.9884754562617999,0.135580204778157,1,1,0,1,2.1843003412969284,4811_right.jpg
0.05298828125,0.409601916697383,0.11229304635761589,1,1,0,1,2.119205298013245,4521_left.jpg
0.542470703125,0.9996669607013627,0.679415362035225,1,1,0,1,1.2524461839530332,4319_right.jpg
0.1756103515625,0.6468928124565549,0.1756103515625,1,1,1,1,1.0,4902_right.jpg
0.00139892578125,0.5636998254799301,0.026979941614087954,1,0,0,0,15.513513513513514,4040_left.jpg
0.11211669921875,0.8257735775101801,0.2535501325088339,1,1,0,1,2.2614840989399294,488_right.jpg
0.04667724609375,0.6248757780218631,0.12198218660677827,0,1,0,1,2.5483870967741935,1484_left.jpg
0.0577734375,1.0,0.49966216216216214,1,1,0,1,8.64864864864865,1125_right.jpg
0.99254150390625,1.0,0.99254150390625,1,1,1,1,1.0,5241_right.jpg
0.10430908203125,0.9263897015798712,0.18140709918478262,1,1,0,1,1.7391304347826086,809_left.jpg
0.1080078125,0.6093580470162748,0.21467391304347827,1,1,0,1,1.9875776397515528,1473_right.jpg
0.00013671875,0.5535714285714286,0.0005434782608695652,1,1,0,0,3.9751552795031055,3439_left.jpg
0.20005126953125,0.9504277467934246,0.28706908632287,1,1,0,0,1.4349775784753362,1169_left.jpg
0.047705078125,0.7092630501535312,0.4361607142857143,1,1,0,0,9.142857142857142,3442_left.jpg
0.61916748046875,0.9999842278134623,0.6360629012841091,1,1,0,1,1.0272873194221508,4159_left.jpg
0.13905029296875,0.7493986480554824,0.6845552884615385,1,1,0,1,4.923076923076923,5010_right.jpg
0.38764404296875,0.9806145648983807,0.427745150862069,1,1,0,1,1.103448275862069,5016_left.jpg
0.9959912109375,1.0,0.9959912109375,1,1,1,1,1.0,3413_right.jpg
0.418408203125,0.9822849807445443,0.5990631991051454,1,1,0,1,1.4317673378076063,4614_left.jpg
2.197265625e-05,1.0,0.5,0,0,0,0,4.5,3473_right.jpg
0.0194091796875,0.9460377358490566,0.17814726840855108,0,1,0,0,3.9716981132075473,3454_right.jpg
0.7262255859375,0.9993511776294115,0.7262255859375,1,1,1,1,1.0,4612_right.jpg
0.00124755859375,0.7925636007827789,0.02048260381593715,0,1,0,0,3.5357142857142856,2746_right.jpg
0.41352783203125,0.996800113353918,0.41352783203125,1,1,1,1,1.0,1735_left.jpg
0.0873095703125,0.8891281248252335,0.347069099378882,1,1,0,0,3.9751552795031055,501_left.jpg
0.57566650390625,0.997722578702506,0.57566650390625,1,1,1,1,1.0,4932_right.jpg
0.20337890625,0.9739988475943532,0.778731280498065,1,0,0,0,1.3356890459363957,1174_right.jpg
0.04711669921875,0.6430384994041142,0.1595486111111111,1,1,0,0,3.386243386243386,1518_left.jpg
0.31880615234375,0.9743075285450633,0.430898735513846,0,1,0,0,1.2725409836065573,1580_right.jpg
0.395888671875,0.774864944867905,0.5706503378378378,1,1,0,1,1.4414414414414414,771_right.jpg
0.4711865234375,0.9995077669198644,0.558443287037037,1,1,0,1,1.1851851851851851,1537_right.jpg
0.05334716796875,1.0,0.6370553935860058,0,1,0,0,1.75,3917_right.jpg
0.54731201171875,0.9994914777922999,0.7267213433609958,1,1,0,0,1.3278008298755186,2497_right.jpg
0.4958447265625,0.992988606485539,0.4958447265625,1,1,1,1,1.0,3753_right.jpg
0.17125732421875,0.7651788387243931,0.307015931372549,1,1,0,1,1.792717086834734,1807_right.jpg
0.159111328125,0.8281930890566501,0.17928036971830985,1,1,0,1,1.1267605633802817,3520_right.jpg
0.31123779296875,0.8772620663147244,0.31123779296875,1,1,1,1,1.0,5268_right.jpg
0.170634765625,0.9722715046071081,0.2373968275534119,1,0,0,1,1.182364729458918,3298_right.jpg
0.01079833984375,0.4971738638932851,0.3707149442628447,1,0,0,0,7.097560975609756,1486_left.jpg
0.01541015625,0.8073510773130546,0.371994342291372,0,0,0,0,1.6633663366336633,3277_left.jpg
0.43197998046875,0.9565217391304348,0.49281138591800355,1,1,0,1,1.1408199643493762,3649_left.jpg
0.1684130859375,0.5017105911687106,0.5625948097280897,1,0,0,0,3.004950495049505,3167_right.jpg
0.1165478515625,0.5381038166659684,0.40220065379301045,0,1,0,0,3.322751322751323,3323_right.jpg
0.76897216796875,1.0,0.9356315351711026,1,1,0,1,1.2167300380228137,658_left.jpg
0.43664794921875,0.9992228167580836,0.4826505829015544,1,1,0,0,1.1053540587219344,2528_right.jpg
0.97028564453125,1.0,0.97028564453125,1,1,1,1,1.0,3370_left.jpg
0.37343017578125,0.9752610210712814,0.37343017578125,1,1,1,1,1.0,2136_right.jpg
0.3397021484375,0.98053786778974,0.35876134488448846,1,1,0,1,1.056105610561056,5190_left.jpg
0.68794677734375,0.9911847059616797,0.8549241504854369,1,1,0,1,1.2427184466019416,4549_left.jpg
0.04208984375,0.5367749419953596,0.09976851851851852,1,1,0,1,2.3703703703703702,3481_left.jpg
0.8168798828125,1.0,0.9253152654867257,1,1,0,1,1.1327433628318584,4750_left.jpg
0.46165283203125,0.7429360156113658,0.6079378858024691,1,1,0,0,1.316872427983539,1546_left.jpg
0.966748046875,1.0,0.966748046875,1,1,1,1,1.0,2155_left.jpg
0.016552734375,0.9411504424778762,0.08620251233280782,0,1,0,1,1.75,1450_right.jpg
0.3864794921875,0.9783325542317848,0.42719667530224525,1,1,0,0,1.1053540587219344,5056_left.jpg
0.10517578125,0.871866295264624,0.23211206896551725,1,1,0,1,2.206896551724138,957_left.jpg
0.10279052734375,0.6601667339619505,0.2055810546875,1,1,0,0,2.0,1052_right.jpg
0.833046875,0.9990270092844415,0.833046875,1,1,1,1,1.0,729_right.jpg
0.05745849609375,0.31051625239005737,0.09938766891891893,1,1,0,0,1.7297297297297298,574_left.jpg
0.28343017578125,0.9403409335618858,0.5319510630498534,1,1,0,1,1.8768328445747802,278_left.jpg
7.080078125e-05,1.0,0.725,0,0,0,0,1.6,5273_right.jpg
0.12562255859375,0.7201243805266738,0.24289558157099697,1,1,0,1,1.933534743202417,1239_left.jpg
0.62439453125,0.9992610028465075,0.6901770293609671,1,1,1,0,1.1053540587219344,1820_left.jpg
0.170986328125,0.5429207835970072,0.6113477653631285,1,1,0,0,3.5754189944134076,1982_right.jpg
0.0999169921875,0.9644968968381957,0.2946860599078341,1,1,0,0,2.9493087557603688,397_right.jpg
0.0,0.0,0.0,0,0,0,0,0.0,170_left.jpg
0.00252685546875,0.591304347826087,0.006694912513341311,0,1,0,1,2.5755102040816324,970_right.jpg
0.58665283203125,0.7962404231500709,0.5912721456692913,1,1,0,1,1.0078740157480315,2072_left.jpg
0.996728515625,0.9999387645128105,0.996728515625,1,1,1,1,1.0,816_left.jpg
0.902392578125,0.997973594502462,0.902392578125,1,1,1,1,1.0,188_right.jpg
0.38466064453125,1.0,0.5294254032258064,1,0,1,1,0.7265625,5266_right.jpg
0.01701416015625,0.5296312239919644,0.047983970916301744,1,0,0,0,2.793859649122807,5283_right.jpg
0.17531982421875,1.0,0.7239012096774193,1,1,0,0,4.129032258064516,3834_right.jpg
0.092841796875,0.9886662459240559,0.18453027950310558,1,1,0,1,1.9875776397515528,4198_right.jpg
0.08356689453125,0.40065441584621225,0.32824127349443805,0,1,0,0,3.83030303030303,1109_left.jpg
0.06990478515625,0.7212656724758146,0.13315197172619048,1,1,0,1,1.9047619047619047,1742_left.jpg
0.0095263671875,0.6642747309072271,0.5977328431372549,0,0,0,0,2.5098039215686274,3406_right.jpg
0.10656982421875,0.8311607981489542,0.20001374633431085,1,1,0,1,1.8768328445747802,5061_left.jpg
0.04024658203125,0.5607521989687595,0.1590909090909091,1,0,0,0,3.806060606060606,4426_right.jpg
0.12649658203125,0.5157778935788315,0.26031450964630226,1,1,0,0,2.057877813504823,2968_right.jpg
0.63694091796875,0.9984552935900434,0.63694091796875,1,1,1,1,1.0,2498_right.jpg
0.07760009765625,0.5826018562214881,0.3560865765947436,1,0,0,0,1.3103448275862069,844_left.jpg
0.54416015625,0.9992776641183015,0.54416015625,1,1,1,1,1.0,677_right.jpg
0.06886962890625,0.6379878762097203,0.12665678879310344,1,1,0,1,1.839080459770115,2711_left.jpg
0.193955078125,1.0,0.6237751256281407,1,1,0,0,3.2160804020100504,5302_right.jpg
0.00142822265625,1.0,0.7758620689655172,0,0,0,0,1.1153846153846154,98_left.jpg
0.0954638671875,0.8579612296046238,0.31722157320872274,1,0,0,1,1.1962616822429906,1733_right.jpg
0.97544189453125,1.0,0.97544189453125,1,1,1,1,1.0,3262_right.jpg
0.1182177734375,0.5308950477055884,0.37087928921568625,1,1,0,0,3.1372549019607843,1391_left.jpg
0.3440283203125,0.8236654981052273,0.4549134814049587,1,1,0,1,1.322314049586777,2702_left.jpg
0.207880859375,0.9385188142998074,0.2583373786407767,1,1,0,1,1.2427184466019416,1834_right.jpg
0.12478515625,0.268860541555799,0.12478515625,1,1,1,1,1.0,4463_left.jpg
0.2464892578125,0.9017947346526416,0.28578464673913045,1,1,1,0,1.1594202898550725,5250_right.jpg
0.25964599609375,0.7999078523004015,0.4654718137254902,1,1,0,0,1.792717086834734,573_left.jpg
0.47023193359375,0.9792530904899615,0.5383692978533094,1,1,0,1,1.144901610017889,1720_left.jpg
0.99542724609375,1.0,0.99542724609375,1,1,1,1,1.0,4256_right.jpg
0.71174072265625,1.0,0.7840173192771084,1,1,0,1,1.1015490533562822,3274_right.jpg
0.103193359375,0.39180940664332353,0.24922169811320755,1,1,0,1,2.4150943396226414,4265_right.jpg
0.19787109375,0.570069588392064,0.7721798780487805,1,1,0,1,3.902439024390244,2061_left.jpg
0.043427734375,0.4377108162806386,0.3054258241758242,1,1,0,0,7.032967032967033,1509_right.jpg
0.064560546875,0.2609287551051278,0.09412015945330296,1,1,0,1,1.457858769931663,2385_right.jpg
0.01907470703125,0.9936004095737873,0.2541639557579701,1,0,0,0,0.6839622641509434,1293_right.jpg
0.01913330078125,0.480541023350772,0.09227599199340633,0,1,0,0,3.825503355704698,5165_left.jpg
0.64154541015625,0.9995661720774649,0.7988114056420234,1,1,0,1,1.245136186770428,3817_right.jpg
0.2444140625,0.7168271535879814,0.3179369918699187,1,1,0,1,1.3008130081300813,4917_left.jpg
0.00668212890625,0.5104128607964925,0.5157339363105332,1,0,0,0,6.310344827586207,2402_right.jpg
0.3130859375,0.9876793512164691,0.3130859375,1,1,1,1,1.0,733_left.jpg
0.10947509765625,0.9073838674427421,0.20795826086956523,0,0,0,1,1.5333333333333334,726_right.jpg
0.0649462890625,0.5197729494023006,0.25978515625,1,1,0,0,4.0,3505_right.jpg
0.02834228515625,0.6282194848824189,0.13454094522865817,1,0,0,0,4.0479452054794525,341_right.jpg
0.41575927734375,0.9991661528524032,0.5578321540880503,1,1,0,1,1.3417190775681342,2264_left.jpg
0.076533203125,1.0,0.3139823717948718,1,1,0,0,4.102564102564102,2416_right.jpg
0.0100390625,0.6186770428015564,0.23159673331455927,1,0,0,0,3.955223880597015,1628_left.jpg
0.07571044921875,0.6909806197800781,0.40047264838059815,1,0,0,0,2.950617283950617,869_left.jpg
0.00360107421875,0.911864406779661,0.5089717046238785,1,0,0,0,1.3695652173913044,1604_left.jpg
0.9962060546875,1.0,0.9962060546875,1,1,1,1,1.0,4255_right.jpg
0.70099853515625,0.9998641725496206,0.9008816516064257,1,1,0,1,1.285140562248996,3107_left.jpg
0.60439697265625,0.9335800065438418,0.60439697265625,1,1,1,1,1.0,3059_right.jpg
0.204541015625,0.9241346383385056,0.27617352320675104,1,1,0,1,1.350210970464135,1857_left.jpg
0.0046435546875,0.39957939011566773,0.0448341701435542,0,1,0,0,6.7974683544303796,836_left.jpg
0.01071044921875,1.0,0.652245019327981,0,1,0,0,1.9322033898305084,1083_left.jpg
0.01529052734375,0.9980839853105541,0.3704821058858326,0,0,0,0,3.550724637681159,3199_left.jpg
8.30078125e-05,0.6470588235294118,0.19318181818181818,0,0,0,1,11.0,3313_left.jpg
0.00452392578125,0.5855369670804101,0.2573611111111111,0,0,0,0,3.5555555555555554,3244_right.jpg
0.2463916015625,0.9355046471532471,0.2463916015625,1,1,1,1,1.0,2405_left.jpg
0.22141357421875,0.8755334046377259,0.32878117749419955,1,1,0,1,1.4849187935034802,1944_left.jpg
0.12875,0.971973604368932,0.23524793462162982,1,0,0,1,0.9770354906054279,3747_right.jpg
0.6314306640625,0.9936937912262116,0.7040341898954704,1,1,0,1,1.1149825783972125,678_left.jpg
0.23521728515625,0.5914785406611656,0.5034751254180602,1,1,0,1,2.140468227424749,3853_left.jpg
0.3476171875,0.9695892796943477,0.44054455445544555,1,1,0,1,1.2673267326732673,2069_right.jpg
0.0693310546875,0.49510528910486656,0.10235726643598615,0,0,1,0,1.0666666666666667,60_left.jpg
0.10332763671875,0.839000070883444,0.2404715909090909,1,1,0,1,2.327272727272727,1181_left.jpg
0.1619384765625,0.4904718830091964,0.23608342824601367,1,1,0,1,1.457858769931663,798_right.jpg
0.01253662109375,1.0,0.5690381205673759,0,1,0,1,8.8125,2331_left.jpg
0.251337890625,0.9604946186424215,0.4062026515151515,1,1,0,1,1.6161616161616161,376_left.jpg
0.08658935546875,0.6380861082132687,0.17592757936507936,1,1,0,1,2.0317460317460316,874_right.jpg
0.10359619140625,0.779629062286428,0.3298585199004975,1,1,0,0,3.18407960199005,4716_left.jpg
0.14638671875,0.8634089392928619,0.48653034728984096,1,0,0,0,3.241025641025641,4370_left.jpg
0.05639892578125,0.6091078308298342,0.158312774122807,1,1,0,1,2.807017543859649,5106_left.jpg
0.1194970703125,0.9093286478976832,0.33096667748566483,0,1,0,0,2.632911392405063,4002_right.jpg
0.03657470703125,0.40357786529604167,0.11762719849246231,1,1,0,1,3.2160804020100504,1300_left.jpg
0.18890869140625,0.9296819468317459,0.3386598389355742,1,1,0,1,1.792717086834734,4873_left.jpg
0.00839599609375,0.8435591741785403,0.37945492662473795,1,0,0,0,0.3584905660377358,3766_right.jpg
0.01947265625,0.40772316950852555,0.06635386509600347,0,1,0,0,3.365079365079365,3674_left.jpg
0.035634765625,1.0,0.6133288511639634,0,0,0,0,1.1164383561643836,2847_right.jpg
0.0322119140625,0.8058966196756101,0.31079075683697266,0,1,0,0,5.359550561797753,284_left.jpg
0.3437744140625,0.6631418223137562,0.42804596303501946,1,1,1,0,1.245136186770428,1635_right.jpg
0.0863916015625,0.8940258859435936,0.43451460006385223,0,1,0,0,3.7687074829931975,1497_left.jpg
0.02349365234375,0.6424192039904396,0.2035493696590236,1,0,0,0,4.2075471698113205,2959_right.jpg
0.11191162109375,0.8124086476581077,0.17093899164677803,1,1,0,1,1.5274463007159904,365_right.jpg
0.0305859375,0.8677362707535121,0.2669735327963176,0,0,0,0,1.879746835443038,4815_left.jpg
0.0618212890625,0.44641023615828135,0.31401289682539685,1,1,0,0,5.079365079365079,3507_left.jpg
0.0645361328125,0.5491412574714383,0.13195886581469649,1,1,0,1,2.0447284345047922,2464_left.jpg
0.217216796875,0.6394708447601493,0.3723550287933574,1,0,0,1,1.5470737913486006,4592_left.jpg
0.00228759765625,1.0,0.5737905695039804,0,1,0,0,3.0869565217391304,4038_left.jpg
0.0,0.0,0.0,0,0,0,0,0.0,4622_right.jpg
0.92919677734375,0.9995218064156763,0.92919677734375,1,1,1,1,1.0,4455_left.jpg
0.1305908203125,0.48850252383623105,0.3165838068181818,1,1,0,0,2.4242424242424243,480_right.jpg
0.0,0.0,0.0,0,0,0,0,0.0,1208_right.jpg
0.0717724609375,0.7462412409007415,0.4111608391608392,1,0,0,0,4.576,1445_right.jpg
0.0112451171875,0.7229700390794616,0.07265901060070672,0,0,0,1,1.2633928571428572,150_left.jpg
0.27342041015625,0.7997374835927246,0.4146660248815166,1,1,0,0,1.5165876777251184,1632_left.jpg
0.25637451171875,0.9582805610840769,0.42071714743589744,1,1,0,1,1.641025641025641,938_right.jpg
0.0,0.0,0.0,0,0,0,0,0.0,2996_right.jpg
0.06169677734375,0.9635946341656444,0.12678289226138217,1,0,0,0,1.7761194029850746,349_left.jpg
0.0628466796875,0.7050345738481858,0.22099931318681318,1,1,0,0,3.5164835164835164,4926_right.jpg
0.38115966796875,0.9995388251570877,0.7153729838709677,1,1,0,1,1.8768328445747802,1779_right.jpg
0.08722900390625,0.8606454140893952,0.19337327553080366,1,0,0,0,1.4022038567493114,3910_left.jpg
0.01337646484375,0.6586968424895053,0.6130006712911166,0,0,0,0,5.317073170731708,1826_left.jpg
0.0172802734375,0.6850805312235094,0.24340589428797413,1,0,0,0,4.432098765432099,2377_left.jpg
0.0599658203125,0.9741877697255924,0.26107568027210887,1,1,0,0,4.35374149659864,1433_right.jpg
0.00579833984375,1.0,0.630307855626327,1,0,0,1,6.541666666666667,1283_right.jpg
0.0365966796875,0.7507004669779853,0.19965902128453075,0,1,0,1,1.9948453608247423,1236_left.jpg
0.89552978515625,0.9918895119803495,0.89552978515625,1,1,1,1,1.0,5182_right.jpg
0.3992919921875,0.999761540813207,0.5290825569358178,1,1,0,1,1.3250517598343685,3012_left.jpg
0.380712890625,0.9995062203411569,0.7936685667752443,1,1,0,1,2.0846905537459284,2163_left.jpg
0.02112060546875,0.740954802912958,0.25006503830033244,1,0,0,0,4.788235294117647,3972_left.jpg
0.0082177734375,0.8009506833036245,0.09909326424870467,0,0,0,0,4.386363636363637,3703_right.jpg
0.25161865234375,0.9016426845715727,0.2576575,1,1,0,1,1.024,4201_right.jpg
0.03613037109375,0.8077572808973579,0.06532044491525424,1,1,0,1,1.807909604519774,2427_right.jpg
0.99509033203125,0.9999533844142016,0.99509033203125,1,1,1,1,1.0,1746_left.jpg
0.00830810546875,0.5783132530120482,0.073760187272412,0,1,0,0,1.8481012658227849,127_right.jpg
0.983115234375,1.0,0.983115234375,1,1,1,1,1.0,2_left.jpg
0.8095263671875,0.9975903396444922,0.8095263671875,1,1,1,1,1.0,535_right.jpg
0.99719970703125,1.0,0.99719970703125,1,1,1,1,1.0,2149_right.jpg
0.249111328125,0.6385785409071308,0.5422831632653061,1,1,0,0,2.17687074829932,1524_right.jpg
0.33980224609375,0.9982038036254428,0.5129090507075472,1,1,0,1,1.509433962264151,986_right.jpg
0.0543701171875,0.5051189941625505,0.2467699399419365,0,1,0,0,3.1597633136094676,3708_left.jpg
0.2917333984375,0.9909618892998812,0.5852958463949843,1,1,0,0,2.006269592476489,3724_left.jpg
0.0447216796875,0.9781089638606835,0.14469880089103748,1,0,0,1,2.3119658119658117,2819_left.jpg
0.1870849609375,0.8703118882944016,0.374169921875,1,1,0,0,2.0,2522_right.jpg
0.0,0.0,0.0,0,0,0,0,0.0,2433_left.jpg
0.02807373046875,0.3442908078963388,0.11820518092105263,1,1,0,0,4.2105263157894735,315_left.jpg
0.01975341796875,1.0,0.7338109922002539,0,1,0,0,2.0135135135135136,4896_left.jpg
0.09337158203125,0.5658778925349719,0.2126612544483986,1,1,0,1,2.2775800711743774,4658_right.jpg
0.074013671875,0.9650019791529225,0.1130519093078759,1,1,0,0,1.5274463007159904,4502_right.jpg
0.08856689453125,0.9917578631088568,0.2453801406926407,1,1,0,1,2.7705627705627704,1969_left.jpg
0.0952587890625,0.66438566815316,0.19292346943820893,0,1,0,1,1.9874608150470219,2096_left.jpg
0.48359130859375,0.5518808152302869,0.5024325284090909,1,1,1,0,1.0389610389610389,4760_right.jpg
0.0,0.0,0.0,0,0,0,0,0.0,1290_right.jpg
0.03140380859375,0.47228484801368265,0.2074175602676772,0,1,0,0,2.515923566878981,3705_left.jpg
0.0091796875,0.3146276595744681,0.19293924466338258,0,0,0,0,11.047619047619047,4226_left.jpg
0.033115234375,0.4007667354762607,0.18840197235919162,1,0,0,0,4.917355371900826,4518_left.jpg
0.19410888671875,0.44745745657615055,0.31450553797468356,1,1,0,1,1.620253164556962,2143_left.jpg
0.00763916015625,0.6899968040907638,0.015183423913043479,1,1,0,1,1.9875776397515528,1854_left.jpg
0.07572509765625,0.9950672212012767,0.3296875,1,1,0,0,4.35374149659864,2687_right.jpg
0.0059814453125,0.7461224489795918,0.016571969696969696,1,1,0,0,2.7705627705627704,1976_right.jpg
0.86402587890625,0.9989601729277631,0.86402587890625,1,1,1,1,1.0,840_left.jpg
0.479736328125,0.9925648854961832,0.479736328125,1,1,1,1,1.0,3757_right.jpg
0.02560546875,0.9876048817696415,0.17383233334438294,1,0,0,1,0.6237942122186495,355_left.jpg
0.1063525390625,1.0,0.6089521359874749,0,0,0,0,0.9669117647058824,116_left.jpg
0.0,0.0,0.0,0,0,0,0,0.0,178_left.jpg
0.13717529296875,0.9836439033940235,0.18482565789473684,1,1,0,1,1.3473684210526315,1158_left.jpg
0.07677001953125,0.538018762919383,0.3032889660493827,1,1,0,0,3.950617283950617,4632_left.jpg
0.0349853515625,0.9707606420097697,0.34099562154959073,1,0,0,0,9.088235294117647,3441_left.jpg
0.00495849609375,0.7316592811422944,0.0677,1,0,0,0,13.020833333333334,472_left.jpg
0.1244873046875,0.5299470484408707,0.2513308359621451,1,1,0,1,2.0189274447949526,937_left.jpg
0.042041015625,0.39146341463414636,0.11468531468531469,0,0,0,0,1.8356643356643356,5026_right.jpg
0.157216796875,0.9067799242188956,0.6449919871794871,1,1,0,0,4.102564102564102,4507_right.jpg
0.16575439453125,0.981721237830115,0.19567510548523206,0,1,0,0,1.151183970856102,4994_right.jpg
0.12463623046875,0.5260425848661143,0.25084021226415093,1,1,0,1,2.0125786163522013,2969_right.jpg
0.67298095703125,1.0,0.7917423023897059,1,1,0,0,1.1764705882352942,587_left.jpg
0.039306640625,0.6181366459627329,0.29597220434950455,1,0,0,0,3.075187969924812,3634_right.jpg
0.06296875,0.787337158808933,0.2329479768786127,1,1,0,0,3.699421965317919,4752_right.jpg
0.68658447265625,1.0,0.833802775142315,1,1,0,1,1.2144212523719164,1026_left.jpg
0.0892236328125,0.991380725660811,0.24739713786707465,0,1,0,1,2.721030042918455,89_left.jpg
0.8167236328125,1.0,0.8167236328125,1,1,1,1,1.0,767_right.jpg
0.53113037109375,0.9973385550974254,0.6102754712746858,1,1,0,0,1.1490125673249552,996_right.jpg
0.01420654296875,0.795325657329438,0.5387962962962963,0,0,0,0,1.6875,2050_left.jpg
0.0,0.0,0.0,0,0,0,0,0.0,3494_right.jpg
0.124052734375,0.8813862867039282,0.2682221283783784,1,1,0,0,2.1621621621621623,1582_right.jpg
0.73615966796875,0.9960501573635878,0.8353584884751774,1,1,0,1,1.1347517730496455,1897_left.jpg
0.65508056640625,0.9998136560313953,0.6872976434426229,1,1,1,0,1.0491803278688525,420_left.jpg
0.063515625,0.9089406519065191,0.41796799691536535,1,0,0,0,3.518796992481203,142_right.jpg
0.26169189453125,0.9776189720960173,0.27411262274959086,1,1,0,1,1.0474631751227497,5054_left.jpg
0.0481494140625,0.6000912686340127,0.24708093209721874,1,0,0,0,4.723076923076923,2414_right.jpg
0.001689453125,1.0,0.7456896551724138,1,0,0,0,1.103448275862069,4047_left.jpg
0.03930419921875,0.8242126840176408,0.11179861111111111,1,1,0,1,2.8444444444444446,2268_left.jpg
0.00963134765625,0.6730038022813688,0.12516657148296212,0,1,0,0,2.970873786407767,4675_left.jpg
0.0016259765625,1.0,0.59094942324756,0,0,0,0,2.130434782608696,2672_right.jpg
0.1114501953125,0.960328587075575,0.22736554801820916,1,0,0,0,1.8776758409785932,528_right.jpg
0.83691650390625,0.9999212371025755,0.9299072265625,1,1,0,1,1.1111111111111112,1032_left.jpg
0.01213134765625,0.870195210303884,0.09754804766485405,0,0,0,0,2.8796992481203008,4898_right.jpg
0.46020751953125,0.9068439955225702,0.46020751953125,1,1,1,1,1.0,4583_left.jpg
0.00140380859375,0.5078260869565218,0.047286184210526314,1,1,0,1,33.68421052631579,2188_right.jpg
0.06992919921875,0.9998952623677687,0.5775497035931766,1,0,0,0,1.5138121546961325,3681_right.jpg
0.0262744140625,0.5702471659542836,0.1571553738317757,1,1,0,0,5.981308411214953,4225_right.jpg
0.00221923828125,1.0,0.7151848937844217,0,1,0,0,1.3225806451612903,4411_left.jpg
0.597021484375,1.0,0.6368229166666667,1,1,0,0,1.0666666666666667,5183_left.jpg
0.0273046875,0.6965307582260372,0.09601648351648352,1,1,0,0,3.5164835164835164,1318_left.jpg
0.2246923828125,0.974465958232827,0.3440266148325359,1,1,0,1,1.5311004784688995,4410_right.jpg
0.6264501953125,0.9998558033313327,0.7185091845878137,1,1,0,1,1.146953405017921,921_right.jpg
0.09513671875,0.7306251283104085,0.1848015782684574,1,0,0,1,1.4450261780104712,2030_left.jpg
0.08781005859375,0.5447771568382128,0.37465625,1,1,0,0,4.266666666666667,2948_right.jpg
0.276123046875,0.9826436781609196,0.332680326856215,1,0,0,1,1.0802139037433156,3279_right.jpg
0.3723291015625,0.994767418986794,0.45388690476190474,1,1,0,1,1.2190476190476192,649_right.jpg
0.14086669921875,0.9549905544290196,0.20772969470046082,1,1,0,1,1.4746543778801844,612_left.jpg
0.02871337890625,0.6733270980358813,0.09911762475033079,1,0,0,1,1.8537549407114624,61_right.jpg
0.21421142578125,0.5178194914578134,0.39058493589743587,1,1,0,1,1.8233618233618234,1850_right.jpg
0.00771240234375,0.9680278569167458,0.04146975425330813,1,0,0,1,2.25,4596_right.jpg
0.07568603515625,0.5900777394277604,0.10622601425438596,1,1,0,1,1.4035087719298245,1233_left.jpg
0.7438037109375,0.9991170543093658,0.8914501404494382,1,1,0,1,1.198501872659176,2900_right.jpg
0.0209130859375,1.0,0.39631720181363933,0,0,0,0,0.4719626168224299,2856_left.jpg
0.33510009765625,0.5377066379128205,0.3749371722027972,1,1,0,1,1.118881118881119,1027_left.jpg
0.0,0.0,0.0,0,0,0,0,0.0,2680_left.jpg
0.01894287109375,0.35223611290114704,0.14156175880313812,1,0,0,0,6.766666666666667,652_right.jpg
0.43601318359375,0.9999496055232346,0.6659867243436755,1,0,1,1,0.6546875,5174_right.jpg
0.00619140625,1.0,0.7540886113589057,0,0,0,0,1.0350877192982457,3405_right.jpg
0.40766845703125,0.9995089261652523,0.4422166313559322,1,1,0,1,1.0847457627118644,417_left.jpg
0.0166357421875,0.4666862342236572,0.11274923471498303,1,0,0,0,0.9294117647058824,1578_right.jpg
0.09905517578125,0.9999260592019323,0.49698060975759134,1,0,0,1,0.4562647754137116,2599_right.jpg
0.40993896484375,0.9998928003525678,0.4693397808586762,1,1,0,0,1.144901610017889,4920_right.jpg
0.2666748046875,0.9982605511306417,0.47017045454545453,1,1,0,1,1.7630853994490359,3236_left.jpg
0.40455078125,0.8757966011683483,0.40455078125,1,1,1,1,1.0,3773_left.jpg
0.275859375,0.5157179269328802,0.33,1,1,0,1,1.1962616822429906,5040_left.jpg
0.00983642578125,0.36237279722015386,0.09744358720100611,0,1,0,0,1.3815028901734103,5107_right.jpg
0.0,0.0,0.0,0,0,0,0,0.0,4095_left.jpg
0.0,0.0,0.0,0,0,0,0,0.0,5083_right.jpg
0.07900146484375,0.6208782718872647,0.2793421961325967,1,1,0,1,3.5359116022099446,2051_right.jpg
0.07550537109375,0.910531251010444,0.29552230248824674,0,1,0,0,0.8947368421052632,3372_right.jpg
0.1915576171875,0.9070250567153526,0.45745102611940297,1,1,0,0,2.388059701492537,2658_left.jpg
0.3957275390625,0.945740020976001,0.4538264041908036,1,0,0,1,0.9321486268174475,5039_left.jpg
0.27082275390625,0.9990354190518259,0.27082275390625,1,1,1,1,1.0,5118_right.jpg
0.33127685546875,0.5420624801939701,0.3642907001718213,1,1,0,1,1.0996563573883162,1928_left.jpg
0.68979248046875,1.0,0.848975360576923,1,1,0,1,1.2307692307692308,3397_right.jpg
0.15146484375,0.7542392005157963,0.315757328990228,1,1,0,0,2.0846905537459284,3933_right.jpg
0.07310302734375,0.5341816117289516,0.13600563226744186,1,1,0,1,1.8604651162790697,4370_right.jpg
0.30408447265625,1.0,0.650883152173913,1,1,0,0,2.140468227424749,3607_left.jpg
0.10200927734375,0.703683316181222,0.3297269570707071,1,1,0,0,3.2323232323232323,4283_right.jpg
0.0,0.0,0.0,0,0,0,0,0.0,1257_left.jpg
0.01163818359375,1.0,0.7114925373134329,0,0,0,0,2.68,4525_right.jpg
0.0414404296875,0.3504772004241782,0.3087416784895777,1,0,0,0,0.9705882352941176,3925_right.jpg
0.00047607421875,1.0,0.4148936170212766,0,0,0,0,4.7,1134_right.jpg
0.0,0.0,0.0,0,0,0,0,0.0,2186_right.jpg
0.15964599609375,0.9844168157697543,0.3766957964410597,0,1,0,1,0.7758985200845666,2082_left.jpg
0.89904296875,1.0,0.9133134920634921,1,1,0,1,1.0158730158730158,3335_right.jpg
0.2567724609375,0.9990491946678837,0.3588086790393013,1,1,0,0,1.3973799126637554,4890_left.jpg
0.06702880859375,0.722964851575305,0.2797135114208285,1,0,0,0,3.3567251461988303,4031_right.jpg
0.0,0.0,0.0,0,0,0,0,0.0,4514_right.jpg
0.19775146484375,0.7322806454400672,0.27693859409190374,1,1,0,0,1.400437636761488,5198_left.jpg
0.0001416015625,1.0,0.40559440559440557,0,1,0,0,0.8461538461538461,3195_left.jpg
0.13241943359375,0.7153524216891904,0.2673452287066246,1,1,0,1,2.0189274447949526,2066_left.jpg
0.27412353515625,0.9241634826907491,0.49982638888888886,1,1,0,1,1.8233618233618234,2467_left.jpg
0.78634765625,0.9996460594620104,0.8737196180555555,1,1,0,1,1.1111111111111112,954_left.jpg
0.3516748046875,0.9989378393013343,0.5358854166666667,1,1,0,0,1.5238095238095237,3010_right.jpg
0.2086181640625,0.9593212404915155,0.2086181640625,1,1,1,1,1.0,5237_left.jpg
0.01278564453125,0.5869772770670231,0.06114847508290131,1,0,0,0,2.557377049180328,1587_right.jpg
0.16441650390625,0.5821367584824412,0.44968616452991456,1,1,0,1,2.735042735042735,601_left.jpg
0.0162451171875,1.0,0.43592767295597484,0,0,0,0,2.9444444444444446,4679_right.jpg
0.114775390625,0.504232961796988,0.114775390625,1,1,1,1,1.0,47_right.jpg
0.07352294921875,0.48314793292379216,0.14568014705882354,1,1,0,1,1.9814241486068112,1593_right.jpg
0.80820556640625,1.0,0.80820556640625,1,1,1,1,1.0,778_right.jpg
0.78881103515625,1.0,0.78881103515625,1,1,1,1,1.0,720_left.jpg
0.22323974609375,0.6579249554347707,0.3092498647186147,1,1,0,1,1.3852813852813852,2469_right.jpg
0.0491455078125,0.999652260307998,0.15761656813999922,1,0,0,0,3.0390243902439025,3503_right.jpg
0.03568359375,0.8732211275314724,0.25915812617468703,1,0,0,0,2.1226993865030677,3855_left.jpg
0.147822265625,0.5837187025170113,0.4876610824742268,1,1,0,0,3.2989690721649483,3257_right.jpg
0.30825439453125,0.9383499259470462,0.484724355036855,1,1,0,0,1.5724815724815724,2491_left.jpg
0.1280859375,0.8620577920097591,0.27926287886046436,1,0,0,0,1.3148148148148149,3250_left.jpg
0.01122314453125,0.9136393299978247,0.3660031847133758,1,0,0,0,0.5095541401273885,206_right.jpg
0.08323974609375,0.7912010558732953,0.18692434210526315,1,1,0,0,2.245614035087719,3739_right.jpg
0.07245849609375,0.963138919774925,0.3139771068277511,1,0,0,0,4.145695364238411,4199_left.jpg
0.0,0.0,0.0,0,0,0,0,0.0,4603_right.jpg
0.01810791015625,0.5467170014830794,0.1601079330814895,0,0,0,0,3.8990825688073394,508_left.jpg
0.090654296875,0.7264892814822794,0.090654296875,1,1,1,1,1.0,4162_right.jpg
0.4338671875,0.8982342216620149,0.4338671875,1,1,1,1,1.0,1698_right.jpg
0.00511474609375,0.556563245823389,0.131265664160401,0,0,0,0,0.9022556390977443,3248_right.jpg
0.1816357421875,0.6582838248340009,0.2842221882640587,1,1,0,1,1.56479217603912,3611_right.jpg
0.01202392578125,0.8720812182741117,0.09054973340687626,1,0,0,0,4.933333333333334,2112_left.jpg
0.1181591796875,0.9622711682300922,0.3215215773809524,0,0,0,0,2.296875,1736_right.jpg
0.00015380859375,1.0,0.75,0,0,0,0,2.3333333333333335,2877_right.jpg
0.25105224609375,0.997860567338643,0.5382807428966269,1,0,0,0,0.5563139931740614,1659_left.jpg
0.15299072265625,0.6812255645096944,0.2985184832317073,1,1,0,1,1.951219512195122,842_right.jpg
0.9800830078125,1.0,0.9800830078125,1,1,1,1,1.0,776_right.jpg
4.150390625e-05,0.7647058823529411,0.0003335949764521193,1,0,0,0,7.9625,1617_left.jpg
0.0133056640625,0.8568807339449541,0.09001866442032935,1,0,0,1,1.2857142857142858,2675_left.jpg
0.0838134765625,0.6461695310224294,0.14048829196028842,1,0,0,0,1.4052757793764987,4141_left.jpg
0.7906201171875,0.9851005749788474,0.7906201171875,1,1,1,1,1.0,299_left.jpg
0.49718017578125,0.994961820815635,0.5671930704099821,1,1,0,1,1.1408199643493762,4457_right.jpg
0.1197509765625,0.4365341488277268,0.2615720989761092,1,1,0,0,2.1843003412969284,1566_left.jpg
0.44418701171875,0.8420349677639208,0.4818299788135593,1,1,0,1,1.0847457627118644,2935_left.jpg
0.00382568359375,0.7134652201659222,0.015898944805194805,1,1,0,0,4.1558441558441555,3694_left.jpg
0.9874951171875,1.0,0.9874951171875,1,1,1,1,1.0,324_left.jpg
0.00175537109375,0.980528511821975,0.48745762711864404,0,0,0,0,0.423728813559322,1671_left.jpg
0.48411376953125,0.9824401264795025,0.48411376953125,1,1,1,1,1.0,5192_right.jpg
0.0081396484375,0.5164967006598681,0.1661682615629984,1,0,0,0,10.363636363636363,1127_left.jpg
0.9507861328125,1.0,0.9507861328125,1,1,1,1,1.0,330_right.jpg
0.00998291015625,0.9992663242846662,0.5027046963363658,1,0,0,0,1.180722891566265,1787_left.jpg
0.7787158203125,0.9962660128792772,0.7787158203125,1,1,1,1,1.0,1103_right.jpg
0.02411865234375,0.8228565644295981,0.4633459969044604,0,1,0,0,2.0097087378640777,3079_right.jpg
0.0893212890625,0.936970425845952,0.4054299645390071,1,1,0,0,4.539007092198582,2130_right.jpg
0.0374755859375,0.6286644951140065,0.21908540762731218,0,1,0,0,5.206896551724138,3365_right.jpg
0.0,0.0,0.0,0,0,0,0,0.0,1271_left.jpg
0.00015869140625,0.6,0.15625,0,0,0,1,6.5,4575_left.jpg
0.35681396484375,0.9293196762252739,0.538587116745283,1,1,0,0,1.509433962264151,1571_right.jpg
0.19851318359375,0.9866930673586599,0.47054976851851854,1,1,0,1,2.3703703703703702,1851_left.jpg
0.09807861328125,0.4712617927463719,0.1168907122905028,1,1,0,1,1.191806331471136,4793_right.jpg
0.23655029296875,0.9431732565460156,0.3115065586419753,1,1,0,1,1.316872427983539,1942_left.jpg
0.02025634765625,0.5953959262383994,0.13408209437621202,0,0,0,0,1.8681318681318682,1726_left.jpg
0.3227734375,0.8372337528742587,0.38468342644320297,1,1,0,1,1.191806331471136,2083_left.jpg
0.1635498046875,0.8869682042095836,0.16882560483870968,1,1,1,0,1.032258064516129,337_right.jpg
0.00042236328125,1.0,0.726890756302521,1,0,0,0,1.2142857142857142,5032_right.jpg
0.23921142578125,0.953409334462804,0.40077306937172774,1,1,0,0,1.675392670157068,49_left.jpg
0.15312744140625,0.9559637123132603,0.15312744140625,1,1,1,1,1.0,3510_left.jpg
0.23588623046875,0.6798869787515913,0.6563790760869566,1,1,0,0,2.782608695652174,2091_left.jpg
0.02561279296875,0.7861023734629683,0.08957479508196721,1,1,0,1,3.4972677595628414,5002_left.jpg
0.068447265625,0.5517192181480953,0.3318655303030303,1,1,0,0,4.848484848484849,4330_left.jpg
0.0213671875,0.47463436928702013,0.05772858593987045,0,1,0,1,2.676470588235294,1670_left.jpg
0.9924267578125,1.0,0.9924267578125,1,1,1,1,1.0,683_left.jpg
0.31605712890625,0.6846056991896924,0.43500336021505376,1,1,0,0,1.3763440860215055,5121_left.jpg
0.16990234375,0.9928583745258076,0.22282274590163934,1,1,0,1,1.3114754098360655,185_right.jpg
0.5756005859375,0.9995291942010298,0.6613723070017953,1,1,0,1,1.1490125673249552,4945_right.jpg
0.0781396484375,0.20152471411610323,0.22731534090909092,1,1,0,0,2.909090909090909,3412_left.jpg
0.02491943359375,0.3016557264622318,0.07028065440123389,1,0,0,1,2.6982758620689653,409_right.jpg
0.037783203125,0.865339881106229,0.2583596267174171,0,1,0,0,3.959349593495935,1074_right.jpg
0.02729736328125,0.6532510508899025,0.10038246067657833,0,0,0,0,2.2805429864253393,516_left.jpg
0.123603515625,0.48516631113217984,0.18902329749103944,1,0,0,1,1.4351851851851851,1721_left.jpg
0.9959619140625,0.9998284086619308,0.9959619140625,1,1,1,1,1.0,4246_left.jpg
0.01412353515625,0.502333621434745,0.15320444915254236,1,1,0,0,10.847457627118644,3962_right.jpg
0.8956640625,1.0,0.8956640625,1,1,1,1,1.0,2549_left.jpg
0.0468896484375,0.6807247735082786,0.12556223849372386,1,1,0,1,2.6778242677824267,2663_left.jpg
0.218486328125,0.7469941447280204,0.39724786931818185,1,1,0,1,1.8181818181818181,2358_left.jpg
0.347802734375,0.9968341990734241,0.4515086206896552,1,1,0,1,1.2981744421906694,2710_right.jpg
0.06357421875,0.7665130568356375,0.17095588235294118,1,1,0,0,2.689075630252101,6_right.jpg
0.28362548828125,0.8951821851893297,0.3450956511406844,1,1,0,1,1.2167300380228137,955_left.jpg
0.0352197265625,0.3402883682240399,0.1122314023868428,1,0,0,1,2.608108108108108,3854_right.jpg
0.55032470703125,0.9998447294521612,0.6838986650485437,1,1,0,1,1.2427184466019416,3733_right.jpg
0.36455322265625,0.8403573509419304,0.36455322265625,1,1,1,1,1.0,4697_right.jpg
0.0,0.0,0.0,0,0,0,0,0.0,3545_right.jpg
0.059541015625,0.46797605379694934,0.25574664429530203,1,1,0,0,4.295302013422819,3827_right.jpg
0.04887451171875,0.5929866626704631,0.065166015625,1,1,0,0,1.3333333333333333,2019_right.jpg
0.59952392578125,0.6184757599820822,0.59952392578125,1,1,1,1,1.0,774_right.jpg
0.341953125,0.9977438885081106,0.5484232205924963,1,0,0,1,1.2017353579175705,347_left.jpg
0.2977001953125,0.8455198543522118,0.2977001953125,1,1,1,1,1.0,4441_left.jpg
0.07156982421875,0.5100119392802319,0.10727093091334895,1,1,0,1,1.4988290398126465,1594_left.jpg
0.03472900390625,0.9992970123022847,0.5017990687173698,0,1,0,0,4.907894736842105,4892_left.jpg
0.06322265625,0.6896045721346926,0.08190789473684211,1,1,0,1,1.2955465587044535,3746_left.jpg
0.0344580078125,0.6283831656511265,0.19583194583194583,1,0,0,0,3.5244755244755246,2129_left.jpg
0.03026123046875,0.8939088342073417,0.6096301396812905,1,0,0,0,2.402173913043478,3155_left.jpg
0.16382080078125,0.95919583910821,0.45984786184210524,1,1,0,0,2.807017543859649,4400_right.jpg
0.06556884765625,0.6554715716572961,0.10260161980440098,1,1,0,0,1.56479217603912,2615_right.jpg
0.0490625,0.8258359872611465,0.3558577702224111,1,0,0,0,5.221153846153846,2631_left.jpg
0.257080078125,0.8435707502374169,0.428466796875,1,1,0,1,1.6666666666666667,3789_left.jpg
0.00090576171875,0.9973045822102425,0.027953586497890294,1,0,0,1,30.095238095238095,1971_right.jpg
0.0397705078125,0.9573971761817066,0.4421344045163392,1,0,0,0,9.901639344262295,3429_left.jpg
0.2618212890625,0.9689860315921001,0.27813380984861646,0,1,1,0,0.9745627980922098,5250_left.jpg
0.100224609375,0.8030790217285394,0.1288027108433735,1,1,0,0,1.285140562248996,4114_right.jpg
0.01447509765625,0.9625569235958846,0.5931372549019608,0,0,0,0,3.843137254901961,5334_right.jpg
0.1997705078125,0.9732358907926576,0.20134350393700787,1,1,0,1,1.0078740157480315,5074_left.jpg
0.3866845703125,0.5194209084136224,0.3897293307086614,1,1,1,0,1.0078740157480315,2574_right.jpg
0.053857421875,0.7339528558476881,0.13242568313883687,0,1,0,0,2.390151515151515,4627_left.jpg
0.0468017578125,0.7382889932185707,0.06568667763157894,1,1,0,1,1.4035087719298245,1344_right.jpg
0.25988525390625,0.618361844639217,0.49798372005988023,1,1,0,0,1.9161676646706587,3810_right.jpg
0.0914599609375,0.989509369494421,0.28938017550364603,0,1,0,0,1.9003831417624522,921_left.jpg
0.0141064453125,0.9513672551055729,0.08133445945945945,1,1,0,0,5.7657657657657655,5310_right.jpg
0.46025390625,0.9925949501379164,0.6036116803278688,1,1,0,0,1.3114754098360655,1556_right.jpg
0.4923095703125,0.9969997520456236,0.7936476700251889,1,1,0,1,1.6120906801007557,3664_right.jpg
0.02583740234375,0.6180667107625437,0.09976432880844646,0,1,0,0,2.7897435897435896,902_right.jpg
0.04243408203125,0.973591853173005,0.4053404850746269,0,1,0,0,2.388059701492537,2076_right.jpg
0.12004150390625,0.5037116882588623,0.3866399308012896,0,1,0,0,1.7444444444444445,1613_right.jpg
0.0,0.0,0.0,0,0,0,0,0.0,3801_left.jpg
0.01138427734375,0.3409822003002359,0.15179036458333334,0,0,0,0,8.533333333333333,4733_left.jpg
0.466513671875,0.6524722111741433,0.466513671875,1,1,1,1,1.0,4858_left.jpg
0.0185986328125,0.5662903649251773,0.1735149416909621,1,0,0,0,3.5,3970_right.jpg
0.10779541015625,0.9023848889090209,0.24122049825174824,1,1,0,0,2.237762237762238,3819_left.jpg
0.07193603515625,0.45803495672832173,0.18269469246031747,1,1,0,1,2.5396825396825395,3839_right.jpg
0.0045361328125,0.6652314316469322,0.05825181840983196,0,1,0,0,6.152777777777778,4738_left.jpg
0.1776611328125,0.5502542256424351,0.3202904929577465,1,1,0,0,1.8028169014084507,4884_left.jpg
0.9980224609375,1.0,0.9980224609375,1,1,1,1,1.0,1560_right.jpg
0.24354736328125,0.9692151929187927,0.32677214360587004,1,1,0,1,1.3417190775681342,338_left.jpg
0.012529296875,0.6348402182385036,0.20788269129501358,1,0,0,0,16.23076923076923,2100_right.jpg
0.01579833984375,0.5149126873744398,0.16581253523292164,0,0,0,0,6.253164556962025,2407_left.jpg
0.0010791015625,1.0,0.7673611111111112,1,0,0,0,0.5625,2216_right.jpg
0.274228515625,0.9982372422634521,0.5969600340136054,1,1,0,0,2.17687074829932,2314_left.jpg
0.30500732421875,0.9965901177449953,0.3345535661683975,1,0,0,1,1.0764006791171477,4208_right.jpg
0.00310302734375,0.995279307631786,0.024839743589743588,1,0,0,0,1.1826923076923077,2399_right.jpg
0.047265625,0.6186466942148761,0.19025157232704404,1,1,0,0,4.0251572327044025,5325_right.jpg
0.7459326171875,1.0,0.884068287037037,1,1,1,0,1.1851851851851851,978_right.jpg
0.02190185546875,0.8635603611637499,0.09019525044740705,1,0,0,0,1.3248175182481752,2245_left.jpg
0.0316796875,0.7258014796547472,0.3069063386944182,0,0,0,0,2.157142857142857,5033_right.jpg
0.64587646484375,0.9997921005779604,0.64587646484375,1,1,1,1,1.0,317_left.jpg
0.64517333984375,1.0,0.64517333984375,1,1,1,1,1.0,4205_right.jpg
0.53102783203125,0.9977104395680179,0.53102783203125,1,1,1,1,1.0,4775_right.jpg
0.26065673828125,0.9977989041352503,0.40687881097560974,1,1,0,1,1.5609756097560976,4886_left.jpg
0.45101318359375,0.9226838444257991,0.45101318359375,1,1,1,1,1.0,4950_left.jpg
0.0,0.0,0.0,0,0,0,0,0.0,157_left.jpg
0.1453759765625,0.9872199643972727,0.1942393006263048,1,1,0,1,1.336116910229645,3557_left.jpg
0.36658203125,0.9851883424796206,0.4052029360967185,1,1,1,0,1.1053540587219344,914_right.jpg
0.18622314453125,0.9879649173407449,0.40538371598639455,1,1,0,1,2.17687074829932,863_right.jpg
0.04866943359375,0.3978931527464259,0.3034800876872488,0,1,0,0,3.551470588235294,2106_left.jpg
0.99768310546875,1.0,0.99768310546875,1,1,1,1,1.0,4247_left.jpg
0.9955419921875,1.0,0.9955419921875,1,1,1,1,1.0,3304_right.jpg
0.0552783203125,0.48546948149456765,0.21469344408412508,0,1,0,0,2.9523809523809526,3738_left.jpg
0.0015771484375,0.9891640866873065,0.08831168831168831,0,1,0,0,0.8105263157894737,5097_left.jpg
0.433837890625,0.8992853123241418,0.47707259450171824,1,1,0,1,1.0996563573883162,4091_right.jpg
0.0057763671875,0.5912933220625528,0.20335195530726258,0,1,0,0,2.753846153846154,4730_right.jpg
0.029619140625,0.5984174085064293,0.31104502102348475,1,0,0,0,4.061224489795919,1531_right.jpg
0.014248046875,0.48406442769019875,0.04182912844036697,1,1,0,1,2.9357798165137616,1471_right.jpg
0.25989501953125,0.996928221844382,0.31682440476190477,1,1,0,1,1.2190476190476192,694_left.jpg
0.011279296875,0.4597402597402597,0.07008495145631068,1,1,0,0,6.213592233009709,5281_right.jpg
0.03495361328125,0.7636376335824544,0.11899102393617021,1,1,0,0,3.404255319148936,499_left.jpg
0.43208740234375,0.5222365989953838,0.43208740234375,1,1,1,1,1.0,5195_right.jpg
0.07794677734375,0.2780718514110314,0.11905951670644391,1,1,0,1,1.5274463007159904,1689_right.jpg
0.52553955078125,0.9965390851106332,0.6543683122568094,1,1,0,1,1.245136186770428,3206_left.jpg
0.029853515625,0.57564605822702,0.054125354107648724,1,1,0,1,1.8130311614730878,4181_right.jpg
0.17713623046875,0.953249259182689,0.4929008152173913,1,1,0,1,2.782608695652174,3985_right.jpg
0.01626708984375,0.6660663364850667,0.03928655660377359,1,1,0,1,2.4150943396226414,4978_right.jpg
0.00072021484375,0.4576271186440678,0.019349337531155714,0,1,0,0,2.5714285714285716,268_left.jpg
0.73910400390625,1.0,0.8327932438380282,1,1,0,0,1.1267605633802817,1433_left.jpg
0.19576171875,0.8399306594831887,0.28539293849658315,1,1,0,0,1.457858769931663,1012_right.jpg
0.0404638671875,0.6505369856401593,0.29895382395382397,1,0,0,0,7.159090909090909,4317_left.jpg
0.125029296875,0.42331875341716785,0.1802224099099099,1,1,0,1,1.4414414414414414,2435_left.jpg
0.0141455078125,0.469278564031757,0.04210755813953489,1,1,0,1,2.9767441860465116,2706_right.jpg
0.03332763671875,0.43667130613141897,0.1622222222222222,0,0,0,0,3.090909090909091,3591_left.jpg
0.105439453125,0.8012642400666852,0.36875,1,1,0,0,3.4972677595628414,4813_left.jpg
0.16228271484375,0.9429676099351597,0.34831843382206523,1,0,0,1,2.106312292358804,3626_left.jpg
0.76572998046875,0.9995345026032783,0.76572998046875,1,1,1,1,1.0,1362_right.jpg
0.87207275390625,1.0,0.87207275390625,1,1,1,1,1.0,2362_right.jpg
0.64496337890625,0.9990877328457815,0.64496337890625,1,1,1,1,1.0,4954_right.jpg
0.67805419921875,0.5865855810118424,0.67805419921875,1,1,1,1,1.0,3948_left.jpg
0.1719189453125,0.5549575392655287,0.2664119249394673,1,1,0,1,1.549636803874092,2024_right.jpg
0.15774658203125,0.7330568151919892,0.22485036191536747,1,1,0,1,1.4253897550111359,5048_left.jpg
0.0614111328125,0.37926373538999764,0.2651697238034999,0,1,0,0,4.052287581699346,4682_left.jpg
0.03769287109375,0.9777187641686638,0.14712216504669334,1,0,0,1,2.3349056603773586,3743_right.jpg
0.27510009765625,0.9504441742618542,0.3254418900184843,1,1,1,0,1.1829944547134936,4825_right.jpg
0.0244482421875,0.7968843618933493,0.2131862985119111,1,0,0,0,4.102803738317757,2337_left.jpg
0.00028564453125,1.0,0.6882352941176471,0,0,0,0,1.7,90_left.jpg
0.0317822265625,0.6380396374251037,0.1303886217948718,1,1,0,0,4.102564102564102,4476_right.jpg
0.248310546875,0.8891335981437055,0.5552716631726066,1,0,0,0,2.2083333333333335,3640_right.jpg
0.00729248046875,0.4459323736190157,0.09849633977445096,0,0,0,0,8.711864406779661,4734_right.jpg
0.7483935546875,0.9998597255840962,0.8599135996409336,1,1,0,1,1.1490125673249552,3011_left.jpg
0.55964111328125,0.9999738253013363,0.55964111328125,1,1,1,1,1.0,5327_left.jpg
0.80230712890625,0.9962175732217573,0.80230712890625,1,1,1,1,1.0,2360_right.jpg
0.09379150390625,0.5901033396673347,0.15672731723237598,1,1,0,1,1.671018276762402,793_left.jpg
0.55182373046875,0.9998628482437939,0.6638480968045113,1,1,0,1,1.2030075187969924,336_right.jpg
0.9306591796875,1.0,0.9306591796875,1,1,1,1,1.0,1421_left.jpg
0.01234130859375,0.2799208704253215,0.3343253968253968,1,0,0,0,6.5625,387_left.jpg
0.2567724609375,0.9990491946678837,0.3588086790393013,1,1,0,0,1.3973799126637554,4889_left.jpg
0.00126708984375,1.0,0.7279102384291725,0,0,0,0,1.3478260869565217,1491_left.jpg
0.23616943359375,0.9980668837545873,0.7096170774647887,1,1,0,0,3.004694835680751,503_left.jpg
0.04931884765625,0.668778773328053,0.12525421626984126,1,1,0,0,2.5396825396825395,3233_right.jpg
0.01582275390625,0.9134392840611016,0.0438379329004329,1,1,0,1,2.7705627705627704,474_right.jpg
0.03888427734375,0.7448985998618698,0.35551339285714284,1,1,0,0,9.142857142857142,3433_left.jpg
0.252548828125,0.5187154402381965,0.2767658390410959,1,1,0,1,1.095890410958904,5040_right.jpg
0.046259765625,0.7166455562592358,0.5820304100752572,1,0,0,0,4.5058823529411764,2642_right.jpg
0.29777587890625,0.5110560880223664,0.48247231012658226,1,1,0,1,1.620253164556962,3215_left.jpg
0.0202392578125,0.6451145958986731,0.13264,0,0,0,0,6.25,2966_right.jpg
0.17666259765625,0.5794419645941875,0.2265812875751503,1,1,0,1,1.282565130260521,4792_left.jpg
0.237373046875,0.9994343193318797,0.237373046875,1,1,1,1,1.0,4851_right.jpg
0.048447265625,0.4582745414231002,0.41204318936877077,0,0,0,0,7.525,2768_right.jpg
0.05687744140625,0.7051980941752157,0.2601853920035738,0,0,0,0,2.616216216216216,3709_left.jpg
0.23787109375,0.7152783479760243,0.46555810397553515,1,1,0,0,1.9571865443425076,5301_left.jpg
0.00941162109375,0.9470817120622568,0.06235442546583851,0,0,0,0,3.7734375,130_right.jpg
0.1341748046875,0.6450198333272681,0.1815473044397463,1,1,0,1,1.3530655391120507,916_right.jpg
0.2151904296875,0.9543463955889361,0.40746116863905324,1,1,0,1,1.893491124260355,2812_left.jpg
0.1580615234375,0.9960458435018998,0.1747139464594128,1,1,0,1,1.1053540587219344,589_left.jpg
0.2264306640625,0.8852888534276411,0.2786838942307692,1,1,0,1,1.2307692307692308,2911_left.jpg
0.0741259765625,0.7822936565443647,0.09883463541666666,1,1,0,1,1.3333333333333333,1916_left.jpg
0.023955078125,0.8856502242152466,0.22976770325964782,0,0,0,0,2.3088235294117645,2294_left.jpg
0.26704345703125,0.6886570793830739,0.3575477248953975,1,1,0,0,1.3389121338912133,3713_right.jpg
0.20107421875,0.7028169014084507,0.3789768178095177,1,0,0,1,1.667590027700831,1086_right.jpg
0.07634033203125,0.8553519460168217,0.18937136627906978,1,1,0,1,2.4806201550387597,1014_right.jpg
0.03357177734375,0.5169078612464548,0.22866122353958462,1,0,0,0,4.107438016528926,5034_left.jpg
0.34269775390625,0.9993944531912317,0.5771751644736842,1,1,0,1,1.6842105263157894,375_left.jpg
0.07990966796875,1.0,0.6174495378230522,0,0,0,0,1.4684210526315788,4979_left.jpg
0.12082275390625,0.6007799713067551,0.3290492021276596,1,1,0,0,2.723404255319149,1801_left.jpg
0.203779296875,0.6551013562083673,0.3268640350877193,1,1,0,1,1.6040100250626566,2526_right.jpg
0.049541015625,0.2633550167553716,0.11529545454545455,1,1,0,0,2.327272727272727,2557_right.jpg
0.0,0.0,0.0,0,0,0,0,0.0,2859_left.jpg
0.5666650390625,0.7828966075844657,0.5666650390625,1,1,1,1,1.0,3723_right.jpg
0.40868408203125,0.996804004850744,0.644231065270936,1,1,0,1,1.5763546798029557,5047_right.jpg
0.0850439453125,0.7700809553884136,0.18325968013468014,1,1,0,0,2.154882154882155,4262_left.jpg
0.7430859375,0.9842920412132682,0.7430859375,1,1,1,1,1.0,4547_right.jpg
0.05492431640625,0.3747610792550118,0.1351983173076923,1,1,0,0,2.4615384615384617,2166_left.jpg
0.05582275390625,0.5939208397113492,0.14702289094650206,1,1,0,0,2.633744855967078,1451_right.jpg
0.0188232421875,0.9025940337224384,0.08866655166465413,1,0,0,1,2.486631016042781,1656_left.jpg
7.080078125e-05,0.5862068965517241,0.005492424242424242,0,0,0,0,5.866666666666666,67_right.jpg
0.00086669921875,1.0,0.874384236453202,1,0,0,0,2.0714285714285716,2043_right.jpg
0.46141845703125,0.9946401265628555,0.46141845703125,1,1,1,1,1.0,2253_left.jpg
0.5296533203125,0.6320881694062117,0.7196987791932059,1,1,0,1,1.3588110403397027,2798_right.jpg
0.238994140625,0.7916479385445184,0.3147247942386831,1,1,0,1,1.316872427983539,1472_right.jpg
0.168017578125,0.8085004359197907,0.19270833333333334,1,1,0,1,1.146953405017921,3640_left.jpg
0.0621142578125,0.4734690668972565,0.14047040636042402,1,1,0,1,2.2614840989399294,566_left.jpg
0.078935546875,0.5012062353086725,0.40094246031746034,1,1,0,0,5.079365079365079,2691_left.jpg
7.32421875e-06,1.0,1.0,1,0,0,0,3.0,2990_right.jpg
0.0,0.0,0.0,0,0,0,0,0.0,849_left.jpg
0.892919921875,1.0,0.892919921875,1,1,1,1,1.0,4057_right.jpg
0.01852783203125,0.9629727236790091,0.16886960391633288,0,0,0,1,6.369047619047619,780_left.jpg
0.115791015625,0.584401619296618,0.18207923832923834,1,1,0,1,1.5724815724815724,1675_left.jpg
0.59518798828125,0.6477486679054428,0.6875817915162454,1,1,0,1,1.1552346570397112,4530_right.jpg
0.379296875,0.6253411431513903,0.4156678082191781,1,1,1,0,1.095890410958904,340_left.jpg
0.22204345703125,0.9972512067202498,0.5465685096153846,1,1,0,1,2.4615384615384617,4673_right.jpg
0.0,0.0,0.0,0,0,0,0,0.0,76_left.jpg
0.2971923828125,0.9753388647005669,0.47789729899497485,1,1,0,1,1.6080402010050252,4548_right.jpg
0.03366943359375,0.8839823073018636,0.15961805555555555,1,1,0,0,4.7407407407407405,827_left.jpg
0.721044921875,0.99729125753369,0.721044921875,1,1,1,1,1.0,1943_right.jpg
0.2541552734375,0.9721811300455323,0.44933529005524864,1,1,0,1,1.7679558011049723,5020_right.jpg
0.21730224609375,0.9108609435212961,0.3738533266129032,1,1,0,1,1.7204301075268817,4413_left.jpg
0.8682275390625,1.0,0.8682275390625,1,1,1,1,1.0,3602_right.jpg
0.1510888671875,0.7824225188249362,0.2810955668604651,1,1,0,1,1.8604651162790697,5125_right.jpg
0.11069580078125,0.32253368915551045,0.18692694591029024,1,1,0,1,1.6886543535620053,1247_right.jpg
0.61984130859375,0.9992555743303123,0.61984130859375,1,1,1,1,1.0,1547_left.jpg
0.09286865234375,0.8373248508110097,0.2919384794854871,1,0,0,1,2.5286343612334803,3985_left.jpg
0.06599365234375,0.667788835041249,0.16307311776061775,1,1,0,1,2.471042471042471,5289_right.jpg
0.07099853515625,0.7805783845122245,0.44115594660194174,1,1,0,0,6.213592233009709,465_left.jpg
0.03345458984375,0.7564037072173977,0.10746102449888642,1,0,0,1,1.5809859154929577,626_right.jpg
0.0407568359375,0.9321912064214688,0.10734310699588477,1,1,0,1,2.633744855967078,1019_right.jpg
0.019345703125,0.7358657243816255,0.09917644997371648,1,0,0,1,2.412087912087912,1301_left.jpg
0.43016845703125,0.9990748991186003,0.5699954710144928,1,1,0,0,1.3250517598343685,1102_left.jpg
4.8828125e-06,1.0,0.5,0,0,0,0,1.0,1443_right.jpg
0.0230078125,0.5717317487266553,0.17756340204243132,1,0,0,0,3.7478991596638656,497_left.jpg
0.10435302734375,0.7338277612708514,0.37732168079096046,1,1,0,0,3.615819209039548,3688_right.jpg
0.0082080078125,1.0,0.5894109396914446,0,0,0,0,2.6956521739130435,1168_left.jpg
0.044921875,0.3808695652173913,0.1842948717948718,1,0,0,0,3.9,1015_left.jpg
0.02504638671875,0.8041719465834877,0.42348813209494324,0,1,0,0,3.3529411764705883,1578_left.jpg
0.47697509765625,0.910098326756036,0.47697509765625,1,1,1,1,1.0,1107_right.jpg
0.02573974609375,0.7374561320307312,0.16642725220603324,0,0,0,0,3.097902097902098,1297_left.jpg
0.38915283203125,0.907087335395271,0.6045092536407767,1,1,0,1,1.5533980582524272,2022_left.jpg
0.376650390625,0.9999740724415982,0.4296902852049911,1,1,1,0,1.1408199643493762,3901_right.jpg
0.23592041015625,0.9989341115353968,0.5431261241007195,1,1,0,0,2.302158273381295,861_left.jpg
0.0,0.0,0.0,0,0,0,0,0.0,3079_left.jpg
0.0537451171875,0.4848732624693377,0.23399234693877552,1,1,0,0,4.35374149659864,4750_right.jpg
0.0012890625,1.0,0.6139534883720931,0,0,0,0,0.46511627906976744,232_right.jpg
0.00809326171875,0.5927601809954751,0.1472547974413646,0,0,0,0,5.014925373134329,5269_left.jpg
0.01740234375,0.7401795735129069,0.03600727419680744,1,0,0,0,0.8244897959183674,4815_right.jpg
0.0,0.0,0.0,0,0,0,0,0.0,4644_left.jpg
0.5250390625,0.9999674503385165,0.7385164835164835,1,1,0,1,1.4065934065934067,788_right.jpg
0.0772509765625,0.7753934643827823,0.21128472222222222,1,1,0,1,2.735042735042735,4453_left.jpg
4.8828125e-06,1.0,0.5,0,0,0,0,1.0,4081_left.jpg
0.078330078125,0.5768295723725221,0.22890981735159818,1,1,0,1,2.922374429223744,642_left.jpg
0.0537451171875,0.49900063595893523,0.13488970588235294,1,1,0,1,2.5098039215686274,1086_left.jpg
0.05196044921875,0.7423295588028004,0.10573564845865316,0,1,0,1,1.2271604938271605,1396_left.jpg
0.9881591796875,1.0,0.9881591796875,1,1,1,1,1.0,4305_left.jpg
0.00490478515625,0.5370831259333001,0.07214680744092508,0,0,0,0,7.015873015873016,4482_right.jpg
0.1521337890625,0.622540681066855,0.2758233002832861,1,1,0,1,1.8130311614730878,986_left.jpg
0.03260986328125,0.7071947293553942,0.16304931640625,1,1,0,0,5.0,2956_right.jpg
0.15343017578125,0.6904288328427083,0.31173115079365077,1,1,0,0,2.0317460317460316,39_left.jpg
0.999130859375,1.0,0.999130859375,1,1,1,1,1.0,26_left.jpg
0.66875732421875,0.962828970185052,0.66875732421875,1,1,1,1,1.0,4220_left.jpg
0.17271484375,0.9984168268687097,0.5526875,1,1,0,1,3.2,156_right.jpg
0.16813232421875,0.7982052361798829,0.3048291430594901,1,1,0,0,1.8130311614730878,2928_left.jpg
0.00540771484375,0.9756207674943567,0.05290183902555529,0,0,0,0,6.708860759493671,4325_left.jpg
0.00054443359375,0.5022421524663677,0.03160430839002268,0,0,0,1,49.0,201_left.jpg
0.01054931640625,0.8421661652395279,0.19784798534798534,1,0,0,0,1.980952380952381,1438_left.jpg
0.0238330078125,0.589018643720549,0.06928121274058933,1,0,0,1,2.710526315789474,5129_right.jpg
0.8942822265625,1.0,0.8942822265625,1,1,1,1,1.0,4933_right.jpg
0.2268115234375,0.9875137241394157,0.47907384488448845,1,1,0,0,2.112211221122112,2804_left.jpg
0.04212158203125,0.8046136903726888,0.18863159275780636,1,0,0,1,1.8558558558558558,2127_right.jpg
0.0004296875,0.7443181818181818,0.2619047619047619,0,0,0,1,3.4285714285714284,3030_left.jpg
0.04360107421875,0.3984545607256845,0.11457330921128604,1,0,0,1,2.5140562248995986,4127_right.jpg
0.42084716796875,0.9555166232545728,0.42084716796875,1,1,1,1,1.0,3648_left.jpg
0.5882080078125,1.0,0.7651486280487805,1,1,0,1,1.3008130081300813,1639_right.jpg
0.05784423828125,0.5916515426497277,0.23628258571514052,0,1,0,0,3.0607734806629834,1830_left.jpg
0.07918212890625,0.5635926371288502,0.2895803571428571,1,1,0,0,3.657142857142857,3459_right.jpg
0.49750732421875,0.999018544599787,0.5605716329225352,1,1,0,1,1.1267605633802817,5181_left.jpg
0.0133056640625,0.8568807339449541,0.09001866442032935,1,0,0,1,1.2857142857142858,2677_left.jpg
0.35730712890625,0.9165442457619591,0.35730712890625,1,1,1,1,1.0,3525_left.jpg
0.16985595703125,0.8169835999597544,0.47264266304347824,1,1,0,0,2.782608695652174,1_right.jpg
0.1056005859375,0.8853747630276969,0.11780310045428301,0,1,0,0,0.9739413680781759,1559_right.jpg
0.45836669921875,0.9996963999424758,0.6728318520642201,1,1,0,0,1.4678899082568808,994_right.jpg
0.0861474609375,0.7029983562886131,0.11344521604938272,1,1,1,0,1.316872427983539,5178_right.jpg
0.82251953125,0.9973167430484648,0.8490524193548387,1,1,0,1,1.032258064516129,449_left.jpg
0.00341796875,0.9478571428571428,0.07954545454545454,0,0,0,0,5.818181818181818,4107_right.jpg
0.227783203125,0.9983601286173633,0.29751275510204084,1,1,0,1,1.3061224489795917,309_left.jpg
0.33992919921875,0.9962078500377061,0.5332222732843137,1,1,0,1,1.5686274509803921,48_left.jpg
0.31613037109375,0.9947330620062246,0.31613037109375,1,1,1,1,1.0,2312_left.jpg
0.48779296875,0.9996946946946947,0.6670673076923077,1,1,0,1,1.3675213675213675,1397_right.jpg
0.0687255859375,0.9273889875666075,0.37600512916410656,1,0,0,0,2.716867469879518,555_right.jpg
0.14245849609375,0.6503401826875289,0.14245849609375,1,1,1,1,1.0,1702_left.jpg
0.20713623046875,0.7982744598847282,0.2609237184928221,1,0,0,1,0.9404761904761905,1558_left.jpg
0.12179931640625,0.4015915332037122,0.25726588283828383,1,1,0,0,2.112211221122112,3914_left.jpg
0.001171875,0.6729166666666667,0.3007518796992481,0,0,0,0,1.105263157894737,1285_right.jpg
0.0317822265625,0.6380396374251037,0.1303886217948718,1,1,0,0,4.102564102564102,4477_right.jpg
0.1776611328125,0.5502542256424351,0.3202904929577465,1,1,0,0,1.8028169014084507,4882_left.jpg
0.0,0.0,0.0,0,0,0,0,0.0,3619_right.jpg
0.1509619140625,0.9918491444836174,0.31368709415584417,1,1,0,1,2.0779220779220777,5154_right.jpg
0.03835205078125,0.5568782226748997,0.2190292940700771,0,0,0,0,5.239316239316239,1582_left.jpg
0.7215966796875,0.9627900367430625,0.7215966796875,1,1,1,1,1.0,1426_left.jpg
0.0236572265625,0.5380804953560372,0.05357142857142857,1,0,0,0,1.5647058823529412,2624_right.jpg
0.0,0.0,0.0,0,0,0,0,0.0,2738_left.jpg
0.02701171875,0.6603398409255242,0.08193127962085309,1,1,0,1,3.0331753554502368,4976_right.jpg
0.12829833984375,0.9609902761127286,0.1800845061734741,1,0,0,0,1.3731019522776573,2279_right.jpg
0.0,0.0,0.0,0,0,0,0,0.0,2815_left.jpg
0.111103515625,0.9125867979256395,0.20432830459770115,1,1,0,1,1.839080459770115,1876_left.jpg
0.016650390625,0.8463343108504399,0.379838485101643,0,0,0,0,1.6285714285714286,4154_right.jpg
0.0787744140625,0.5560652079588422,0.08890346152044593,1,0,1,0,1.0901213171577122,2296_left.jpg
0.0,0.0,0.0,0,0,0,0,0.0,3077_right.jpg
0.32552490234375,0.9999925000937488,0.7465481909497094,0,1,0,0,2.13840830449827,1534_right.jpg
0.00111328125,1.0,0.6514285714285715,0,0,0,0,1.12,4176_left.jpg
0.0,0.0,0.0,0,0,0,0,0.0,4093_right.jpg
0.0695849609375,0.7374219353027858,0.36503586065573773,1,1,0,0,5.245901639344262,2318_left.jpg
0.05232666015625,0.3948117389072925,0.31668144208037824,1,0,0,0,4.7,829_right.jpg
0.2227978515625,0.989841986455982,0.34778201219512195,1,1,0,0,1.5609756097560976,415_right.jpg
0.31031494140625,0.9985209079107824,0.31031494140625,1,1,1,1,1.0,1827_right.jpg
0.717255859375,0.9902650891118766,0.717255859375,1,1,1,1,1.0,2440_left.jpg
0.0792529296875,0.9405150637668659,0.13708614864864865,1,1,0,0,1.7297297297297298,3424_right.jpg
0.6136572265625,0.9530025382528227,0.6136572265625,1,1,1,1,1.0,2315_left.jpg
0.00671875,0.9792877906976745,0.27426749053219057,1,0,0,0,2.9827586206896552,1617_right.jpg
0.112880859375,0.9994376676183061,0.6239676113360324,0,1,0,0,0.7015384615384616,5280_left.jpg
0.06556884765625,0.8026957590199948,0.12991969814241486,1,1,0,1,1.9814241486068112,740_right.jpg
0.17092041015625,0.9946721135853962,0.48647765964839135,1,0,0,0,0.8560975609756097,2485_right.jpg
0.035556640625,0.811864872287833,0.10514764276947512,1,0,0,1,1.7052631578947368,4527_right.jpg
0.31186767578125,0.9949350639183974,0.5014957600502512,1,1,0,1,1.6080402010050252,3848_left.jpg
0.16886474609375,0.985816935821996,0.4678503787878788,1,1,0,1,2.7705627705627704,3987_right.jpg
0.90217529296875,1.0,0.90217529296875,1,1,1,1,1.0,727_right.jpg
0.13646484375,0.932750107342207,0.22110759493670887,1,1,0,1,1.620253164556962,669_right.jpg
0.074892578125,0.8495566566697093,0.22383725172569793,1,0,0,1,2.1752988047808763,23_left.jpg
0.04294677734375,0.8540731055653459,0.24878724878724878,0,0,0,0,3.272108843537415,39_right.jpg
0.22724853515625,0.5429142359880105,0.34794034090909093,1,1,0,0,1.5311004784688995,4830_left.jpg
0.08502685546875,0.6843540930886955,0.1596909532761704,1,0,0,1,1.4637305699481866,1628_right.jpg
0.03631103515625,0.48833456599206615,0.04271886488970588,1,1,0,1,1.1764705882352942,684_right.jpg
0.00025390625,0.75,0.3501683501683502,0,0,0,1,3.6666666666666665,3540_left.jpg
0.1404833984375,0.7877897883285252,0.5763421474358974,1,1,0,0,4.102564102564102,843_right.jpg
0.4397705078125,0.8358574362960084,0.4946452108963093,1,1,0,1,1.124780316344464,582_left.jpg
0.14124267578125,0.6239952984287764,0.33233570772058824,1,1,0,0,2.3529411764705883,2237_left.jpg
0.00775390625,0.6593198992443325,0.22453163662071404,0,0,0,0,2.971014492753623,3791_right.jpg
0.1015234375,0.6868026163909196,0.4959923664122137,1,1,0,0,4.885496183206107,6_left.jpg
0.482216796875,0.9991950019238948,0.5386016579406632,1,1,0,1,1.1169284467713787,3305_right.jpg
0.22227294921875,0.9949913777006469,0.3565280388471178,1,0,1,1,0.6234375,1425_right.jpg
0.5090283203125,0.9962061986206102,0.5090283203125,1,1,1,1,1.0,5014_left.jpg
0.73711181640625,0.9731817263456335,0.73711181640625,1,1,1,1,1.0,722_right.jpg
0.09835693359375,0.5778538982798421,0.166090864116095,1,1,0,0,1.6886543535620053,4148_right.jpg
0.454892578125,0.9763476524763316,0.454892578125,1,1,1,1,1.0,5132_left.jpg
0.0016748046875,0.9606413994169096,0.03389830508474576,0,0,0,0,8.428571428571429,5081_right.jpg
0.438759765625,0.9985977876204678,0.438759765625,1,1,1,1,1.0,5193_right.jpg
0.166142578125,0.9808528772115441,0.3827123695976155,1,0,0,0,1.9114754098360656,2067_right.jpg
0.68111328125,1.0,0.68111328125,1,1,1,1,1.0,2194_left.jpg
0.05607421875,0.4913357715081853,0.08905086848635235,1,1,0,0,1.588089330024814,2978_right.jpg
0.0,0.0,0.0,0,0,0,0,0.0,2230_right.jpg
0.9939599609375,1.0,0.9939599609375,1,1,1,1,1.0,3021_right.jpg
0.43784423828125,0.997769612079781,0.6052274568034557,1,1,0,1,1.3822894168466522,2022_right.jpg
0.04284423828125,0.2614393982563109,0.17245479559748428,1,1,0,0,4.0251572327044025,1452_right.jpg
0.01238037109375,0.7570498915401301,0.04404356586992774,1,0,0,1,2.294642857142857,3146_right.jpg
0.0342138671875,0.7537462537462537,0.20038320750400365,1,0,0,0,4.548387096774194,5027_right.jpg
0.00667236328125,1.0,0.6507142857142857,0,0,0,0,1.1666666666666667,1614_left.jpg
0.11602294921875,0.9295078172674284,0.290057373046875,1,1,0,1,2.5,5259_left.jpg
0.48080078125,0.9982481618393793,0.48080078125,1,1,1,1,1.0,721_left.jpg
0.8961572265625,1.0,0.9543105241264559,1,1,0,1,1.064891846921797,3936_left.jpg
0.1847900390625,0.9763905403620029,0.2829321172248804,1,1,0,1,1.5311004784688995,2546_left.jpg
0.01427490234375,0.4681033008380366,0.3132433301189328,0,1,0,0,1.2540983606557377,2349_right.jpg
0.0001123046875,1.0,0.8363636363636363,0,0,0,1,2.2,1677_left.jpg
0.04706298828125,0.5799138870156144,0.29822091584158417,1,1,0,0,6.336633663366337,3598_right.jpg
0.018154296875,0.44257665411511565,0.07451499118165784,1,0,0,0,2.5454545454545454,2704_right.jpg
0.03767578125,0.488011923276309,0.21920454545454546,1,1,0,0,5.818181818181818,4824_right.jpg
0.37114990234375,0.9981252836741809,0.6267438984168865,1,1,0,0,1.6886543535620053,1603_right.jpg
0.4242919921875,0.8325392715346107,0.5113877118644068,1,1,0,1,1.2052730696798493,4379_left.jpg
0.02968994140625,0.574870487624373,0.1313637591142317,0,0,0,0,3.5714285714285716,404_right.jpg
0.100546875,0.5034236596736597,0.2306451612903226,1,1,0,1,2.293906810035842,4390_left.jpg
0.15349853515625,0.46974058816980263,0.2135631793478261,1,1,0,0,1.391304347826087,504_left.jpg
0.2118115234375,0.7012033472417529,0.2118115234375,1,1,1,1,1.0,725_right.jpg
0.1719580078125,0.7486157253599114,0.2690785452322738,1,1,0,1,1.56479217603912,2484_left.jpg
0.470908203125,0.921584994089712,0.6226885330578512,1,1,0,0,1.322314049586777,3732_left.jpg
0.12056640625,0.8107686700145796,0.19099628712871286,1,1,0,0,1.5841584158415842,593_right.jpg
0.256484375,0.9850270332013402,0.41547101162698724,0,0,0,0,1.1446808510638298,4209_right.jpg
0.99197998046875,1.0,0.99197998046875,1,1,1,1,1.0,3022_right.jpg
0.02605224609375,0.495829819135976,0.1620648806269364,1,0,0,0,4.728813559322034,5132_right.jpg
0.0038427734375,1.0,0.5152209492635025,0,0,0,0,1.3829787234042554,2743_left.jpg
0.23863037109375,0.6883357375975773,0.5553579545454546,1,1,0,0,2.327272727272727,4935_left.jpg
0.50709228515625,0.9049180327868852,0.50709228515625,1,1,1,1,1.0,1020_right.jpg
0.01971435546875,0.7456346749226006,0.21614025695931477,0,0,0,0,5.8375,2956_left.jpg
0.1905029296875,0.9254901960784314,0.19445275119617225,1,1,1,0,1.0207336523125996,257_right.jpg
0.00827392578125,0.548539392151077,0.03293616855854455,1,0,0,1,1.847457627118644,895_right.jpg
0.03302001953125,0.8879852125693161,0.07629174187725632,1,1,0,0,2.3104693140794224,3669_right.jpg
0.2158447265625,0.5854654450853976,0.37328998479986486,1,0,0,1,1.6230366492146597,1105_left.jpg
0.19452392578125,0.8546255506607929,0.34296229338842976,1,1,0,1,1.7630853994490359,3845_right.jpg
0.36659423828125,0.9999533821267074,0.3783483464566929,0,1,1,0,1.016,911_right.jpg
0.03051025390625,0.33071937264943585,0.0803562242798354,1,1,0,0,2.633744855967078,2639_left.jpg
0.00570556640625,0.8160034231921267,0.02104722792607803,1,0,0,1,2.1359649122807016,2047_left.jpg
0.050546875,0.4253767387944359,0.22006802721088436,1,1,0,0,4.35374149659864,3395_right.jpg
0.01950439453125,0.5036925772937789,0.1481914301613801,0,1,0,0,6.655555555555556,4570_left.jpg
0.00107666015625,0.5873015873015873,0.0035020011435105774,1,0,0,1,3.212121212121212,1137_right.jpg
0.00947998046875,0.5918104558331188,0.03095503826530612,1,1,0,1,3.2653061224489797,3447_right.jpg
0.111708984375,0.645532826296005,0.21945323741007194,1,0,0,0,1.4826666666666666,3775_right.jpg
0.092041015625,0.3897082228116711,0.20668859649122806,1,1,0,1,2.245614035087719,5142_right.jpg
0.8204296875,0.9998482359662906,0.8204296875,1,1,1,1,1.0,4939_right.jpg
0.4814794921875,0.9658797042806292,0.4814794921875,1,1,1,1,1.0,1994_left.jpg
0.42381591796875,0.8518678533367896,0.42381591796875,1,1,1,1,1.0,4852_right.jpg
0.0316552734375,0.6982878297084683,0.08424294401995945,1,0,0,1,2.628099173553719,43_right.jpg
0.01491455078125,0.869045670322475,0.09466914613358128,0,0,0,0,3.5407407407407407,842_left.jpg
0.08640380859375,1.0,0.6213307584269663,1,1,0,0,7.191011235955056,4204_left.jpg
0.96122314453125,0.9997714094133604,0.96122314453125,1,1,1,1,1.0,1097_right.jpg
0.228037109375,0.764228512697529,0.2972377800407332,1,1,1,0,1.3034623217922607,5056_right.jpg
0.297119140625,0.9767543138866064,0.548000720461095,1,1,0,1,1.8443804034582132,661_right.jpg
0.0972216796875,0.9558033247953392,0.3638706140350877,1,1,0,0,3.742690058479532,4389_left.jpg
0.053623046875,0.755736659989073,0.13327831648442334,1,0,0,0,2.400763358778626,1595_right.jpg
0.0,0.0,0.0,0,0,0,0,0.0,246_right.jpg
0.0844873046875,0.9996243425995492,0.4720823954709774,0,1,0,0,2.2375690607734806,1609_left.jpg
0.0625341796875,0.47669243382525184,0.3378442545109212,0,1,0,0,3.1153846153846154,3325_right.jpg
0.95104736328125,0.9991040921681226,0.95104736328125,1,1,1,1,1.0,4159_right.jpg
0.088701171875,0.719723659583838,0.2796490147783251,1,1,0,1,3.1527093596059115,2433_right.jpg
0.06012939453125,0.47094888139997565,0.24511345541401275,1,1,0,0,4.076433121019108,2723_right.jpg
0.1474365234375,0.9339460175525749,0.22150088028169015,1,1,0,1,1.5023474178403755,569_left.jpg
0.83431884765625,0.9967870028706286,0.83431884765625,1,1,1,1,1.0,2598_left.jpg
0.54669921875,0.9999776713943768,0.6882426343580381,0,1,0,1,1.2315175097276265,4668_right.jpg
0.00991943359375,0.7696283534334236,0.16727048167970357,0,0,0,0,4.957142857142857,141_right.jpg
0.0,0.0,0.0,0,0,0,0,0.0,247_right.jpg
0.209365234375,0.9697980316246093,0.3308487654320988,1,1,0,1,1.5802469135802468,3118_left.jpg
0.00459228515625,0.7352472089314195,0.01346553081824039,1,0,0,0,2.663755458515284,1258_left.jpg
0.01433349609375,0.29041049225004256,0.18106957809030347,1,0,0,0,4.595238095238095,1206_left.jpg
0.3816064453125,0.9962701367829769,0.7878326612903226,1,1,0,1,2.064516129032258,1154_left.jpg
0.02331787109375,0.9555020416710293,0.2790242477359042,1,0,0,0,6.985714285714286,235_left.jpg
0.5398095703125,1.0,0.6481765947467167,1,1,0,0,1.200750469043152,1010_left.jpg
0.454892578125,0.9763476524763316,0.454892578125,1,1,1,1,1.0,5133_left.jpg
0.8762841796875,1.0,0.8762841796875,1,1,1,1,1.0,666_left.jpg
0.0,0.0,0.0,0,0,0,0,0.0,2875_right.jpg
0.0164990234375,0.5640722107132288,0.06709357160585754,1,0,0,0,1.7932489451476794,1573_left.jpg
0.03025634765625,0.41652545791979345,0.09825888397316969,1,0,0,1,2.3636363636363638,457_right.jpg
0.01767333984375,0.5706589307915458,0.3181278839815425,0,1,0,0,16.62162162162162,509_right.jpg
0.002451171875,1.0,0.7275362318840579,0,0,0,0,0.6521739130434783,3173_right.jpg
0.99771484375,1.0,0.99771484375,1,1,1,1,1.0,2437_right.jpg
0.0213916015625,0.5832001826067108,0.07446880843107258,1,0,0,1,3.437837837837838,553_right.jpg
0.0644775390625,0.666868610374858,0.09069368131868132,1,1,0,1,1.4065934065934067,1630_right.jpg
0.0366015625,0.9409018143009605,0.11641559248330487,0,0,0,0,2.331914893617021,4070_right.jpg
0.475927734375,0.9979121781060839,0.6345703125,1,1,0,1,1.3333333333333333,618_left.jpg
0.67015869140625,0.9991985340459094,0.67015869140625,1,1,1,1,1.0,4541_left.jpg
0.00204833984375,1.0,0.7457777777777778,0,0,0,0,1.8,2867_right.jpg
0.04130859375,0.5313238770685579,0.484092469672694,1,0,0,0,7.5588235294117645,4414_left.jpg
0.2927099609375,0.9960131449447012,0.33002738896458705,0,1,0,1,1.0615384615384615,1743_right.jpg
0.98960693359375,1.0,0.98960693359375,1,1,1,1,1.0,2553_right.jpg
0.00774169921875,0.8962472406181016,0.2483358132978307,0,1,0,0,1.0,1973_right.jpg
0.05764892578125,0.5189514250624656,0.18720863856911807,0,1,0,1,1.6557971014492754,5339_right.jpg
0.77710693359375,0.998642802612605,0.8207069925742574,1,1,0,1,1.056105610561056,4386_left.jpg
0.597216796875,0.6502984220423514,0.6874437949640287,1,1,0,1,1.1510791366906474,2450_right.jpg
0.03054931640625,0.6925597378726125,0.1599187178897324,1,0,0,1,2.1904761904761907,2206_left.jpg
0.01238037109375,0.7570498915401301,0.04404356586992774,1,0,0,1,2.294642857142857,3149_right.jpg
0.03012939453125,0.9105420954541771,0.2317297581493165,1,0,0,0,7.5476190476190474,3348_left.jpg
0.36720703125,0.8342973777990532,0.38717051070840197,1,1,0,0,1.0543657331136738,4524_left.jpg
0.0192138671875,0.5024142312579416,0.058004127358490566,1,1,0,1,3.018867924528302,66_right.jpg
0.10652587890625,0.7615566199894576,0.2775989311617254,1,0,0,1,2.140221402214022,912_left.jpg
0.767451171875,0.9615839769936504,0.7846146166134186,1,1,0,1,1.0223642172523961,324_right.jpg
0.1158056640625,0.42410507231100053,0.27148580586080584,1,1,0,0,2.3443223443223444,4638_right.jpg
0.07597412109375,0.5443941000674829,0.07958009410801964,1,0,1,1,0.9546875,1677_right.jpg
0.00180419921875,1.0,0.637618636755824,1,0,0,1,3.210526315789474,2876_right.jpg
0.99047119140625,1.0,0.99047119140625,1,1,1,1,1.0,395_left.jpg
0.0272998046875,0.9935610803076372,0.24236512993909443,0,0,0,0,5.571428571428571,410_left.jpg
0.17181640625,0.9049818119813573,0.2183217000155111,1,0,0,0,1.1695238095238096,3603_left.jpg
0.0,0.0,0.0,0,0,0,0,0.0,4621_left.jpg
0.1221044921875,0.8725356900067981,0.27909598214285714,1,1,0,0,2.2857142857142856,909_left.jpg
0.7058154296875,0.9813975690240815,0.7058154296875,1,1,1,1,1.0,3112_right.jpg
0.32544677734375,0.8090065489898952,0.4036549176356589,1,1,0,1,1.2403100775193798,4067_left.jpg
0.00226806640625,0.8482238966630786,0.3609168609168609,0,1,0,0,0.5909090909090909,3803_left.jpg
0.6269189453125,0.9989602236882072,0.7126609680284192,1,1,0,1,1.1367673179396092,2561_left.jpg
0.08705078125,0.7564505272604891,0.4918408166080419,1,0,0,0,3.977777777777778,2661_left.jpg
0.0238525390625,0.9502558853633573,0.3161812297734628,1,0,0,0,8.583333333333334,3150_left.jpg
0.23712646484375,0.8587725349284957,0.38420490506329114,1,1,0,1,1.620253164556962,1708_right.jpg
0.82987060546875,1.0,0.82987060546875,1,1,1,1,1.0,3208_left.jpg
0.0557958984375,0.6160847116478516,0.3045981607357057,0,1,0,0,5.040983606557377,1364_left.jpg
0.00074951171875,0.739413680781759,0.02220936120957824,1,0,0,1,26.130434782608695,4984_right.jpg
0.0839599609375,0.9205583018319279,0.16844631661442006,1,1,0,1,2.006269592476489,3393_left.jpg
0.1928564453125,0.8117578550269641,0.2924837085308057,1,1,0,1,1.5165876777251184,1880_right.jpg
0.0,0.0,0.0,0,0,0,0,0.0,966_right.jpg
0.44509521484375,0.9966266434828398,0.44509521484375,1,1,1,1,1.0,2042_right.jpg
0.31738037109375,0.9911999323071716,0.3436944796954315,1,1,0,1,1.0829103214890017,5160_right.jpg
0.010263671875,0.9881065651760228,0.21469792145447117,0,0,0,0,1.7102803738317758,1665_right.jpg
0.54250244140625,1.0,0.54250244140625,1,1,1,1,1.0,4834_right.jpg
0.0551318359375,0.6009210875918873,0.07911294843049327,1,1,0,1,1.4349775784753362,2571_left.jpg
0.0035791015625,1.0,0.8568088836937463,0,0,0,0,2.0344827586206895,54_right.jpg
0.09403076171875,0.33052057639880567,0.14859182098765433,1,1,0,0,1.5802469135802468,3866_right.jpg
0.08209716796875,0.5505694828560384,0.17003944174757282,1,1,0,0,2.071197411003236,3672_right.jpg
0.0093408203125,0.7462101411395714,0.10313224432583967,1,0,0,0,5.654320987654321,516_right.jpg
0.004677734375,0.8867432150313153,0.03634432262225426,0,1,0,0,7.127906976744186,3639_right.jpg
2.44140625e-05,1.0,0.5,0,0,0,0,1.25,5021_right.jpg
0.001513671875,0.6016129032258064,0.02756045519203414,0,1,0,0,3.8947368421052633,1982_left.jpg
0.0995654296875,0.4313177382178412,0.15970394736842106,1,1,0,1,1.6040100250626566,556_left.jpg
0.02962158203125,0.8912058023572076,0.06866051723162243,1,0,0,0,1.051219512195122,687_right.jpg
0.02727294921875,0.3547578551606839,0.15383238315569142,1,0,0,0,4.105263157894737,1583_left.jpg
0.1193017578125,0.532128678426718,0.3235301906779661,1,1,0,0,2.711864406779661,604_right.jpg
0.45969482421875,0.9953582486682847,0.5488893423507463,1,1,0,1,1.1940298507462686,3721_left.jpg
0.0,0.0,0.0,0,0,0,0,0.0,2388_right.jpg
0.2687060546875,0.9237702385927932,0.4094568452380952,1,1,0,1,1.5238095238095237,2700_left.jpg
0.61957275390625,0.9867403271376051,0.6766664889078499,1,1,0,1,1.0921501706484642,3040_right.jpg
0.008662109375,1.0,0.6865325077399381,0,0,0,0,0.8947368421052632,4324_left.jpg
0.00947998046875,0.5918104558331188,0.03095503826530612,1,1,0,1,3.2653061224489797,3448_right.jpg
0.07999267578125,0.6051579429269037,0.28695667405260067,0,1,0,0,2.2158590308370045,1496_left.jpg
0.11340087890625,0.6542013821610799,0.2868638833992095,1,1,0,1,2.5296442687747036,2109_right.jpg
0.43749267578125,0.9985100196989904,0.5894638157894737,1,1,0,1,1.3473684210526315,113_left.jpg
0.89840576171875,0.9979781894469099,0.89840576171875,1,1,1,1,1.0,1281_left.jpg
0.105595703125,0.9581753444927402,0.22329605881320405,1,0,0,1,1.0876777251184835,4322_left.jpg
0.13957763671875,0.6148571828374526,0.17515625,1,1,0,1,1.2549019607843137,1742_right.jpg
0.13144287109375,0.63587733798919,0.2972559628975265,1,1,0,0,2.2614840989399294,1768_left.jpg
0.45851318359375,0.993221764896942,0.5632407629558541,1,1,0,1,1.2284069097888675,4613_left.jpg
0.20853515625,0.774503605881802,0.37915482954545454,1,1,0,1,1.8181818181818181,2446_left.jpg
0.0249609375,0.6607003129890454,0.07160666760050427,0,0,0,0,2.5635593220338984,3341_right.jpg
0.25358642578125,0.7056965986001598,0.2872483407079646,1,1,0,1,1.1327433628318584,4451_left.jpg
0.0007373046875,0.5860927152317881,0.003005094730138513,0,0,0,1,3.2443181818181817,556_right.jpg
0.2601513671875,0.5786801554083222,0.2601513671875,1,1,1,1,1.0,2295_left.jpg
0.50036865234375,0.5909656454469605,0.6562211834016394,1,1,0,1,1.3114754098360655,3009_left.jpg
0.15086669921875,0.7796747309652885,0.32400901845637586,1,1,0,1,2.1476510067114094,1775_left.jpg
0.99376220703125,1.0,0.99376220703125,1,1,1,1,1.0,4241_left.jpg
0.07992431640625,1.0,0.6915877978705425,1,0,0,0,0.31443298969072164,3221_right.jpg
0.11059326171875,0.5604317976114263,0.3805359543010753,1,1,0,0,3.4408602150537635,4891_right.jpg
0.26815673828125,0.9934084142866247,0.26815673828125,1,1,1,1,1.0,1561_left.jpg
0.36376708984375,0.9966442727803543,0.43534117537062683,1,0,0,1,1.083629893238434,1715_left.jpg
0.68436767578125,0.8606470531576751,0.68436767578125,1,1,1,1,1.0,862_right.jpg
0.420009765625,0.9932455997581902,0.4525357744107744,1,1,0,1,1.0774410774410774,5193_left.jpg
0.0838916015625,0.965194109772423,0.23264410773043018,1,0,0,0,1.5469255663430421,3689_right.jpg
0.0,0.0,0.0,0,0,0,0,0.0,1822_left.jpg
0.25548828125,0.7871626786942895,0.2873681898066784,1,1,0,1,1.124780316344464,4855_left.jpg
0.00904296875,0.7243520518358532,0.11725229503007281,0,1,0,0,4.814814814814815,3455_right.jpg
0.48785400390625,0.8516602026773427,0.48785400390625,1,1,1,1,1.0,2928_right.jpg
0.04404541015625,0.6162629565988581,0.2894804402939572,1,0,0,0,5.990196078431373,4389_right.jpg
0.1468017578125,0.8552137036421088,0.33245974876150036,1,0,0,0,1.8343949044585988,4383_right.jpg
0.07236083984375,0.5910793211646816,0.2597178408692604,1,0,0,1,3.522222222222222,872_right.jpg
0.99370849609375,1.0,0.99370849609375,1,1,1,1,1.0,4241_right.jpg
0.02560791015625,0.9875107255219754,0.24381682938168295,0,1,0,0,1.3277777777777777,4343_right.jpg
0.5848046875,0.9992652461425422,0.7008895131086142,1,1,0,1,1.198501872659176,4318_right.jpg
0.0,0.0,0.0,0,0,0,0,0.0,244_left.jpg
0.3074658203125,0.520899172608744,0.4250067494600432,1,1,0,0,1.3822894168466522,1839_right.jpg
0.01589599609375,0.5389341115036093,0.2304044729112849,0,0,0,0,4.766233766233766,1526_right.jpg
0.0,0.0,0.0,0,0,0,0,0.0,1121_right.jpg
0.00601318359375,1.0,0.6066502463054187,0,0,0,0,5.178571428571429,2390_right.jpg
0.02232177734375,0.7417696598490648,0.395937987181708,0,1,0,0,2.7282608695652173,3531_left.jpg
0.01932861328125,0.671845395983327,0.09864683014354067,0,0,0,0,1.8373205741626795,120_right.jpg
0.004892578125,0.5164670658682635,0.3593329747175901,0,1,0,0,5.121212121212121,2407_right.jpg
0.2738818359375,0.797623504662067,0.37215366242038217,1,1,0,1,1.3588110403397027,1172_right.jpg
0.04635498046875,0.7067467214409859,0.09632203733766234,1,1,0,1,2.0779220779220777,1437_right.jpg
0.8846044921875,0.999315548637445,0.8846044921875,1,1,1,1,1.0,2440_right.jpg
0.0022900390625,0.9914712153518124,0.43425925925925923,0,0,0,0,2.4,2829_left.jpg
0.50021728515625,0.9913367725939412,0.6277236519607843,1,1,0,1,1.2549019607843137,2567_left.jpg
0.00904541015625,0.5843454790823212,0.10143737166324435,0,1,0,0,6.493333333333333,3878_left.jpg
0.1084423828125,0.6017830609212481,0.24524072438162545,1,1,0,1,2.2614840989399294,3686_left.jpg
0.0316552734375,0.6982878297084683,0.08424294401995945,1,0,0,1,2.628099173553719,44_right.jpg
0.353603515625,0.9963821149437985,0.3835699152542373,1,1,0,1,1.0847457627118644,5123_right.jpg
0.37955810546875,0.8100432889294834,0.37955810546875,1,1,1,1,1.0,659_left.jpg
0.12832275390625,0.7074066322939061,0.37161340497737555,1,1,0,0,2.8959276018099547,3374_left.jpg
0.01575927734375,0.6776142525174284,0.04535553681843733,1,0,0,1,2.470833333333333,4609_right.jpg
0.01130859375,0.6575993091537133,0.06207451085499866,1,0,0,0,2.2527472527472527,4515_right.jpg
0.0496826171875,0.28235872235872234,0.06808752676659528,1,1,0,0,1.3704496788008564,2964_right.jpg
0.074306640625,0.7802930739913261,0.39302685950413224,1,1,0,0,5.289256198347108,1510_left.jpg
0.15242431640625,0.9032402735732705,0.2886140902366864,1,1,0,1,1.893491124260355,1449_left.jpg
0.063134765625,0.9938128383604021,0.5350049652432969,1,0,0,0,1.9119496855345912,5161_right.jpg
0.80109375,1.0,0.80109375,1,1,1,1,1.0,4215_right.jpg
0.000126953125,0.6923076923076923,0.02155887230514096,1,0,0,0,0.014925373134328358,3434_left.jpg
0.014638671875,0.4122748498999333,0.14112219920918848,0,0,0,0,3.327433628318584,4164_right.jpg
0.34727294921875,0.9977643891087786,0.6122718663911846,1,1,0,1,1.7630853994490359,5011_right.jpg
0.71511474609375,0.9995288671302888,0.7527523643092106,1,1,1,0,1.0526315789473684,4614_right.jpg
0.55384033203125,0.9986334763040383,0.55384033203125,1,1,1,1,1.0,4959_left.jpg
0.09051025390625,0.9918808836619643,0.22109375,1,1,0,1,2.4427480916030535,2396_left.jpg
0.2474560546875,0.845774383867085,0.312987895256917,1,1,0,1,1.2648221343873518,4155_left.jpg
9.765625e-06,1.0,1.0,0,0,0,0,1.0,5311_right.jpg
0.97040283203125,1.0,0.97040283203125,1,1,1,1,1.0,3302_left.jpg
0.00324462890625,1.0,0.6292613636363636,0,0,0,0,0.9166666666666666,4043_right.jpg
0.0,0.0,0.0,0,0,0,0,0.0,3467_left.jpg
0.0400390625,0.630670731707317,0.1775276033773544,0,1,0,0,4.1610738255033555,2712_right.jpg
0.0123681640625,0.8290564547966838,0.10843321917808219,1,1,0,0,8.767123287671232,8_right.jpg
0.02900390625,0.4014309764309764,0.06978383458646617,1,1,0,0,2.406015037593985,595_right.jpg
0.07594970703125,0.5439904850686297,0.34719866071428573,1,1,0,0,4.571428571428571,602_left.jpg
0.24797607421875,0.4433352039460082,0.4959521484375,1,1,0,1,2.0,1034_right.jpg
0.86180908203125,0.9982266138239135,0.86180908203125,1,1,1,1,1.0,2347_right.jpg
0.0,0.0,0.0,0,0,0,0,0.0,244_right.jpg
0.0,0.0,0.0,0,0,0,0,0.0,212_left.jpg
0.00911376953125,0.5001339405304045,0.3763104838709677,1,0,0,0,2.421875,2120_left.jpg
0.24099365234375,0.9333002400948223,0.4645660768072289,1,1,0,0,1.927710843373494,3849_right.jpg
0.0,0.0,0.0,0,0,0,0,0.0,4108_left.jpg
0.01477783203125,0.7051049066578556,0.09540697307862052,1,0,0,0,6.098039215686274,2309_left.jpg
0.875283203125,1.0,0.875283203125,1,1,1,1,1.0,4175_right.jpg
0.201171875,0.9914320388349515,0.5390341868041291,1,0,0,1,1.1927374301675977,3660_right.jpg
0.43601318359375,0.9999496055232346,0.6659867243436755,1,0,1,1,0.6546875,5173_right.jpg
0.02090576171875,0.5002919537545253,0.1832833904109589,1,1,0,0,8.767123287671232,807_right.jpg
0.0559130859375,0.7999738014147236,0.22226319875776399,1,1,0,0,3.9751552795031055,4966_right.jpg
0.9616845703125,1.0,0.9616845703125,1,1,1,1,1.0,3899_right.jpg
0.06127197265625,0.7968283061720525,0.10476595993370987,0,1,0,1,1.599483204134367,4588_right.jpg
0.0150537109375,0.5147583522542978,0.17299329461605364,0,1,0,0,3.0,2636_right.jpg
0.78199951171875,1.0,0.78199951171875,1,1,1,1,1.0,1935_left.jpg
0.2350439453125,0.9983276897189273,0.41100580601092895,1,1,0,1,1.7486338797814207,30_left.jpg
0.35730712890625,0.9165442457619591,0.35730712890625,1,1,1,1,1.0,3523_left.jpg
0.1596240234375,0.5796549509039185,0.25668184673366834,1,1,0,1,1.6080402010050252,1988_left.jpg
0.0017333984375,1.0,0.5186267348429511,0,0,0,0,1.0,422_left.jpg
0.6392138671875,0.9946299394244945,0.6392138671875,1,1,1,1,1.0,1949_left.jpg
0.16225341796875,0.37444138491400714,0.4554481907894737,1,1,0,0,2.807017543859649,2790_left.jpg
0.0200341796875,0.9954911040701926,0.6591694111976866,0,0,0,0,3.5762711864406778,4396_left.jpg
0.162158203125,0.888256549232159,0.3413856907894737,1,1,0,1,2.1052631578947367,4638_left.jpg
7.32421875e-06,1.0,0.75,0,0,0,0,1.0,548_right.jpg
0.04508056640625,0.841700514486867,0.10569245299218682,1,0,0,1,2.150877192982456,4970_left.jpg
0.05401123046875,0.5609546625683678,0.2848772824435345,0,1,0,0,4.666666666666667,3752_left.jpg
0.2964990234375,0.7464799170001483,0.45615234375,1,1,0,1,1.5384615384615385,1175_right.jpg
0.6238525390625,0.9609126130004305,0.6238525390625,1,1,1,1,1.0,3784_left.jpg
0.11738525390625,0.8241301137663526,0.2621389394715895,1,0,0,1,1.8722044728434504,5244_right.jpg
0.00385009765625,0.7704502219403931,0.1532555879494655,1,0,0,0,23.333333333333332,2677_right.jpg
0.00849609375,0.45977011494252873,0.0614059853190288,0,0,0,0,4.517857142857143,2833_right.jpg
0.24511474609375,0.993655315291985,0.3440348424414381,1,0,0,1,0.8498293515358362,3749_right.jpg
0.13291259765625,0.8750941386087692,0.21426715994962217,1,1,0,1,1.6120906801007557,4872_left.jpg
0.0401513671875,0.866350480359966,0.11028701716738197,1,1,0,1,2.7467811158798283,3741_right.jpg
0.9162109375,1.0,0.9162109375,1,1,1,1,1.0,1816_right.jpg
0.0470849609375,0.943845276366276,0.10355455326460482,1,1,0,0,2.1993127147766325,4395_right.jpg
0.09319580078125,0.7265868545830823,0.21378248207885306,1,1,0,1,2.293906810035842,123_left.jpg
0.03305419921875,0.8183026811433636,0.39424028885912293,0,0,0,0,1.448051948051948,4289_right.jpg
0.06345458984375,0.2856373360009234,0.2104193652849741,1,1,0,0,3.316062176165803,4864_right.jpg
0.5410400390625,0.9996390054600424,0.5410400390625,1,1,1,1,1.0,4829_left.jpg
0.0011181640625,0.44541484716157204,0.0762951857404631,0,0,0,0,7.137931034482759,1980_left.jpg
0.8816796875,1.0,0.9311468646864687,1,1,0,1,1.056105610561056,1280_left.jpg
0.27123779296875,0.9968316546503568,0.4103440124692516,1,0,0,1,1.2467811158798283,676_left.jpg
0.15593505859375,0.8938172253448357,0.40568470528455286,1,1,0,1,2.6016260162601625,3956_right.jpg
0.1234326171875,0.48668855571818503,0.24920149842271294,1,1,0,1,2.0189274447949526,2958_left.jpg
0.0,0.0,0.0,0,0,0,0,0.0,3636_right.jpg
0.07658447265625,0.49472409066275624,0.13577302631578947,1,1,0,1,1.7728531855955678,197_left.jpg
0.16345458984375,0.7575689683499873,0.22594154967602592,1,1,0,0,1.3822894168466522,1557_left.jpg
0.21056884765625,0.5402961193752971,0.32869283536585364,1,1,0,1,1.5609756097560976,2778_right.jpg
0.338359375,0.9737142114984992,0.338359375,1,1,1,1,1.0,4190_left.jpg
0.0056005859375,0.9960767218831735,0.11194612531719696,0,0,0,0,0.43119266055045874,2431_left.jpg
0.0233837890625,0.884213823345166,0.09606627750697078,0,0,0,0,3.293103448275862,22_right.jpg
0.02009521484375,0.9449641598833678,0.18843864468864469,1,0,0,0,6.190476190476191,3375_right.jpg
0.07370361328125,0.824638113220047,0.3350982350982351,0,0,0,0,2.71978021978022,2851_left.jpg
0.28706787109375,0.9763401171938121,0.3652553429423459,1,1,0,0,1.2723658051689861,2303_left.jpg
0.05546142578125,0.6257428357617644,0.18880485372340425,1,1,0,1,3.404255319148936,4355_right.jpg
0.01329833984375,0.7916284193133836,0.06046041823913333,1,0,0,1,2.207920792079208,2733_right.jpg
0.0536962890625,0.5704737655724288,0.10639512383900929,1,1,0,1,1.9814241486068112,1373_left.jpg
0.1938720703125,0.9964110313562523,0.23322955827067668,1,1,0,1,1.2030075187969924,1156_right.jpg
0.0141552734375,0.30217316315971027,0.05100999436936937,1,0,0,0,3.0833333333333335,2699_right.jpg
0.93815673828125,0.9996174554804057,0.93815673828125,1,1,1,1,1.0,4458_left.jpg
0.0011279296875,0.8593073593073594,0.05501309835675161,0,1,0,0,29.058823529411764,2744_left.jpg
0.218486328125,0.7469941447280204,0.39724786931818185,1,1,0,1,1.8181818181818181,2359_left.jpg
0.00351318359375,0.9277275886031967,0.18477144324601952,0,0,0,0,4.0227272727272725,3736_right.jpg
0.00208984375,0.39485981308411217,0.010873983739837398,1,1,0,0,5.203252032520325,504_right.jpg
0.1756298828125,0.42474074897828684,0.2754978553921569,1,1,0,0,1.5686274509803921,3612_right.jpg
0.38912109375,0.8180871354715655,0.5321314102564103,1,1,0,1,1.3675213675213675,3219_left.jpg
0.108994140625,0.8981946062180808,0.19817116477272728,1,1,0,1,1.8181818181818181,1808_right.jpg
0.02804931640625,0.4956044912525024,0.12625274725274727,1,0,0,0,2.9714285714285715,3586_left.jpg
0.019755859375,0.8492338111715274,0.11854325979314992,1,0,0,0,1.9731182795698925,1445_left.jpg
0.03291015625,0.27722551928783384,0.288527397260274,1,1,0,0,8.767123287671232,2168_right.jpg
0.056904296875,0.9369744293804703,0.1785232843137255,1,1,0,1,3.1372549019607843,4698_right.jpg
0.004638671875,0.5678947368421052,0.03158244680851064,1,1,0,0,6.808510638297872,1805_right.jpg
0.70227294921875,0.9990231217690883,0.8157072368421052,1,1,0,1,1.161524500907441,3108_right.jpg
0.83479736328125,1.0,0.83479736328125,1,1,1,1,1.0,4836_right.jpg
0.50905517578125,0.9913528912421047,0.5393962127483444,1,1,1,0,1.0596026490066226,1870_right.jpg
0.8775048828125,1.0,0.8775048828125,1,1,1,1,1.0,1753_right.jpg
0.01509765625,0.8762936610608021,0.10502717391304348,1,1,0,0,6.956521739130435,488_left.jpg
0.1817138671875,0.41633749832056965,0.28434443765281175,1,1,0,0,1.56479217603912,993_right.jpg
0.0914599609375,0.989509369494421,0.28938017550364603,0,1,0,0,1.9003831417624522,922_left.jpg
0.01919677734375,0.5052778837593793,0.0925821264570823,1,0,0,0,2.3526315789473684,968_right.jpg
0.42065185546875,0.9987637769226752,0.7436938881215469,1,1,0,1,1.7679558011049723,3286_left.jpg
0.599609375,0.9971254071661237,0.6438758389261745,1,1,0,1,1.0738255033557047,2884_right.jpg
0.1248828125,0.9422700969659056,0.2553514376996805,1,1,0,1,2.0447284345047922,1327_right.jpg
0.04561279296875,0.5445592249638709,0.14380387931034483,1,1,0,1,3.1527093596059115,5109_right.jpg
0.0752978515625,0.5906880228260165,0.20163441422594142,1,1,0,1,2.6778242677824267,1762_right.jpg
0.019453125,0.38165160642570284,0.18847127279608297,0,1,0,0,9.417910447761194,2177_right.jpg
0.0321484375,0.8338396111786148,0.2940992540313575,1,0,0,1,0.33242506811989103,3309_left.jpg
0.141455078125,0.7971177079737659,0.2548426256619575,1,0,0,1,1.1128318584070795,186_left.jpg
0.0631787109375,0.9599273514181931,0.31344476744186045,1,1,0,0,4.961240310077519,1477_right.jpg
0.0,0.0,0.0,0,0,0,0,0.0,3239_right.jpg
0.0166748046875,0.724597364568082,0.15607504398893993,1,0,0,0,5.781609195402299,5270_left.jpg
0.103232421875,0.9912023460410557,0.2247236394557823,1,1,0,1,2.17687074829932,1755_left.jpg
0.1040771484375,0.9607553366174055,0.20002815315315314,1,1,0,1,1.921921921921922,1326_right.jpg
0.19911865234375,0.9521695950171042,0.33892536569148934,1,1,0,1,1.702127659574468,1181_right.jpg
0.99642822265625,1.0,0.99642822265625,1,1,1,1,1.0,3411_right.jpg
0.0196875,0.4154265873015873,0.08926080892608089,0,1,0,0,2.5291005291005293,4706_right.jpg
0.478779296875,0.9985416199237155,0.478779296875,1,1,1,1,1.0,1551_right.jpg
0.0506103515625,0.4663772310660878,0.14206414473684212,1,1,0,0,2.807017543859649,3608_right.jpg
0.1134912109375,0.7844297207761477,0.17846283783783784,1,1,0,1,1.5724815724815724,344_left.jpg
0.00180908203125,0.7219973009446694,0.09018987341772151,0,1,0,1,48.61538461538461,2217_right.jpg
0.1448046875,0.3173050984623685,0.22826354679802954,1,1,0,1,1.5763546798029557,2938_right.jpg
0.0001025390625,0.9285714285714286,0.03746654772524532,1,0,0,1,3.1052631578947367,2076_left.jpg
0.0,0.0,0.0,0,0,0,0,0.0,1080_left.jpg
0.0,0.0,0.0,0,0,0,0,0.0,2404_left.jpg
0.2956005859375,0.8980574505690546,0.495247054973822,1,1,0,1,1.675392670157068,4140_right.jpg
0.434091796875,0.8597613102067445,0.434091796875,1,1,1,1,1.0,1933_left.jpg
0.0,0.0,0.0,0,0,0,0,0.0,4770_right.jpg
0.03915771484375,0.34066961780659644,0.17283405172413793,1,1,0,0,4.413793103448276,4316_left.jpg
0.05270751953125,0.4480985687155496,0.3243539663461538,1,1,0,0,6.153846153846154,56_left.jpg
0.13569091796875,0.9152557620684071,0.2787256022948386,0,1,0,0,1.646551724137931,137_left.jpg
0.01836669921875,0.5511099295493819,0.12696189286799203,0,0,0,0,5.273584905660377,1448_right.jpg
0.187744140625,0.9879713914174252,0.4548304292794871,0,0,0,0,1.8415841584158417,1489_right.jpg
0.8275048828125,0.9967221917355567,0.8841454507512521,1,1,0,1,1.0684474123539232,2181_left.jpg
0.092373046875,0.7058621418754625,0.3248282967032967,1,1,0,0,3.5164835164835164,4200_left.jpg
0.73999267578125,1.0,0.7763857581967213,1,1,0,1,1.0491803278688525,252_right.jpg
0.8794873046875,1.0,0.8794873046875,1,1,1,1,1.0,1417_right.jpg
0.079228515625,0.953377295698262,0.20121527777777778,1,1,0,0,2.5396825396825395,4012_right.jpg
0.046455078125,0.5550241749001471,0.3811698717948718,1,1,0,0,8.205128205128204,3445_left.jpg
0.12067626953125,0.6538267009245584,0.19803285256410255,1,1,0,1,1.641025641025641,2947_right.jpg
0.02359375,0.976510761589404,0.06088709677419355,1,1,0,1,2.5806451612903225,2546_right.jpg
0.00236083984375,0.5149948293691831,0.011582225416217512,1,0,0,0,1.3043478260869565,380_left.jpg
0.2394384765625,0.6181964638946101,0.25329028925619834,1,0,1,1,0.9453125,5169_right.jpg
0.25686279296875,0.9990590337512237,0.3382555298353909,1,1,0,1,1.316872427983539,4338_right.jpg
0.860380859375,1.0,0.8881350806451613,1,1,0,1,1.032258064516129,4219_right.jpg
0.000859375,0.7670454545454546,0.21256038647342995,0,1,0,1,2.875,3676_left.jpg
0.0306005859375,0.9141535024732726,0.38365472910927456,0,1,0,0,2.231404958677686,853_left.jpg
0.3204638671875,0.6038762170315857,0.475862819025522,1,1,0,1,1.4849187935034802,3488_right.jpg
0.07060302734375,0.7052802655693489,0.3322495404411765,1,1,0,0,4.705882352941177,3484_left.jpg
0.03917236328125,0.6193829853536927,0.189684115950253,1,0,0,1,1.6271929824561404,1240_right.jpg
0.2551416015625,0.9919908904751881,0.3110297619047619,1,1,0,0,1.2190476190476192,198_right.jpg
0.04886474609375,0.4086435173619785,0.06798573369565217,1,1,0,0,1.391304347826087,4140_left.jpg
0.0067041015625,0.9253459577567371,0.050127783862723624,0,0,0,0,2.012121212121212,2270_left.jpg
0.06904296875,0.9817538896746818,0.13895440251572327,1,1,0,1,2.0125786163522013,4480_left.jpg
0.0333203125,0.9955304806565064,0.09520089285714285,1,1,0,1,2.857142857142857,3172_left.jpg
0.01979736328125,0.43889505487729685,0.36986863711001644,0,1,0,0,2.896551724137931,1189_left.jpg
1.0,1.0,1.0,1,1,1,1,1.0,667_left.jpg
0.3578271484375,0.777997625643055,0.5963785807291667,1,1,0,0,1.6666666666666667,2371_left.jpg
0.01210693359375,0.3042952208106473,0.10993371610986721,0,1,0,0,7.227848101265823,5147_right.jpg
0.0,0.0,0.0,0,0,0,0,0.0,3068_left.jpg
0.01692626953125,0.5958459541324103,0.1365704717817394,0,1,0,0,2.4825174825174825,1442_left.jpg
0.11096923828125,0.98246540382373,0.43039353079312176,1,0,0,0,3.5697674418604652,3831_right.jpg
0.09068115234375,0.9591847723662601,0.12295749470338983,1,1,0,1,1.3559322033898304,407_right.jpg
0.10205322265625,0.9309107437621109,0.13088990480961923,1,1,0,0,1.282565130260521,3324_left.jpg
0.109765625,0.53394128113879,0.14665970772442588,1,1,0,1,1.336116910229645,373_right.jpg
0.06798095703125,0.7376189621116898,0.4367843137254902,1,0,0,0,2.2058823529411766,1915_left.jpg
0.27912841796875,0.9250072158907033,0.42432823634204275,1,1,0,1,1.520190023752969,4482_left.jpg
0.051025390625,0.4797129186602871,0.1774253794695915,0,0,0,0,3.066326530612245,3702_left.jpg
0.1412451171875,0.8630518200988696,0.24818539046278978,1,0,0,1,1.4282178217821782,4969_right.jpg
0.01228759765625,0.9644347307768727,0.2304698232438868,0,0,0,0,1.4672131147540983,2854_right.jpg
0.2909130859375,0.9561422648919922,0.41191233407079647,1,1,0,1,1.415929203539823,676_right.jpg
0.30658935546875,0.6365952906138765,0.45738272144522146,1,1,0,1,1.491841491841492,982_right.jpg
0.14701171875,0.7810880829015544,0.3904045643153527,1,1,0,0,2.6556016597510372,3931_left.jpg
0.0,0.0,0.0,0,0,0,0,0.0,1311_left.jpg
0.0887451171875,0.9677303988995873,0.1294727768794033,0,1,0,0,1.3384279475982532,1142_left.jpg
0.0032080078125,0.5487062404870624,0.11424100156494522,0,1,0,0,2.2816901408450705,3589_left.jpg
0.03082763671875,0.9955650590005544,0.14382204200646953,1,0,0,0,2.484042553191489,1822_right.jpg
0.00727294921875,0.9395770392749244,0.043912146226415094,1,1,0,0,6.037735849056604,588_left.jpg
0.2567724609375,0.9990491946678837,0.3588086790393013,1,1,0,0,1.3973799126637554,4888_left.jpg
0.9980908203125,1.0,0.9980908203125,1,1,1,1,1.0,5159_right.jpg
0.01483642578125,0.9907849267730788,0.12135553957983865,1,0,0,1,2.0576923076923075,5146_left.jpg
0.16839111328125,0.9964478854044336,0.23537059787059786,0,1,0,1,1.195959595959596,2346_left.jpg
0.19916015625,0.9536505835049525,0.3886051829268293,1,1,0,1,1.951219512195122,1778_left.jpg
0.10654052734375,0.9969064369027705,0.200546875,1,1,0,1,1.8823529411764706,4200_right.jpg
0.09739013671875,0.6857937880724976,0.22665340909090909,1,1,0,0,2.327272727272727,4348_left.jpg
0.601142578125,0.7158771545072047,0.601142578125,1,1,1,1,1.0,1934_left.jpg
0.05960693359375,0.7435183288961704,0.19342444048326402,1,0,0,1,1.430976430976431,625_right.jpg
0.09922119140625,0.9583179547747349,0.3258056758056758,0,1,0,1,3.1818181818181817,2057_right.jpg
0.0241455078125,0.4029322548028311,0.24924395161290322,1,1,0,0,10.32258064516129,3174_left.jpg
0.0830078125,0.8088823529411765,0.2918956043956044,1,1,0,0,3.5164835164835164,1516_left.jpg
0.0,0.0,0.0,0,0,0,0,0.0,747_right.jpg
0.37231201171875,0.9992852412146965,0.5271674502212389,1,1,0,1,1.415929203539823,1704_right.jpg
0.25495361328125,0.4955232741862893,0.3456998146186441,1,1,0,1,1.3559322033898304,3678_right.jpg
0.12329345703125,0.9939011108690917,0.26215220099667774,1,1,0,1,2.12624584717608,4405_left.jpg
0.09929931640625,0.5383915619698572,0.2593941326530612,1,1,0,0,2.6122448979591835,1079_right.jpg
0.83072509765625,0.9967907366317429,0.8787835743801653,1,1,0,1,1.0578512396694215,4214_right.jpg
0.0022216796875,0.8373626373626374,0.22435897435897437,0,0,0,0,0.375,245_left.jpg
0.13238525390625,0.9228953434762563,0.26059688581314877,1,0,0,0,1.6055555555555556,2618_right.jpg
0.0,0.0,0.0,0,0,0,0,0.0,249_right.jpg
0.52880615234375,0.999732224063823,0.7674284297052154,1,1,0,0,1.4512471655328798,1890_right.jpg
0.0296826171875,0.5658825464714591,0.36532451923076925,1,1,0,0,12.307692307692308,4488_right.jpg
6.34765625e-05,1.0,0.8666666666666667,0,0,0,1,0.8333333333333334,636_right.jpg
0.025283203125,1.0,0.6275602957217307,0,0,0,0,3.0135135135135136,3592_left.jpg
0.08956298828125,0.22232520103584572,0.26136363636363635,0,1,0,1,2.6077586206896552,3662_left.jpg
0.00636962890625,0.5113070141816788,0.4578799578799579,0,1,0,0,4.162162162162162,1441_right.jpg
0.05334228515625,0.7620486063435398,0.25288194444444445,1,1,0,0,4.7407407407407405,4786_left.jpg
0.0267529296875,0.5062055119547363,0.3065003356455583,1,0,0,0,3.0091743119266057,2080_right.jpg
0.02971435546875,0.7927861309670529,0.40069135802469136,1,0,0,0,4.62962962962963,4045_left.jpg
0.328876953125,0.8510184992725005,0.3444864975450082,1,1,1,0,1.0474631751227497,4680_right.jpg
0.43130615234375,0.9765768723501809,0.43130615234375,1,1,1,1,1.0,1884_left.jpg
0.0,0.0,0.0,0,0,0,0,0.0,4584_right.jpg
0.1595166015625,0.9523401389696654,0.4236125518672199,1,1,0,0,2.6556016597510372,4567_right.jpg
0.08622314453125,0.7814933318232012,0.22897432572614107,1,1,0,1,2.6556016597510372,1469_left.jpg
0.69627685546875,1.0,0.69627685546875,1,1,1,1,1.0,1920_left.jpg
0.0079345703125,0.39353846153846156,0.2006172839506173,1,0,0,0,5.555555555555555,2756_left.jpg
0.12510498046875,0.8552192494584626,0.19143952299829642,1,0,0,0,1.287280701754386,2979_left.jpg
0.07347900390625,0.6955510515998272,0.26271822625698327,1,1,0,0,3.5754189944134076,1448_left.jpg
0.2209033203125,0.9861408899007538,0.37600565159574467,1,1,0,1,1.702127659574468,3453_left.jpg
0.00014892578125,1.0,0.6777777777777778,0,0,0,0,0.9,1133_right.jpg
0.0,0.0,0.0,0,0,0,0,0.0,2423_left.jpg
0.03919921875,0.633034379671151,0.23016055045871558,1,1,0,0,5.871559633027523,1480_left.jpg
0.38626953125,0.5926518177681145,0.4039419934640523,1,1,0,0,1.0457516339869282,3647_right.jpg
0.77781982421875,0.9999278080321411,0.8642442491319444,1,1,0,1,1.1111111111111112,1901_right.jpg
0.01195556640625,0.28711455993465385,0.04091060985797828,1,0,0,1,3.3157894736842106,2284_right.jpg
0.0169091796875,0.6357204735778227,0.040837264150943395,1,1,0,1,2.4150943396226414,4976_left.jpg
0.04678466796875,0.8962062307571883,0.24542776639344263,1,1,0,0,5.245901639344262,3905_right.jpg
0.00197021484375,0.9838909541511772,0.011659322401213609,0,1,0,0,5.825688073394495,2049_right.jpg
0.043291015625,0.9996616286938868,0.5341607422581034,0,1,0,0,4.488372093023256,1816_left.jpg
0.0650390625,0.9980105105105105,0.1440311418685121,1,1,0,1,2.2145328719723185,1072_right.jpg
0.2618212890625,0.9689860315921001,0.27813380984861646,0,1,1,0,0.9745627980922098,5249_left.jpg
0.1411279296875,0.41597758018198805,0.2942080618892508,1,1,0,1,2.0846905537459284,1588_left.jpg
0.15442626953125,0.8447820656727744,0.23930463075060532,1,1,0,1,1.549636803874092,3449_left.jpg
0.49547119140625,0.9887999211609056,0.5765482954545454,1,1,0,1,1.1636363636363636,4458_right.jpg
0.51084716796875,0.9984372237064083,0.5977005255941499,1,1,0,1,1.170018281535649,2038_right.jpg
0.01626708984375,0.6660663364850667,0.03928655660377359,1,1,0,1,2.4150943396226414,4977_right.jpg
0.12328369140625,0.3769728894785829,0.23070632309941522,1,1,0,1,1.871345029239766,1681_left.jpg
0.166376953125,0.8879057345776838,0.4346173469387755,1,1,0,1,2.6122448979591835,4729_left.jpg
0.023056640625,0.9901524777636594,0.38931486519910957,0,0,0,0,3.9871794871794872,3556_right.jpg
0.1263134765625,0.8649348641230816,0.46073289104590587,1,0,0,0,3.281081081081081,4270_right.jpg
0.09155517578125,0.49817338204314554,0.14612297381546135,1,1,0,1,1.5960099750623442,1918_right.jpg
0.00047119140625,0.5699481865284974,0.24276729559748428,0,0,0,1,3.533333333333333,1332_left.jpg
0.05737548828125,0.5581039104718948,0.11161189209726444,1,1,0,1,1.9452887537993921,2272_left.jpg
0.5074560546875,0.8867907281072291,0.5138795490506329,1,1,0,1,1.0126582278481013,3125_right.jpg
0.25444580078125,0.9994722752612237,0.5269541915259379,0,1,0,1,1.9435736677115987,2137_right.jpg
0.16575439453125,0.981721237830115,0.19567510548523206,0,1,0,0,1.151183970856102,4995_right.jpg
0.0222021484375,0.2928304376511986,0.14648840206185568,1,1,0,0,6.597938144329897,2176_right.jpg
0.21565185546875,0.7750280196080651,0.33745033618581904,1,1,0,1,1.56479217603912,1153_left.jpg
0.25515625,0.9506563839559093,0.42973684210526314,1,1,0,1,1.6842105263157894,1632_right.jpg
0.0,0.0,0.0,0,0,0,0,0.0,2078_right.jpg
0.04941162109375,0.8205939028608132,0.24325721153846153,1,0,0,0,0.7876923076923077,1167_left.jpg
0.00119140625,0.6557377049180327,0.06951566951566951,1,0,0,0,0.4153846153846154,302_left.jpg
0.35697265625,0.929139081906221,0.35697265625,1,1,1,1,1.0,5070_left.jpg
0.020263671875,0.9167469879518072,0.33727498069811856,1,0,0,1,16.17948717948718,1055_left.jpg
0.0,0.0,0.0,0,0,0,0,0.0,2991_left.jpg
0.05807861328125,0.6392450292151834,0.10296485457063712,1,1,0,0,1.7728531855955678,3258_left.jpg
0.59564453125,0.9914376823949896,0.7609031936127745,1,1,0,1,1.2774451097804391,270_right.jpg
0.21363525390625,0.9214787726415633,0.4767313894700139,1,0,0,0,1.2447916666666667,2809_right.jpg
0.112109375,0.930640243902439,0.1745742092457421,1,1,0,1,1.5571776155717763,3123_right.jpg
0.01512451171875,0.7927360774818402,0.05715260992305847,1,0,0,1,1.3251748251748252,3680_right.jpg
0.02494873046875,0.30736862706722773,0.08920216480446927,1,1,0,0,3.5754189944134076,495_left.jpg
0.09841796875,0.7832159158563207,0.29571596244131454,1,1,0,0,3.004694835680751,2689_left.jpg
0.9239111328125,1.0,0.9239111328125,1,1,1,1,1.0,723_right.jpg
0.2052685546875,0.8504721805942101,0.21465992647058824,1,1,0,1,1.0457516339869282,4072_right.jpg
0.00088134765625,0.9889196675900277,0.3243486073674753,0,1,0,0,2.5238095238095237,4094_right.jpg
0.098291015625,0.9941132637853949,0.16730385638297873,1,1,0,1,1.702127659574468,1031_left.jpg
0.127119140625,0.8444149957747561,0.15010378228782287,1,1,0,1,1.1808118081180812,4938_left.jpg
0.0240478515625,0.24,0.17292837078651685,1,1,0,0,7.191011235955056,4814_right.jpg
0.88927490234375,1.0,0.88927490234375,1,1,1,1,1.0,2594_left.jpg
0.69779296875,0.9999055336300278,0.746801839464883,1,1,0,0,1.0702341137123745,756_right.jpg
0.040498046875,0.4570774053532674,0.19373072970195274,1,0,0,0,4.431654676258993,1801_right.jpg
0.31558349609375,0.9579229942056118,0.4279098252118644,1,1,0,1,1.3559322033898304,1784_right.jpg
0.3621533203125,0.9981528671008103,0.5255739795918367,1,1,0,0,1.4512471655328798,3207_left.jpg
0.051982421875,0.5871219237272215,0.31390240306648975,1,0,0,0,5.219298245614035,4519_left.jpg
0.049404296875,0.9974303221980628,0.2996949142501703,0,1,0,0,6.009433962264151,4468_left.jpg
0.0523193359375,0.43243117125524966,0.1287860576923077,1,1,0,0,2.4615384615384617,5_right.jpg
0.15697998046875,0.990124263207826,0.22627744932432434,1,1,0,1,1.4414414414414414,5166_right.jpg
0.00369140625,0.9318783068783069,0.23478260869565218,0,0,0,0,5.257142857142857,1665_left.jpg
0.2932958984375,0.89755606239699,0.2932958984375,1,1,1,1,1.0,3307_right.jpg
0.12414794921875,0.8748107215197342,0.263969061461794,1,1,0,1,2.12624584717608,4751_right.jpg
0.14009765625,0.6596263766903666,0.4717604695900952,1,0,0,0,3.231958762886598,984_left.jpg
0.01979248046875,0.4090292339953127,0.09065697511881465,0,1,0,1,2.92,124_right.jpg
0.0253466796875,0.8075515314968215,0.2539628180039139,1,0,0,0,2.085714285714286,2267_right.jpg
0.0116943359375,0.9991649269311065,0.5862913096695227,1,0,0,0,0.9052631578947369,3637_right.jpg
0.360498046875,0.5038060409047812,0.360498046875,1,1,1,1,1.0,695_left.jpg
0.37726806640625,0.8218651515249564,0.37726806640625,1,1,1,1,1.0,5115_left.jpg
0.10135498046875,0.9304829579669999,0.23084280002891444,1,0,0,1,1.141057934508816,3628_left.jpg
0.86416748046875,1.0,0.86416748046875,1,1,1,1,1.0,3315_left.jpg
0.13478759765625,0.2757340288721042,0.18511601394849786,1,1,0,1,1.3733905579399142,4452_left.jpg
0.00476806640625,0.7219662058371735,0.1590909090909091,1,0,0,0,11.272727272727273,748_right.jpg
0.0474755859375,0.9341766944358737,0.5031957562427222,1,0,0,0,2.2519083969465647,3268_left.jpg
0.00369384765625,0.7389292795769994,0.015656043046357617,1,1,0,0,4.23841059602649,2338_right.jpg
0.62003173828125,0.9999212489910027,0.62003173828125,1,1,1,1,1.0,4831_left.jpg
0.19810546875,0.9721729271418712,0.2540831663326653,1,1,0,1,1.282565130260521,2095_left.jpg
0.22072021484375,0.9933965290298318,0.282521875,1,1,0,1,1.28,5159_left.jpg
0.20222900390625,0.8369128245988917,0.3823390938296222,1,0,0,1,1.028322440087146,2724_left.jpg
0.86251220703125,1.0,0.86251220703125,1,1,1,1,1.0,4773_right.jpg
0.487587890625,0.8221274209377316,0.5417643229166667,1,1,0,0,1.1111111111111112,671_left.jpg
0.97089599609375,1.0,0.97089599609375,1,1,1,1,1.0,2044_left.jpg
0.03281982421875,0.8512980733467232,0.21136127794723436,1,0,0,0,4.567796610169491,4563_right.jpg
0.2610302734375,0.9991208215641894,0.6304127358490565,1,1,0,0,2.4150943396226414,1078_right.jpg
0.20314697265625,0.8816594358783305,0.3167513656521822,1,0,1,0,0.655608214849921,3007_right.jpg
0.05991943359375,0.419427127897975,0.08617626404494381,1,1,0,1,1.4382022471910112,2501_left.jpg
0.02931884765625,0.5985510866849862,0.2772160664819945,1,0,0,0,3.3333333333333335,4342_left.jpg
0.6192236328125,0.994969128744569,0.6192236328125,1,1,1,1,1.0,973_left.jpg
0.07700439453125,0.970451158809169,0.11568735328638498,1,1,0,1,1.5023474178403755,2681_left.jpg
0.5697705078125,0.9864083161223423,0.7441900510204081,1,1,0,1,1.3061224489795917,3362_left.jpg
0.87023681640625,1.0,0.87023681640625,1,1,1,1,1.0,3214_right.jpg
0.77902587890625,1.0,0.7851599409448818,1,0,1,1,0.9921875,2465_right.jpg
0.14929443359375,0.8872790305963926,0.41362959956709955,1,1,0,0,2.7705627705627704,3984_left.jpg
0.08649169921875,0.8928218590340701,0.22082252917123765,1,0,0,1,1.8310810810810811,2727_left.jpg
0.5502685546875,0.9996051288877058,0.674158311598191,1,0,0,1,1.1947069943289226,4944_left.jpg
0.03627197265625,0.5829575284377735,0.18781603964401294,1,0,0,0,4.828125,2325_left.jpg
0.240302734375,0.8471166741171211,0.31997139281244413,0,1,0,0,1.1508704061895552,5226_left.jpg
0.007294921875,0.3862115127175368,0.03379975792676719,0,1,0,0,2.953757225433526,651_right.jpg
0.55138671875,0.999920300379016,0.677327255278311,1,1,0,0,1.2284069097888675,320_right.jpg
0.0128076171875,0.6772779260388868,0.13707865168539327,0,0,0,0,5.174418604651163,3855_right.jpg
0.0,0.0,0.0,0,0,0,0,0.0,5301_right.jpg
0.96130615234375,1.0,0.96130615234375,1,1,1,1,1.0,2548_left.jpg
0.35620849609375,0.9985127104994415,0.6228782445355191,1,1,0,1,1.7486338797814207,2657_right.jpg
0.248017578125,0.8235618380123637,0.4509410511363636,1,1,0,0,1.8181818181818181,2930_left.jpg
0.04276611328125,0.6052977107952275,0.12789865654205607,1,1,0,0,2.9906542056074765,1773_right.jpg
0.35537841796875,0.9358422126501927,0.35537841796875,1,1,1,1,1.0,16_right.jpg
0.10383544921875,0.979826479509064,0.2291540948275862,1,1,0,1,2.206896551724138,4019_right.jpg
0.01055419921875,1.0,0.438527084601339,0,0,0,0,3.509433962264151,1634_left.jpg
0.0,0.0,0.0,0,0,0,0,0.0,3542_right.jpg
0.4114501953125,1.0,0.6827388958208424,1,0,0,0,1.5123762376237624,4996_left.jpg
0.53559814453125,0.9995669634106873,0.5423778678797468,1,1,1,0,1.0126582278481013,1883_left.jpg
0.0,0.0,0.0,0,0,0,0,0.0,1738_right.jpg
0.29473388671875,0.47686025032512447,0.29473388671875,1,1,1,1,1.0,4957_left.jpg
0.0037744140625,0.9967658473479948,0.5331034482758621,1,0,0,0,4.64,2104_left.jpg
0.3354443359375,0.7940726939256758,0.34851359577922075,1,1,0,1,1.0389610389610389,695_right.jpg
0.2185888671875,0.8260772443987758,0.23394126254180603,1,1,0,1,1.0702341137123745,3567_right.jpg
0.69346923828125,0.5913886884120474,0.7409354131886478,1,1,0,1,1.0684474123539232,3202_left.jpg
0.0,0.0,0.0,0,0,0,0,0.0,2747_left.jpg
0.83116455078125,0.9995359015406307,0.83116455078125,1,1,1,1,1.0,3814_right.jpg
0.01382568359375,0.8410736358820413,0.1198062113903698,1,0,0,0,4.633663366336633,1624_right.jpg
0.15805908203125,0.9998764307007924,0.4771594929245283,1,1,0,0,3.018867924528302,1502_left.jpg
0.1970947265625,0.6229158924811099,0.2918528480326233,1,0,0,1,1.4031531531531531,4849_left.jpg
0.29735107421875,0.792626955129521,0.3338678728070175,1,1,0,1,1.1228070175438596,4910_right.jpg
0.02813232421875,0.5844832074980474,0.10858052843843051,1,0,0,0,3.5872093023255816,4430_right.jpg
0.2171630859375,0.99238898257448,0.46021316225165565,1,1,0,0,2.119205298013245,885_right.jpg
0.0232080078125,0.9972648853355776,0.15019513042928695,0,0,0,0,0.7577854671280276,219_right.jpg
0.1741552734375,0.9828553004177532,0.48042834051724137,1,1,0,1,2.7586206896551726,3958_right.jpg
0.397587890625,0.9881548891017611,0.397587890625,1,1,1,1,1.0,1411_right.jpg
0.54545166015625,1.0,0.7411657377919321,1,1,0,0,1.3588110403397027,610_left.jpg
0.04942138671875,0.41495825717531987,0.2928674768518518,1,1,0,0,5.925925925925926,1446_right.jpg
0.29149658203125,0.8477851202291515,0.373115625,1,1,0,1,1.28,2017_left.jpg
0.06330078125,0.55067880283863,0.1167507204610951,1,1,0,1,1.8443804034582132,3043_right.jpg
0.53843017578125,0.6100543663083055,0.53843017578125,1,1,1,1,1.0,3781_left.jpg
0.76728515625,1.0,0.76728515625,1,1,1,1,1.0,925_right.jpg
0.45664306640625,0.9971770895151331,0.5764330621301775,1,1,0,1,1.26232741617357,2195_right.jpg
0.10033203125,0.5835604438388164,0.1399250936329588,1,0,0,1,0.9709090909090909,2151_right.jpg
0.03544677734375,0.6135408774709002,0.14461155378486057,1,0,0,0,2.51,1530_right.jpg
0.0293798828125,0.7736413495097224,0.14353530534351144,1,1,0,0,4.885496183206107,553_left.jpg
0.2755322265625,0.8487036807315388,0.4081958912037037,1,1,0,1,1.4814814814814814,262_right.jpg
0.6473193359375,0.9984234862828221,0.7397935267857143,1,1,0,1,1.1428571428571428,943_right.jpg
0.002822265625,1.0,0.760026298487837,0,1,0,0,1.0,787_left.jpg
0.00613525390625,1.0,0.5540123456790124,0,1,0,0,3.5,5314_right.jpg
0.0942236328125,0.39949214903871066,0.25992726293103446,1,1,0,0,2.7586206896551726,5305_right.jpg
0.14614013671875,0.793548171536444,0.18059628543499512,1,0,0,1,1.064516129032258,215_right.jpg
0.08262939453125,0.48686659772492247,0.297094452247191,1,1,0,0,3.595505617977528,469_right.jpg
0.979814453125,0.9997857135737992,0.979814453125,1,1,1,1,1.0,1800_left.jpg
0.36130859375,1.0,0.6317964480874317,1,1,0,1,1.7486338797814207,597_right.jpg
0.00697998046875,0.8775795732773697,0.11862578316252438,0,0,0,0,4.064935064935065,208_left.jpg
0.10458251953125,0.9933235287251675,0.46450878334417695,0,1,0,0,3.647798742138365,366_left.jpg
0.13441162109375,0.6159658523294886,0.39642137096774194,1,1,0,0,2.9493087557603688,1055_right.jpg
0.00203125,0.6850961538461539,0.0768236380424746,1,0,0,0,7.5,2414_left.jpg
0.2846435546875,0.9807187580409984,0.46002998737373735,1,1,0,1,1.6161616161616161,3011_right.jpg
0.6055908203125,0.9735335617818988,0.6055908203125,1,1,1,1,1.0,3290_right.jpg
0.1758251953125,0.8010219667305396,0.21557112068965517,1,1,0,0,1.2260536398467432,4712_left.jpg
0.03056396484375,0.4012301302020928,0.07229896740511446,1,0,0,1,2.030821917808219,4083_left.jpg
0.19330810546875,0.8878869397188649,0.36387408088235296,1,1,0,1,1.8823529411764706,135_right.jpg
0.0083984375,0.6372093023255814,0.05269607843137255,1,1,0,0,6.2745098039215685,3907_right.jpg
0.01708984375,0.5852857142857143,0.04538381742738589,1,1,0,0,2.6556016597510372,3741_left.jpg
0.68399169921875,0.9992825605094178,0.68399169921875,1,1,1,1,1.0,3999_left.jpg
0.3059912109375,0.999138302455838,0.8333377659574468,1,1,0,0,2.723404255319149,4053_right.jpg
0.00852783203125,0.6487260234755224,0.35211693548387096,1,0,0,0,2.421875,4287_left.jpg
0.09535888671875,0.53239970301339,0.2962606189320388,1,1,0,0,3.1067961165048543,1612_left.jpg
0.0,0.0,0.0,0,0,0,0,0.0,2668_left.jpg
0.4907763671875,0.997661947448538,0.5649224370503597,1,1,0,1,1.1510791366906474,4409_left.jpg
0.1567529296875,0.9479643647011182,0.3164727917981073,1,1,0,1,2.0189274447949526,2884_left.jpg
0.1148046875,0.7551888397414086,0.24992160718556508,1,0,0,1,1.9453376205787782,2616_left.jpg
0.0451416015625,0.5837209302325581,0.3073470744680851,1,1,0,0,6.808510638297872,4619_right.jpg
0.37495361328125,0.9973824887193077,0.5824522148058252,1,1,0,1,1.5533980582524272,1620_left.jpg
0.02905517578125,0.48995882698932863,0.07528466599190284,1,1,0,1,2.591093117408907,3361_left.jpg
0.9676611328125,1.0,0.9676611328125,1,1,1,1,1.0,3354_left.jpg
0.1180810546875,0.962452962825125,0.34986979166666665,1,1,0,1,2.962962962962963,2163_right.jpg
0.00060302734375,0.6234817813765182,0.11021865238732709,0,0,0,0,27.666666666666668,4662_right.jpg
0.0,0.0,0.0,0,0,0,0,0.0,3080_right.jpg
0.04071533203125,0.6851951789890268,0.3722544642857143,1,1,0,0,9.142857142857142,470_left.jpg
0.1303369140625,0.9934065110703181,0.427618246625816,0,1,0,0,2.970731707317073,1586_left.jpg
0.28638671875,0.7162074609561482,0.47731119791666665,1,1,0,1,1.6666666666666667,2488_right.jpg
0.07861083984375,0.9693468741265256,0.25363928537668967,1,0,0,1,1.573943661971831,1025_right.jpg
0.09148193359375,0.6852766139147608,0.18014903846153846,1,1,0,1,1.9692307692307693,643_left.jpg
0.4197412109375,0.9894314995986645,0.4197412109375,1,1,1,1,1.0,4123_right.jpg
0.95331298828125,1.0,0.95331298828125,1,1,1,1,1.0,2210_left.jpg
0.31056884765625,1.0,0.4617386569872958,0,1,0,0,1.2210526315789474,595_left.jpg
0.04874755859375,0.4339660439725547,0.267181394850934,1,0,0,0,5.277310924369748,2724_right.jpg
0.0140673828125,0.3799028115237765,0.11162340178225494,0,1,0,0,6.51685393258427,1493_left.jpg
0.00159912109375,0.7541984732824427,0.022587764673425752,1,0,0,0,4.419753086419753,1824_right.jpg
0.7660986328125,0.9981389064163113,0.7660986328125,1,1,1,1,1.0,3209_left.jpg
0.2306396484375,0.9882290674288133,0.2800936907020873,1,1,0,0,1.2144212523719164,3963_left.jpg
0.7669873046875,0.9999904506649521,0.7669873046875,1,1,1,1,1.0,4929_left.jpg
0.01365966796875,1.0,0.7765440666204025,1,0,0,0,2.381818181818182,2119_left.jpg
0.95236328125,0.9999846188552327,0.95236328125,1,1,1,1,1.0,702_right.jpg
0.000224609375,0.9782608695652174,0.14743589743589744,0,0,0,1,2.4375,4041_right.jpg
0.15593505859375,0.8938172253448357,0.40568470528455286,1,1,0,1,2.6016260162601625,3957_right.jpg
0.085458984375,0.9961432979088104,0.4091164095371669,1,0,0,1,0.3956989247311828,4653_left.jpg
0.10307373046875,0.7701745659537175,0.1778091307277628,1,1,0,0,1.725067385444744,2028_right.jpg
0.03159423828125,0.32679081987481645,0.05093277707808564,1,1,0,1,1.6120906801007557,4357_left.jpg
0.13444091796875,0.8656182468629124,0.19671071197653775,1,0,0,1,1.1242484969939879,2954_right.jpg
0.4611767578125,0.9994917892195788,0.561127614068441,1,1,0,1,1.2167300380228137,3289_right.jpg
0.2334423828125,0.6009119621828526,0.23602389415481834,1,1,1,0,1.0110584518167456,1828_right.jpg
0.10742431640625,0.7917547328469807,0.30154194078947366,1,1,0,0,2.807017543859649,2645_right.jpg
0.0825927734375,0.9139816730712386,0.4332735655737705,1,1,0,0,5.245901639344262,3192_right.jpg
0.39639892578125,0.9993964216425953,0.545339432778472,1,0,1,0,0.8942807625649913,3420_right.jpg
0.00308837890625,0.8047430830039526,0.18167456556082148,0,1,0,0,6.393939393939394,1439_left.jpg
0.2546728515625,0.9917173150296221,0.776527163636905,0,1,0,0,0.6970387243735763,1550_right.jpg
0.05462158203125,0.5019443078710947,0.18207194010416666,1,1,0,0,3.3333333333333335,1514_left.jpg
0.37787109375,0.9856179252597302,0.42427631578947367,1,1,0,1,1.1228070175438596,1866_right.jpg
0.19374755859375,0.8484229892009728,0.4542067307692308,1,1,0,1,2.3443223443223444,5136_left.jpg
0.81764892578125,0.9990982625131005,0.81764892578125,1,1,1,1,1.0,1109_right.jpg
0.7202099609375,0.9937558898704398,0.7202099609375,1,1,1,1,1.0,1888_left.jpg
0.126044921875,0.9915162315022856,0.4958890425695405,1,0,0,0,2.2314814814814814,5334_left.jpg
0.1554541015625,0.6504852844175016,0.22060005543237252,1,1,0,1,1.419068736141907,4432_right.jpg
0.73107421875,0.999762897063931,0.73107421875,1,1,1,1,1.0,839_left.jpg
0.46292724609375,0.9982754528913852,0.6583854166666666,1,1,0,1,1.4222222222222223,2823_right.jpg
0.0,0.0,0.0,0,0,0,0,0.0,2225_right.jpg
0.58995361328125,0.9890376378571872,0.58995361328125,1,1,1,1,1.0,3055_right.jpg
0.0,0.0,0.0,0,0,0,0,0.0,746_right.jpg
0.06388916015625,0.618670946539799,0.13758675078864352,1,0,0,1,2.1133333333333333,2959_left.jpg
0.00193603515625,1.0,0.6395161290322581,0,0,0,0,0.775,3005_left.jpg
0.83460205078125,0.9994032522751007,0.83460205078125,1,1,1,1,1.0,4416_left.jpg
0.0086474609375,0.47374364765669114,0.04086294416243655,0,0,0,1,2.233502538071066,3676_right.jpg
0.0002978515625,0.8032786885245902,0.010590277777777778,1,1,0,1,35.55555555555556,2235_right.jpg
0.2807177734375,0.794672209563236,0.5177503602305475,1,1,0,1,1.8443804034582132,392_right.jpg
0.23311279296875,0.8215389126860279,0.4751343550955414,1,1,0,1,2.038216560509554,1776_left.jpg
0.9406201171875,1.0,0.95859375,1,1,0,1,1.019108280254777,310_left.jpg
0.4875927734375,0.99573899197869,0.5000951522435897,1,1,0,1,1.0256410256410255,1782_right.jpg
0.385234375,0.9940998276211722,0.5912470023980816,1,1,0,1,1.5347721822541966,181_right.jpg
0.27626220703125,0.99970836978711,0.5666917067307692,1,1,0,1,2.051282051282051,3851_left.jpg
0.12946044921875,1.0,0.6736153455284553,1,1,0,0,5.203252032520325,1532_left.jpg
0.188662109375,0.9494280242248564,0.2923577481840194,1,1,0,1,1.549636803874092,4502_left.jpg
0.022001953125,0.7108300044385264,0.2895979947941772,0,1,0,0,2.0569105691056913,3550_right.jpg
0.6542431640625,0.9993656195657853,0.6542431640625,1,1,1,1,1.0,3301_right.jpg
0.1869482421875,0.9979888735079792,0.27696035879629627,1,1,0,1,1.4814814814814814,825_right.jpg
0.10694580078125,0.8808583495034813,0.15076060022026433,1,1,0,0,1.4096916299559472,1369_left.jpg
0.00656982421875,0.6265328874024526,0.08637457871930669,0,0,0,0,0.7711442786069652,2826_right.jpg
0.615908203125,0.9986483058237803,0.615908203125,1,1,1,1,1.0,4190_right.jpg
0.0924609375,0.8600285171102662,0.2653587443946188,1,1,0,0,2.8699551569506725,3736_left.jpg
0.21728271484375,0.9658984932414971,0.3358959842995169,1,1,0,1,1.5458937198067633,4491_left.jpg
0.39160400390625,0.9906047967281999,0.49239010314341847,1,1,0,1,1.2573673870333988,13_left.jpg
0.91847412109375,0.9999813932223484,0.91847412109375,1,1,1,1,1.0,3326_left.jpg
0.498134765625,0.9966574526064028,0.5092141516591463,1,0,0,1,0.9968454258675079,2914_left.jpg
0.5998046875,0.996202377075871,0.5998046875,1,1,1,1,1.0,3724_right.jpg
0.2050341796875,0.7959443690314592,0.27337890625,1,1,0,1,1.3333333333333333,1860_right.jpg
0.14442626953125,0.9999492874892236,0.31487927950945327,1,0,1,0,0.4919093851132686,1562_left.jpg
0.006376953125,1.0,0.5679495542509241,0,0,0,0,1.1587301587301588,2041_left.jpg
0.4540673828125,0.9944458185024679,0.5161689609236234,1,1,0,1,1.1367673179396092,4655_right.jpg
0.627666015625,1.0,0.6585348360655737,1,1,0,1,1.0491803278688525,2916_right.jpg
0.21041015625,0.7444769330734243,0.3341501240694789,1,1,0,0,1.588089330024814,3216_left.jpg
0.065009765625,0.773208652546192,0.2521590909090909,1,1,0,0,3.878787878787879,4967_right.jpg
0.35779052734375,0.9472947983978274,0.43368548768939397,1,1,0,0,1.2121212121212122,3601_left.jpg
0.06562255859375,0.8745489043491201,0.1368027280130293,1,1,0,0,2.0846905537459284,4399_right.jpg
0.4540966796875,0.9999354831772385,0.64296875,1,1,0,1,1.415929203539823,1810_left.jpg
0.24211669921875,0.998084117332688,0.41766762129380053,1,1,0,1,1.725067385444744,3951_right.jpg
0.0,0.0,0.0,0,0,0,0,0.0,3598_left.jpg
0.0275634765625,0.3796279893711249,0.2205078125,1,1,0,0,8.0,2970_left.jpg
0.1135302734375,0.7778805212679024,0.13430568391866912,1,1,0,0,1.1829944547134936,3249_right.jpg
0.266875,0.9992864461358314,0.577027027027027,1,1,0,0,2.1621621621621623,992_left.jpg
0.0,0.0,0.0,0,0,0,0,0.0,4598_left.jpg
0.00191650390625,0.5363057324840764,0.010854535398230088,1,1,0,0,5.663716814159292,3479_left.jpg
0.29970947265625,0.9999429786332793,0.44504422853828307,1,1,0,0,1.4849187935034802,939_left.jpg
0.05343017578125,0.45186200594014164,0.1171072345890411,1,1,0,1,2.191780821917808,1872_left.jpg
0.92421875,0.9998652789518174,0.9555735056542811,1,1,0,1,1.0339256865912763,2550_right.jpg
0.26172119140625,0.7912426190054197,0.3125029151119403,1,1,0,1,1.1940298507462686,4838_left.jpg
0.84806640625,0.9999424241726353,0.84806640625,1,1,1,1,1.0,4924_left.jpg
0.4831494140625,0.999151077827972,0.648250786163522,1,1,0,1,1.3417190775681342,1695_right.jpg
5.615234375e-05,1.0,0.9583333333333334,0,1,0,1,0.6666666666666666,4667_left.jpg
0.21312255859375,0.9968268514806117,0.2777972250509165,1,1,0,1,1.3034623217922607,4634_right.jpg
0.02805419921875,0.782264380819772,0.2056370794559771,0,1,0,0,4.618181818181818,2952_left.jpg
0.03124267578125,0.8723138235523951,0.23183811007645205,1,0,0,0,2.699300699300699,84_left.jpg
2.197265625e-05,0.5555555555555556,0.03529411764705882,0,0,0,1,10.2,1328_left.jpg
0.12322509765625,0.8023893963108989,0.2710105240549828,1,1,0,0,2.1993127147766325,4006_right.jpg
0.0071728515625,0.578284547311096,0.08183388112082893,1,0,0,0,10.672413793103448,454_left.jpg
0.0544189453125,0.5200089726334679,0.10593099515255204,1,0,0,1,1.8862275449101797,1829_left.jpg
0.8194580078125,0.9981945478921496,0.8194580078125,1,1,1,1,1.0,736_left.jpg
0.029169921875,0.8951288918647472,0.216496339784011,0,0,0,0,2.589041095890411,826_left.jpg
0.579150390625,1.0,0.6618861607142857,1,1,0,0,1.1428571428571428,1700_left.jpg
0.00202392578125,0.7768395657418576,0.09686842720261743,0,0,0,0,17.681818181818183,5321_right.jpg
0.922587890625,1.0,0.922587890625,1,1,1,1,1.0,2430_right.jpg
0.0019775390625,1.0,0.7685009487666035,0,0,0,0,1.096774193548387,4602_left.jpg
0.00949462890625,0.6250964258164052,0.041763316151202746,0,0,0,0,2.5260416666666665,442_left.jpg
0.0336279296875,0.8285900972847393,0.06424440298507463,1,1,0,0,1.9104477611940298,5166_left.jpg
0.80819580078125,0.9999969791896374,0.8563664114238411,1,1,0,1,1.0596026490066226,1686_left.jpg
0.3938671875,0.9988222751165328,0.616320293398533,1,1,0,1,1.56479217603912,259_right.jpg
0.0173193359375,0.7194812517620525,0.3487708947885939,0,0,0,0,5.65,414_left.jpg
0.07884765625,0.9926925935100323,0.2542751865965421,1,0,0,1,2.4867256637168142,1293_left.jpg
0.30747314453125,0.3599304436204254,0.38966893564356436,1,1,0,1,1.2673267326732673,3102_right.jpg
0.13843017578125,0.9990299994709088,0.3407512019230769,1,1,0,1,2.4615384615384617,1504_left.jpg
0.0311572265625,0.7031029619181947,0.0826950740639944,1,0,0,1,1.8477508650519032,4805_right.jpg
0.0,0.0,0.0,0,0,0,0,0.0,637_left.jpg
0.07448486328125,0.9965256153921793,0.1866953052332697,0,1,0,0,2.3446969696969697,897_left.jpg
0.32557373046875,0.9970829740167223,0.5261797664141414,1,1,0,0,1.6161616161616161,137_right.jpg
0.73088134765625,0.9997628344952216,0.73088134765625,1,1,1,1,1.0,838_left.jpg
0.0007373046875,0.9006622516556292,0.0034193840579710144,1,1,0,1,4.63768115942029,228_right.jpg
0.206630859375,0.8565267734770075,0.3603371934604905,1,1,0,1,1.7438692098092643,3241_left.jpg
0.241904296875,0.9385369989100157,0.38321472772277226,1,1,0,0,1.5841584158415842,1161_left.jpg
0.16041259765625,0.9531085914313979,0.33771073190789475,1,1,0,1,2.1052631578947367,1520_right.jpg
0.60078369140625,0.9987686981115974,0.6055142716535433,1,1,1,0,1.0078740157480315,2574_left.jpg
0.1277587890625,0.8798585897190904,0.25314434984520123,1,1,0,1,1.9814241486068112,5311_left.jpg
0.0381005859375,0.5793284634115083,0.15314113006103663,0,0,0,1,1.6175298804780875,4991_left.jpg
0.01884521484375,0.9528436325948957,0.08829787234042553,1,0,0,1,2.473404255319149,1290_left.jpg
0.79061279296875,0.9968348078496765,0.7968380905511812,1,1,0,1,1.0078740157480315,4457_left.jpg
0.0002490234375,1.0,0.85,0,1,0,0,0.3,166_right.jpg
0.172353515625,0.9748994277296165,0.19262315210451353,1,0,0,1,0.9627228525121556,2835_right.jpg
0.0221435546875,0.8402425578831312,0.4209793455558134,0,1,0,0,0.896774193548387,2184_left.jpg
0.18875244140625,0.8907816279280328,0.37055694018404906,1,1,0,1,1.9631901840490797,4387_right.jpg
0.0537255859375,0.6043806234663274,0.08897136711706248,0,1,0,0,1.205298013245033,1495_left.jpg
0.4913818359375,0.99765489143936,0.8126211240310077,0,1,1,1,0.6046875,2461_right.jpg
0.0018359375,1.0,0.8245614035087719,0,0,0,1,3.5625,4646_right.jpg
0.05708984375,0.7994355114608279,0.1525852843682301,1,0,0,1,2.302325581395349,3378_right.jpg
0.10084716796875,0.966761081656862,0.3326916881443299,1,1,0,1,3.2989690721649483,2764_right.jpg
0.0,0.0,0.0,0,0,0,0,0.0,3938_right.jpg
0.0513134765625,0.6715672280902084,0.254578488372093,1,1,0,0,4.961240310077519,1581_left.jpg
0.26572998046875,0.8693898551124096,0.38651633522727274,1,1,0,1,1.4545454545454546,1681_right.jpg
0.24295166015625,0.7872237798076633,0.27716410427807486,1,1,0,0,1.1408199643493762,938_left.jpg
0.25497314453125,0.8436856669571129,0.31082440476190476,1,1,0,1,1.2190476190476192,2029_right.jpg
0.5942041015625,0.9991577165490209,0.7824909979423869,1,1,0,1,1.316872427983539,879_right.jpg
0.03403076171875,0.5204103594232011,0.1088984375,1,1,0,1,3.2,126_right.jpg
0.0002783203125,1.0,0.8636363636363636,0,0,0,0,0.9166666666666666,2402_left.jpg
0.0997412109375,0.9469085034513144,0.1818448883666275,0,1,0,0,1.1396396396396395,4931_left.jpg
0.18358642578125,0.9945609532295171,0.33379350142045455,1,1,0,0,1.8181818181818181,925_left.jpg
0.052685546875,0.4629749768303985,0.18314210061782876,1,0,0,0,2.7766990291262137,1394_left.jpg
0.21552734375,0.9997961033076574,0.6710603330976869,0,1,0,0,0.735224586288416,2029_left.jpg
0.6343017578125,0.9990185135291174,0.7340924502712477,1,1,0,0,1.1573236889692586,1818_left.jpg
0.03388671875,0.49193083573487034,0.09541879777814442,0,1,0,0,2.7025862068965516,3228_left.jpg
0.079267578125,0.7578230873475422,0.2757133152173913,1,1,0,0,3.4782608695652173,2481_right.jpg
0.00125,1.0,0.6564102564102564,0,0,0,0,1.95,3547_right.jpg
0.0434423828125,0.4103068450039339,0.43540178134481744,1,0,0,0,8.838235294117647,5232_right.jpg
0.052080078125,0.975904744046503,0.2929093205909815,0,1,0,0,3.111111111111111,1506_right.jpg
0.74293701171875,0.9994216367024091,0.7583408094098884,1,1,0,1,1.0207336523125996,1754_right.jpg
0.02069580078125,0.46856199127049664,0.0633747009569378,1,1,0,1,3.062200956937799,403_right.jpg
0.00015869140625,0.6,0.15625,0,0,0,1,6.5,4577_left.jpg
0.20687255859375,0.9919631793237741,0.29819467905405406,1,1,0,1,1.4414414414414414,1004_left.jpg
0.000478515625,1.0,0.725925925925926,0,0,0,0,2.7,3157_right.jpg
0.13864501953125,0.7240662804416348,0.4689623849044139,0,1,0,0,3.1846153846153844,949_left.jpg
0.6558837890625,0.9993969849246231,0.7351411996497373,1,1,0,0,1.1208406304728546,672_right.jpg
0.307099609375,0.9472843196489331,0.307099609375,1,1,1,1,1.0,4965_left.jpg
0.02278076171875,0.9767441860465116,0.4888155482214888,0,1,0,0,4.809523809523809,1084_left.jpg
0.40103515625,1.0,0.5741890380313199,1,1,0,0,1.4317673378076063,2364_right.jpg
0.16962158203125,0.6255019646789585,0.2812378562176166,1,1,0,0,1.6580310880829014,4436_right.jpg
0.14472412109375,0.5096914590327097,0.2832521024464832,1,1,0,0,1.9571865443425076,1085_right.jpg
0.03261962890625,0.78549509767233,0.16183381782945735,1,1,0,0,4.961240310077519,4608_right.jpg
0.16726318359375,0.6125293748449154,0.19598425512194842,1,0,0,0,1.1389891696750902,3518_right.jpg
0.168125,0.9833149395910781,0.3475978477038473,1,0,0,1,1.9591194968553458,4674_right.jpg
0.0587548828125,0.9243330840189479,0.07387647347740668,1,1,0,1,1.2573673870333988,4923_left.jpg
0.016171875,0.49577294685990336,0.08500590318772137,1,0,0,0,3.2857142857142856,1395_left.jpg
0.3931298828125,0.9666886092929092,0.477425284629981,1,1,0,1,1.2144212523719164,1028_left.jpg
0.108466796875,0.48325380390744577,0.19176450276243093,1,1,0,1,1.7679558011049723,1279_left.jpg
0.47455078125,0.9379090011112483,0.47455078125,1,1,1,1,1.0,2114_right.jpg
0.00586181640625,0.6580591420241566,0.2714834916327454,0,1,0,0,0.5075757575757576,3234_right.jpg
0.27030517578125,0.5729291798007533,0.3221514199255121,1,1,0,1,1.191806331471136,4218_right.jpg
0.001533203125,1.0,0.7696078431372549,0,0,0,1,3.1875,2211_left.jpg
0.0,0.0,0.0,0,0,0,0,0.0,2077_left.jpg
0.41783447265625,0.9852347424698356,0.509360119047619,1,1,0,1,1.2190476190476192,2692_left.jpg
0.1067138671875,0.6061541981239991,0.2338934075342466,1,1,0,1,2.191780821917808,1717_right.jpg
0.0399658203125,0.7311545510079414,0.20627520161290322,1,1,0,0,5.161290322580645,3589_right.jpg
0.72735107421875,0.9967340554438563,0.72735107421875,1,1,1,1,1.0,1908_left.jpg
0.13291259765625,0.8750941386087692,0.21426715994962217,1,1,0,1,1.6120906801007557,4866_left.jpg
0.01210693359375,0.3042952208106473,0.10993371610986721,0,1,0,0,7.227848101265823,5151_right.jpg
0.2370751953125,0.6803081169031779,0.31544308731808735,1,1,0,0,1.3305613305613306,292_right.jpg
0.0609423828125,0.7154875410624149,0.34987245255515376,1,0,0,0,3.5886524822695036,2245_right.jpg
0.0256787109375,0.9932496672371173,0.15025714285714287,1,0,0,1,1.12,2856_right.jpg
0.04920654296875,0.34988836516993305,0.11062262618279216,1,0,0,1,1.2751322751322751,3976_left.jpg
0.0574609375,0.9586165873555405,0.1652414451605656,1,0,0,1,2.3536585365853657,3004_left.jpg
0.22968505859375,0.9973745469233304,0.2893670029527559,1,1,0,1,1.2598425196850394,1846_right.jpg
0.42821533203125,0.9999315837785139,0.49828693181818184,1,1,0,1,1.1636363636363636,5313_right.jpg
0.0176611328125,0.9868675698092342,0.41071935502185886,0,0,0,0,1.6601941747572815,2939_right.jpg
0.07863525390625,0.6527368126921047,0.2765195741758242,1,1,0,0,3.5164835164835164,4966_left.jpg
0.20724853515625,0.9820942642745232,0.316561008353222,1,1,0,0,1.5274463007159904,1684_right.jpg
0.00224609375,0.5869565217391305,0.060666007253544346,0,0,0,0,7.488888888888889,4895_left.jpg
0.0481494140625,0.6000912686340127,0.24708093209721874,1,0,0,0,4.723076923076923,2412_right.jpg
0.993564453125,1.0,0.993564453125,1,1,1,1,1.0,685_right.jpg
0.0029833984375,1.0,0.7039170506912442,0,0,0,0,2.2142857142857144,1344_left.jpg
0.03434326171875,0.6531598777280159,0.09589937621433685,0,1,0,1,2.7489177489177488,1049_right.jpg
0.0299853515625,0.5470607392932747,0.2694130034219531,0,0,0,0,2.6564885496183206,3552_left.jpg
0.05327880859375,0.9998167071438391,0.561435554412143,1,0,0,0,2.3,2191_right.jpg
0.15000244140625,0.7239953776793997,0.15000244140625,1,1,1,1,1.0,5239_left.jpg
0.058291015625,0.6765371083933657,0.30787084794718383,1,0,0,0,4.519083969465649,58_left.jpg
0.30595703125,0.9911506543249282,0.4105083857442348,1,1,0,0,1.3417190775681342,3571_right.jpg
0.07506591796875,0.45025530946108566,0.296556712962963,1,1,0,0,3.950617283950617,2425_right.jpg
0.5265771484375,0.9992071808091392,0.6647127712031559,1,1,0,1,1.26232741617357,801_left.jpg
0.9977294921875,1.0,0.9977294921875,1,1,1,1,1.0,1436_left.jpg
0.83138916015625,0.9955482076837465,0.83138916015625,1,1,1,1,1.0,2608_left.jpg
0.01998779296875,0.712348845731037,0.2663305139882889,1,0,0,0,10.943396226415095,901_right.jpg
0.2198046875,0.9618024702328061,0.334144893111639,1,1,0,1,1.520190023752969,3163_left.jpg
0.04475341796875,0.8586001854781518,0.16127357826576577,1,0,0,1,1.734375,3926_right.jpg
0.33986572265625,0.5766150177071885,0.475960749452954,1,1,0,1,1.400437636761488,1064_left.jpg
0.073310546875,0.4603703210337019,0.20050747863247864,1,1,0,0,2.735042735042735,4146_left.jpg
0.00619873046875,0.35801496652225284,0.10246166263115415,0,1,0,0,14.047619047619047,2623_right.jpg
0.0026611328125,1.0,0.6728395061728395,0,0,0,0,1.8,1662_left.jpg
0.04969482421875,0.4533038565463031,0.2683515266571745,1,0,0,0,4.777777777777778,3251_left.jpg
0.389296875,0.9918159241420831,0.3973684210526316,1,1,0,1,1.0207336523125996,4846_left.jpg
0.05301025390625,0.6056279648137061,0.23079294217687074,1,1,0,0,4.35374149659864,1513_left.jpg
0.33110595703125,0.9407613865109385,0.4074660497536354,1,0,0,1,1.1849056603773584,4851_left.jpg
0.5965576171875,0.999377941477389,0.6012549212598425,1,1,1,0,1.0078740157480315,3293_right.jpg
0.26367919921875,0.7889873429441775,0.43493476159793815,1,1,0,1,1.6494845360824741,630_left.jpg
0.58640380859375,0.9856114508870024,0.7968119692144374,1,0,1,1,0.7359375,4187_left.jpg
0.5500732421875,0.9936886955749856,0.5500732421875,1,1,1,1,1.0,4379_right.jpg
0.0169970703125,0.5937948865268601,0.056006500036200696,0,1,0,1,3.203045685279188,3133_right.jpg
0.01625,0.47641225961538464,0.04560622152180616,1,0,0,1,1.7474048442906573,2981_left.jpg
0.66982421875,1.0,0.7865825688073395,1,1,0,0,1.1743119266055047,1753_left.jpg
0.00688232421875,0.8382405108194395,0.19535689535689535,0,0,0,0,2.635135135135135,5138_right.jpg
0.749267578125,0.9992049527533399,0.749267578125,1,1,1,1,1.0,683_right.jpg
0.01341064453125,0.595121063171309,0.11315041404029168,0,0,0,0,1.603448275862069,2192_left.jpg
0.32377197265625,0.7405611648582007,0.32377197265625,1,1,1,1,1.0,5230_left.jpg
0.6079736328125,0.9993896219671842,0.6960699910554562,1,1,0,1,1.144901610017889,1986_left.jpg
0.7539111328125,0.998558947157078,0.7539111328125,1,1,1,1,1.0,2254_left.jpg
0.30435791015625,0.9877672161392532,0.49564646946564883,1,1,0,0,1.6284987277353689,1690_right.jpg
0.21280029296875,0.9981528859722588,0.6528721340454059,0,0,0,0,2.5458515283842793,1330_left.jpg
0.000107421875,0.9090909090909091,0.0025853457899994124,0,0,0,0,0.056466302367941715,3742_right.jpg
0.170234375,0.8276015374024782,0.2594047619047619,1,1,0,0,1.5238095238095237,1847_right.jpg
0.00052490234375,0.7441860465116279,0.39888682745825604,1,0,0,1,4.454545454545454,153_left.jpg
0.85839599609375,0.9997070526366685,0.85839599609375,1,1,1,1,1.0,2185_left.jpg
0.07313720703125,0.9903528390693327,0.4783476511353112,0,1,0,0,1.9116022099447514,3425_left.jpg
0.99524658203125,0.9999264079989599,0.99524658203125,1,1,1,1,1.0,4240_right.jpg
0.70899169921875,0.9925586168186967,0.8205328887884268,1,1,0,1,1.1573236889692586,334_left.jpg
0.389296875,0.9918159241420831,0.3973684210526316,1,1,0,1,1.0207336523125996,4845_left.jpg
0.03032958984375,0.661031956854222,0.19729068733324864,1,0,0,0,3.4044117647058822,1525_left.jpg
0.0182763671875,0.7624899812984237,0.04894089958158996,1,1,0,1,2.6778242677824267,3627_right.jpg
0.13830810546875,0.9521985490106089,0.25509275936599424,1,1,0,1,1.8443804034582132,362_right.jpg
0.4441015625,0.9957065265194828,0.4995166959578207,1,1,0,0,1.124780316344464,1067_right.jpg
0.0034326171875,0.7837837837837838,0.08227996254681648,0,1,0,0,4.171875,2961_right.jpg
0.06179931640625,0.4703907083316873,0.09623251216545012,1,1,0,1,1.5571776155717763,4871_right.jpg
0.0517919921875,0.5051852550202697,0.1598209980713597,1,0,0,0,2.2295081967213113,3703_left.jpg
0.14392822265625,0.86394246263973,0.45153952205882353,1,1,0,0,3.1372549019607843,2517_left.jpg
0.43326416015625,0.9993012706730905,0.5825400472689075,1,1,0,1,1.3445378151260505,4770_left.jpg
0.0,0.0,0.0,0,0,0,0,0.0,2367_left.jpg
0.16788818359375,0.7077813486119796,0.2576701139088729,1,1,0,0,1.5347721822541966,3048_right.jpg
0.17548583984375,0.9009446430807329,0.3576781449044586,1,1,0,0,2.038216560509554,1093_left.jpg
0.01272705078125,1.0,0.5497205525677529,0,0,0,0,1.2528735632183907,3777_left.jpg
0.7146484375,0.9986676687619568,0.7146484375,1,1,1,1,1.0,4763_left.jpg
0.0006396484375,1.0,0.5745614035087719,0,1,0,0,1.263157894736842,2189_left.jpg
0.30036376953125,0.9402417316242512,0.45019394028103044,1,1,0,1,1.4988290398126465,1968_right.jpg
0.4050146484375,0.9994394010633296,0.7557124635568513,1,1,0,0,1.8658892128279883,1554_right.jpg
0.0316455078125,0.8684616571516741,0.16061957868649318,0,1,0,0,3.5866666666666664,881_left.jpg
0.86427001953125,1.0,0.86427001953125,1,1,1,1,1.0,3008_left.jpg
0.9661572265625,1.0,0.9661572265625,1,1,1,1,1.0,4186_left.jpg
0.085615234375,0.9959507243070606,0.2157234251968504,1,1,0,1,2.5196850393700787,3885_left.jpg
0.11561767578125,0.7813628397069071,0.230514992211838,1,1,0,1,1.9937694704049844,1611_right.jpg
0.9823095703125,0.9998980996833634,0.9823095703125,1,1,1,1,1.0,5175_right.jpg
0.4430224609375,0.9884052859551862,0.5369969223484848,1,0,1,1,0.825,298_left.jpg
0.0,0.0,0.0,0,0,0,0,0.0,2214_left.jpg
0.078984375,0.6301001483679525,0.08931095406360424,1,1,0,0,1.1307420494699647,3513_left.jpg
0.0090869140625,0.8551853842020419,0.134972439802727,1,0,0,0,5.319444444444445,515_right.jpg
0.0,0.0,0.0,0,0,0,0,0.0,2880_left.jpg
0.78236083984375,0.9999843971852522,0.78236083984375,1,1,1,1,1.0,2779_right.jpg
0.4474951171875,1.0,0.6851599880382775,1,1,0,0,1.5311004784688995,4837_left.jpg
0.04977294921875,0.7498896355520674,0.1417506240309269,1,0,0,1,0.43804537521815007,1243_right.jpg
0.18057861328125,0.9539917528560806,0.18731006888168558,1,0,1,1,0.9640625,3342_left.jpg
0.28828369140625,0.9778626536021884,0.6318546660958904,1,1,0,1,2.191780821917808,2973_right.jpg
0.2484228515625,0.8057865047074316,0.3340139180672269,1,1,0,1,1.3445378151260505,5206_right.jpg
0.99853271484375,1.0,0.99853271484375,1,1,1,1,1.0,4236_right.jpg
0.08872802734375,0.9645874033514019,0.19380866040955633,1,1,0,0,2.1843003412969284,3881_right.jpg
0.11364501953125,0.9656276182087693,0.1420562744140625,1,1,0,1,1.25,813_right.jpg
0.00298095703125,0.538083538083538,0.40945674044265595,1,0,0,1,15.214285714285714,2158_right.jpg
0.03899658203125,0.3232955612596256,0.2823082361258395,0,1,0,0,4.278260869565218,2960_left.jpg
0.75351318359375,0.9967923690784379,0.769136263955343,1,1,0,1,1.0207336523125996,2589_left.jpg
0.0254736328125,0.8226950354609929,0.22733016689180358,0,1,0,0,4.084905660377358,5257_right.jpg
0.07840087890625,0.44495998505278234,0.313603515625,1,1,0,0,4.0,1415_left.jpg
0.1268212890625,0.8152504523928695,0.3528940217391304,1,1,0,0,2.782608695652174,563_left.jpg
0.01068359375,0.2858775137111517,0.14864130434782608,1,1,0,0,13.91304347826087,4887_right.jpg
0.3733642578125,0.9980513960635585,0.7175769519519519,1,1,0,0,1.921921921921922,4301_right.jpg
0.7139599609375,0.9985979934208277,0.7139599609375,1,1,1,1,1.0,3319_right.jpg
0.00122802734375,0.4433399602385686,0.021134453781512606,1,0,0,0,1.680672268907563,287_left.jpg
0.0,0.0,0.0,0,0,0,0,0.0,3979_right.jpg
0.024287109375,0.9260152794531564,0.06671137339055794,1,1,0,1,2.7467811158798283,2740_right.jpg
0.0346875,0.3774634009009009,0.14415584415584415,1,1,0,0,4.1558441558441555,2729_left.jpg
0.0,0.0,0.0,0,0,0,0,0.0,2861_left.jpg
0.1075732421875,0.47635150469792564,0.27429033864541835,1,1,0,1,2.549800796812749,4221_right.jpg
0.006865234375,0.405049786628734,0.19129251700680272,1,0,0,1,23.52,2972_left.jpg
0.0,0.0,0.0,0,0,0,0,0.0,1442_right.jpg
0.4432470703125,0.9976205426484682,0.5897674116424116,1,1,0,1,1.3305613305613306,3064_right.jpg
0.00779052734375,0.4042619868379818,0.11556569607417065,0,0,0,0,10.211538461538462,3491_left.jpg
0.00134521484375,1.0,0.655952380952381,0,1,0,0,1.9047619047619047,223_left.jpg
0.4298388671875,0.9970521748020583,0.4886267761989343,1,1,0,1,1.1367673179396092,322_right.jpg
0.65969482421875,0.9999148813334764,0.65969482421875,1,1,1,1,1.0,4170_right.jpg
0.07007568359375,0.4270285336027593,0.19757020925110133,1,1,0,1,2.8193832599118944,1774_right.jpg
0.0,0.0,0.0,0,0,0,0,0.0,227_right.jpg
0.06121826171875,0.520518444666002,0.1875860314800407,1,0,0,1,2.838709677419355,803_right.jpg
0.2096044921875,0.7042537330817434,0.34134064885496185,1,1,0,1,1.6284987277353689,4687_right.jpg
0.07349853515625,0.42059458561700713,0.12887414383561643,1,1,0,1,1.7534246575342465,4726_right.jpg
0.06700927734375,0.7726891827886472,0.1872748362445415,1,1,0,0,2.7947598253275108,4461_right.jpg
0.02359375,0.976510761589404,0.06088709677419355,1,1,0,1,2.5806451612903225,2547_right.jpg
0.04392822265625,0.9869393653087312,0.16641694413614502,1,0,0,1,2.4056603773584904,5158_left.jpg
0.2117431640625,0.977216649371613,0.7021534974093264,1,1,0,1,3.316062176165803,1125_left.jpg
0.0018896484375,0.5917312661498708,0.0099972875576394,0,0,0,1,1.9949238578680204,3795_right.jpg
0.7613427734375,1.0,0.8533439141856393,1,1,0,1,1.1208406304728546,2505_right.jpg
0.8378369140625,0.9978495124978874,0.8378369140625,1,1,1,1,1.0,2559_right.jpg
0.00824951171875,0.9991121633619414,0.31491146318732527,0,0,0,0,1.9594594594594594,568_left.jpg
0.06210205078125,0.9980343593977277,0.16841234110169492,1,1,0,1,2.711864406779661,1974_left.jpg
0.3954052734375,0.99590017164944,0.7399396929824561,1,1,0,1,1.871345029239766,2929_right.jpg
0.18279541015625,0.8988286832369479,0.3835706967213115,1,1,0,0,2.098360655737705,2688_right.jpg
0.89322021484375,1.0,0.89322021484375,1,1,1,1,1.0,4934_left.jpg
0.7773876953125,0.9972143534599175,0.7773876953125,1,1,1,1,1.0,2686_left.jpg
0.2698291015625,0.9877671413836159,0.49300122222123094,1,0,0,1,0.9811715481171548,5067_left.jpg
0.55578369140625,0.9970524799142539,0.8158292717889908,1,1,0,1,1.4678899082568808,1935_right.jpg
0.35730712890625,0.9165442457619591,0.35730712890625,1,1,1,1,1.0,3524_left.jpg
0.06137939453125,0.6726860506741975,0.2690603595890411,1,1,0,0,4.383561643835616,264_left.jpg
0.627548828125,0.9990468557912264,0.627548828125,1,1,1,1,1.0,974_right.jpg
0.1990234375,0.717737978410206,0.26426348547717843,1,1,0,1,1.3278008298755186,1859_left.jpg
0.00013427734375,1.0,0.8333333333333334,0,0,0,1,1.8333333333333333,3091_right.jpg
0.07245361328125,0.4467432691983691,0.16985462454212455,1,1,0,0,2.3443223443223444,2685_right.jpg
0.31409912109375,0.9860479577163732,0.45275548986486486,1,1,0,0,1.4414414414414414,2787_right.jpg
0.452900390625,0.9963990771287492,0.611511075949367,1,1,0,1,1.350210970464135,3422_left.jpg
0.0484033203125,0.46080903863613437,0.27943622269203666,0,0,0,0,4.263565891472868,1867_left.jpg
0.18729736328125,0.958992139942907,0.2820477941176471,1,1,0,1,1.5058823529411764,4659_right.jpg
0.12798828125,0.5389134747443919,0.13978242320819112,1,1,1,0,1.0921501706484642,2585_right.jpg
0.93265869140625,1.0,0.93265869140625,1,1,1,1,1.0,3812_right.jpg
0.08809814453125,0.8244422890397672,0.08809814453125,1,1,1,1,1.0,5068_left.jpg
0.02157470703125,0.9988683942514428,0.2532672245787,0,0,0,0,1.7062937062937062,624_right.jpg
0.48583251953125,0.9995678326808947,0.7474346454326923,1,1,0,0,1.5384615384615385,2032_right.jpg
0.45634765625,0.992365717954205,0.5531486742424242,1,1,0,1,1.2121212121212122,1696_left.jpg
0.32859130859375,0.9995393451270888,0.4532293911637931,1,1,0,1,1.3793103448275863,2591_right.jpg
0.16570556640625,0.8890133042594257,0.24315387481371087,1,0,0,1,0.8531468531468531,3645_left.jpg
0.0,0.0,0.0,0,0,0,0,0.0,425_left.jpg
0.20261474609375,0.5721222783193358,0.5712486233480176,1,1,0,1,2.8193832599118944,1135_left.jpg
0.1977490234375,0.9144299859255784,0.21858268566493955,1,1,0,1,1.1053540587219344,4298_right.jpg
0.249501953125,0.8055207640220752,0.34638015184381776,1,1,0,0,1.3882863340563991,2572_left.jpg
0.0306005859375,0.5897558640497846,0.04332826327433628,1,1,0,0,1.415929203539823,5240_right.jpg
0.0001513671875,0.9354838709677419,0.0007870517296096477,0,0,0,0,4.197080291970803,3729_left.jpg
0.13258544921875,0.5632607214539562,0.17448929101576305,0,1,0,0,1.1644100580270793,2086_right.jpg
0.00577880859375,0.8377693282636248,0.02164529875450372,1,0,0,1,2.3878504672897196,2005_left.jpg
0.0,0.0,0.0,0,0,0,0,0.0,4073_right.jpg
0.072119140625,0.3646242383209208,0.21172591743119265,1,1,0,0,2.9357798165137616,4384_right.jpg
0.3944482421875,0.998675463897107,0.493060302734375,1,1,0,1,1.25,4663_left.jpg
0.6717431640625,0.9998764292412029,0.7582286155202822,1,1,0,1,1.128747795414462,751_right.jpg
0.00156005859375,1.0,0.5585664335664335,0,0,0,0,1.6923076923076923,1661_right.jpg
0.53941162109375,0.9995564466853442,0.6755840264187867,1,1,0,1,1.2524461839530332,2830_left.jpg
0.0,0.0,0.0,0,0,0,0,0.0,93_right.jpg
0.2757568359375,0.9995838866755201,0.5430288461538462,1,1,0,0,1.9692307692307693,526_left.jpg
0.059931640625,0.6127586768779534,0.15784465020576133,1,1,0,1,2.633744855967078,2662_left.jpg
0.033349609375,0.9859443631039532,0.13189274782994911,0,1,0,0,1.8438818565400843,1075_left.jpg
0.96481201171875,1.0,0.96481201171875,1,1,1,1,1.0,2643_left.jpg
0.09068115234375,0.9591847723662601,0.12295749470338983,1,1,0,1,1.3559322033898304,406_right.jpg
0.00947998046875,0.5918104558331188,0.03095503826530612,1,1,0,1,3.2653061224489797,3446_right.jpg
0.15318359375,0.7849674869310213,0.25799342105263157,1,1,0,1,1.6842105263157894,1534_left.jpg
0.86162109375,0.9999518304431599,0.86162109375,1,1,1,1,1.0,1924_left.jpg
0.0,0.0,0.0,0,0,0,0,0.0,179_left.jpg
0.05524658203125,0.5756330372530823,0.25838090888330667,0,0,0,0,3.8410596026490067,2465_left.jpg
0.7139599609375,0.9985979934208277,0.7139599609375,1,1,1,1,1.0,3318_right.jpg
0.745966796875,0.9999770903425975,0.9198819845857418,1,1,0,0,1.233140655105973,2028_left.jpg
0.8751611328125,1.0,0.8751611328125,1,1,1,1,1.0,1337_left.jpg
0.000888671875,0.8406593406593407,0.017615176151761516,0,1,0,0,3.073170731707317,166_left.jpg
0.00572998046875,0.7115466553046442,0.3118522455487643,0,0,0,0,0.6698113207547169,3796_right.jpg
0.17052978515625,0.9828487165170582,0.27841597576530613,1,1,0,1,1.6326530612244898,999_left.jpg
0.42976318359375,0.9302452408950697,0.42976318359375,1,1,1,1,1.0,3247_left.jpg
0.12974365234375,0.881734188886589,0.2944536790780142,1,1,0,1,2.269503546099291,1473_left.jpg
0.09646728515625,0.6784855617138663,0.46830222222222223,1,0,0,0,4.62962962962963,1535_left.jpg
0.1870751953125,0.9999738991987054,0.30158217884130983,1,1,0,0,1.6120906801007557,524_left.jpg
0.27326171875,0.5232381530984204,0.3504759519038076,1,1,0,1,1.282565130260521,4689_right.jpg
2.197265625e-05,1.0,0.5,0,0,0,0,4.5,3475_right.jpg
0.12259033203125,0.7588473104574512,0.15660242015968065,1,1,0,0,1.2774451097804391,3251_right.jpg
0.0302001953125,0.5424413904607922,0.2974987974987975,0,0,0,0,4.242424242424242,2820_left.jpg
0.64988525390625,0.9999248665441991,0.64988525390625,1,1,1,1,1.0,711_left.jpg
0.01863525390625,0.48709550635398924,0.07042942294561627,0,1,0,0,2.179372197309417,3918_right.jpg
0.00051025390625,1.0,0.3793103448275862,1,0,0,0,1.5263157894736843,435_left.jpg
0.6548779296875,0.9956792102535807,0.6548779296875,1,1,1,1,1.0,2085_right.jpg
0.37325927734375,0.9991104541262501,0.37325927734375,1,1,1,1,1.0,4858_right.jpg
0.09387451171875,0.9676471353150763,0.5179283405172413,1,1,0,0,5.517241379310345,4285_right.jpg
0.1064111328125,0.9872436103335933,0.1357286547959368,0,1,0,1,1.1135940409683427,3896_right.jpg
0.0,0.0,0.0,0,0,0,0,0.0,3920_right.jpg
0.1426708984375,0.5018481125295184,0.20245981152993348,1,1,0,1,1.419068736141907,1397_left.jpg
0.000263671875,0.7407407407407407,0.13846153846153847,1,0,0,1,4.615384615384615,4598_right.jpg
0.04386474609375,0.5746090053987867,0.10728104325395878,1,0,0,1,2.1209964412811386,1607_right.jpg
0.02511962890625,0.5177373894450384,0.4507776560788609,0,0,0,0,7.545454545454546,466_right.jpg
0.54002197265625,0.98710628274855,0.7126063144329897,1,1,0,1,1.3195876288659794,1001_right.jpg
0.12267822265625,0.42345121295946186,0.26614936440677966,1,1,0,1,2.169491525423729,1224_left.jpg
0.21549072265625,0.8300005664759531,0.3518215880102041,1,1,0,1,1.6326530612244898,5225_left.jpg
0.0042822265625,0.5610034207525656,0.13113038277511962,0,0,0,0,9.263157894736842,2869_left.jpg
0.01837158203125,0.8522259136212624,0.19807844169518293,0,1,0,0,1.806896551724138,293_right.jpg
0.0,0.0,0.0,0,0,0,0,0.0,199_right.jpg
0.02069580078125,0.8802642444260942,0.12593968206804337,0,1,0,0,5.990566037735849,1762_left.jpg
0.58031005859375,0.9990323734197185,0.7211620145631068,1,1,0,1,1.2427184466019416,2489_right.jpg
0.0662451171875,0.5605144836736198,0.1710704671117752,0,1,0,0,2.5582329317269075,550_left.jpg
0.0617431640625,0.7734282325029656,0.12387343260188088,1,1,0,0,2.006269592476489,2525_left.jpg
0.098486328125,0.7758552305404065,0.2670815677966102,1,1,0,1,2.711864406779661,2370_right.jpg
0.0,0.0,0.0,0,0,0,0,0.0,111_left.jpg
0.0762109375,0.6759354177344952,0.16102341896213762,1,0,0,1,1.5041782729805013,3170_right.jpg
0.0841357421875,0.9103360222854158,0.27333439086294414,1,1,0,1,3.248730964467005,4066_right.jpg
0.08463623046875,0.5622061326333401,0.15655256502890175,1,1,0,0,1.8497109826589595,1419_right.jpg
0.60796875,0.9994096954510409,0.60796875,1,1,1,1,1.0,1358_right.jpg
0.21438720703125,0.9965836493457688,0.729828789893617,1,1,0,1,3.404255319148936,3164_left.jpg
0.4534619140625,0.8940658346703421,0.4534619140625,1,1,1,1,1.0,449_right.jpg
0.32596435546875,0.5236864771748493,0.5254840994962217,1,1,0,1,1.6120906801007557,1523_right.jpg
0.420361328125,0.9703682193053781,0.420361328125,1,1,1,1,1.0,5235_left.jpg
0.019951171875,0.4690406265296133,0.14654353088855016,0,1,0,0,6.178947368421053,824_left.jpg
0.27159423828125,1.0,0.5895336512983572,1,0,1,0,0.6126126126126126,5070_right.jpg
0.14787841796875,0.5911079559525185,0.19594655797101448,1,1,0,1,1.3250517598343685,2963_left.jpg
0.12926513671875,0.8886055867187943,0.12926513671875,1,1,1,1,1.0,3042_left.jpg
0.184560546875,0.9574448383512355,0.4491207224334601,1,1,0,0,2.4334600760456273,4339_left.jpg
0.1117236328125,0.424238451116647,0.40397245762711864,1,1,0,0,3.615819209039548,4443_right.jpg
0.00141357421875,0.6269430051813472,0.016652286453839517,1,0,0,1,1.0382513661202186,302_right.jpg
0.35645751953125,0.9923084825862128,0.5940958658854166,1,1,0,1,1.6666666666666667,4495_right.jpg
0.17666259765625,0.5794419645941875,0.2265812875751503,1,1,0,1,1.282565130260521,4794_left.jpg
0.08132080078125,0.8465279654147527,0.17651079975411746,1,0,0,0,1.293193717277487,3291_left.jpg
0.02450927734375,0.995816316366172,0.43234280792420327,0,1,0,0,1.3953488372093024,3667_left.jpg
0.0,0.0,0.0,0,0,0,0,0.0,5143_left.jpg
0.03603271484375,0.8792601124737448,0.2060219436611854,0,0,0,0,5.0588235294117645,141_left.jpg
0.06127685546875,0.9076855651619586,0.1925685525326459,1,0,0,1,2.3803418803418803,3655_left.jpg
0.0861181640625,0.3417814821114702,0.3223135964912281,1,1,0,0,3.742690058479532,651_left.jpg
0.01181884765625,0.4534187151414997,0.14909146904835233,0,1,0,0,4.4941176470588236,250_left.jpg
0.80746337890625,0.9965168698996484,0.80746337890625,1,1,1,1,1.0,1564_left.jpg
0.4321533203125,0.999926557821592,0.5298431513409961,1,1,0,1,1.2260536398467432,4368_right.jpg
0.4923095703125,0.9969997520456236,0.7936476700251889,1,1,0,1,1.6120906801007557,3663_right.jpg
0.1318505859375,0.5418657186238566,0.35756091101694915,1,1,0,0,2.711864406779661,2934_right.jpg
0.37905517578125,0.9876144041323964,0.37905517578125,1,1,1,1,1.0,3526_left.jpg
0.975986328125,1.0,0.975986328125,1,1,1,1,1.0,723_left.jpg
0.13006103515625,0.829613500272183,0.16007512019230768,1,1,0,1,1.2307692307692308,4822_left.jpg
0.29996337890625,0.7459732226427379,0.3270469548551959,1,1,1,0,1.090289608177172,2904_left.jpg
0.00112548828125,0.9240780911062907,0.08059440559440559,0,0,0,0,2.9545454545454546,1349_left.jpg
0.049130859375,0.47624726694494135,0.3743303571428571,1,1,0,0,7.619047619047619,2132_left.jpg
0.0,0.0,0.0,0,0,0,0,0.0,3142_left.jpg
0.66690185546875,0.9998974970988018,0.7410020616319445,1,1,0,1,1.1111111111111112,372_left.jpg
0.36870849609375,0.9592578613853519,0.4402489505597015,1,1,0,1,1.1940298507462686,372_right.jpg
0.01026123046875,1.0,0.5723039215686274,0,0,0,0,2.823529411764706,2879_right.jpg
0.02014892578125,0.4963043741669696,0.05137574701195219,1,1,0,1,2.549800796812749,896_right.jpg
0.0287890625,0.6389925373134329,0.08833223467369809,1,0,0,0,0.8058968058968059,1152_right.jpg
0.16500732421875,1.0,0.6323633982035928,1,1,0,0,3.8323353293413174,2689_right.jpg
0.57174560546875,1.0,0.7452488543788187,1,1,0,1,1.3034623217922607,4560_right.jpg
0.12861328125,0.9937357630979499,0.20681532663316582,1,1,0,1,1.6080402010050252,4843_right.jpg
0.0606591796875,0.4639781051275859,0.15405505952380952,1,1,0,1,2.5396825396825395,3929_left.jpg
0.0037890625,0.5515463917525774,0.3344106873518638,0,0,0,0,3.051282051282051,1527_right.jpg
0.603720703125,0.9894332023098947,0.603720703125,1,1,1,1,1.0,4839_right.jpg
0.0610595703125,0.9760095961615354,0.19518781266340443,0,1,0,1,2.9903381642512077,199_left.jpg
0.11237060546875,0.737023920742173,0.2109008431085044,1,1,0,1,1.8768328445747802,580_left.jpg
0.04223876953125,0.49939309866481707,0.07927510997067448,1,1,0,1,1.8768328445747802,3632_left.jpg
0.09118408203125,0.8608262604085786,0.4421046401515151,1,1,0,0,4.848484848484849,4009_right.jpg
0.04696533203125,0.3997504808442065,0.2732528409090909,1,1,0,0,5.818181818181818,119_left.jpg
0.69831787109375,0.9992483332226227,0.69831787109375,1,1,1,1,1.0,3755_left.jpg
0.69831787109375,0.9992483332226227,0.69831787109375,1,1,1,1,1.0,3756_left.jpg
0.04524658203125,0.8400690659903955,0.1524095394736842,1,1,0,0,3.3684210526315788,532_left.jpg
0.017275390625,0.7895703787450538,0.03532348242811502,1,1,0,1,2.0447284345047922,3166_left.jpg
0.0568603515625,0.6390725633319021,0.16847145967607763,0,0,0,1,2.682819383259912,1173_left.jpg
0.863916015625,1.0,0.863916015625,1,1,1,1,1.0,2903_left.jpg
0.00071533203125,0.49146757679180886,0.0073640293555845985,0,1,0,0,0.9655172413793104,357_left.jpg
0.0,0.0,0.0,0,0,0,0,0.0,2990_left.jpg
0.2658642578125,0.9866205072636779,0.6725419960474308,1,1,0,0,2.5296442687747036,4282_right.jpg
0.11660888671875,0.9996440759583778,0.5403298791800534,1,0,0,0,2.3010204081632653,3961_left.jpg
0.4207470703125,0.9799231742273904,0.4207470703125,1,1,1,1,1.0,3509_right.jpg
0.11059326171875,0.5604317976114263,0.3805359543010753,1,1,0,0,3.4408602150537635,4892_right.jpg
0.08109619140625,0.9074570250173104,0.2469077988879969,0,0,0,1,1.2132132132132132,3821_right.jpg
0.61679931640625,1.0,0.8328092035864979,1,1,0,0,1.350210970464135,326_right.jpg
0.03700439453125,0.5509005739922148,0.0897076231060606,1,1,0,1,2.4242424242424243,2005_right.jpg
0.58584228515625,0.9989915027858693,0.58584228515625,1,1,1,1,1.0,2569_left.jpg
0.38570068359375,0.9840172676806999,0.5962522644927536,1,1,0,1,1.5458937198067633,4403_left.jpg
0.4266552734375,0.8700488675768777,0.4266552734375,1,1,1,1,1.0,2543_right.jpg
0.0350927734375,0.9091415054960345,0.20983328953899155,1,0,0,0,3.1700680272108843,1737_left.jpg
0.55562744140625,1.0,0.9212475712435233,1,1,0,1,1.6580310880829014,3017_right.jpg
0.26715576171875,0.5626764875213612,0.3288070913461538,1,1,0,1,1.2307692307692308,5264_left.jpg
0.01403564453125,0.4534701687249956,0.05640698587127158,0,0,0,1,1.6979591836734693,5034_right.jpg
0.00187744140625,0.3511053315994798,0.031440369598102945,0,1,0,0,2.827956989247312,2828_right.jpg
0.0020068359375,0.5109489051094891,0.008812178387650086,1,0,0,1,2.0754716981132075,2048_left.jpg
0.822607421875,0.9998486377396569,0.84235,1,1,1,0,1.024,2314_right.jpg
0.00117919921875,0.6832298136645962,0.04716796875,1,1,0,1,40.0,242_right.jpg
0.00389892578125,0.9749530369442705,0.07418246005202526,0,0,0,0,16.61111111111111,1599_left.jpg
0.334580078125,0.9868290476051487,0.39949860074626864,1,1,0,0,1.1940298507462686,3335_left.jpg
0.17540771484375,0.9418347321391289,0.3901759530791789,1,0,0,0,2.0875420875420874,422_right.jpg
0.01630615234375,0.5902081149872735,0.24727878563495,1,0,0,0,5.068493150684931,3536_left.jpg
0.04984375,1.0,0.5216147164026571,1,0,0,0,6.776315789473684,4826_left.jpg
0.0056494140625,1.0,0.55625,0,0,0,0,0.9846153846153847,1215_left.jpg
0.7893994140625,1.0,0.8228267508143322,1,1,0,1,1.0423452768729642,4184_right.jpg
0.45101318359375,0.9226838444257991,0.45101318359375,1,1,1,1,1.0,4948_left.jpg
0.001025390625,0.4,0.008130081300813009,1,0,0,0,7.682926829268292,4804_right.jpg
0.24219482421875,0.959497192625223,0.30333598336594914,1,1,0,1,1.2524461839530332,2649_right.jpg
0.0433447265625,0.3190266982088543,0.10428806390977444,1,1,0,1,2.406015037593985,3231_left.jpg
0.41719482421875,0.9334105791682028,0.4750973087188612,1,1,1,0,1.1387900355871887,1421_right.jpg
0.06857421875,0.5404799202506408,0.07632608695652174,1,1,0,1,1.1130434782608696,4329_left.jpg
0.0553271484375,1.0,0.5715222435186119,0,0,0,0,4.684782608695652,5031_left.jpg
0.600791015625,1.0,0.6252134146341464,1,1,0,0,1.0406504065040652,3639_left.jpg
0.132841796875,0.9599353083878556,0.3680465367965368,1,1,0,0,2.7705627705627704,277_left.jpg
0.2112744140625,0.9558690979685225,0.27206363179074444,1,1,0,1,1.2877263581488934,3524_right.jpg
0.50270751953125,0.9977271513144156,0.5694386061946902,1,1,1,0,1.1327433628318584,1695_left.jpg
0.287734375,0.9877307901167527,0.287734375,1,1,1,1,1.0,4538_right.jpg
0.060634765625,0.314543404735062,0.11653528528528528,1,1,0,1,1.921921921921922,2493_left.jpg
0.07334716796875,0.7923975634923277,0.13446450070940397,1,0,0,0,1.6058981233243967,4142_right.jpg
0.56064208984375,1.0,0.5823449605031256,0,1,1,0,0.9779527559055118,1882_left.jpg
0.8933984375,1.0,0.8933984375,1,1,1,1,1.0,757_left.jpg
0.307099609375,0.9472843196489331,0.307099609375,1,1,1,1,1.0,4964_left.jpg
0.82918701171875,1.0,0.82918701171875,1,1,1,1,1.0,317_right.jpg
0.0,0.0,0.0,0,0,0,0,0.0,2334_left.jpg
0.02016845703125,0.6349110277206149,0.1317123724489796,1,1,0,0,6.530612244897959,4812_left.jpg
0.14917724609375,0.5465852740454642,0.33976312277580073,1,1,0,1,2.2775800711743774,868_right.jpg
0.0281298828125,0.31730602325985074,0.34293707958807074,0,1,0,0,2.9345794392523366,2051_left.jpg
0.31802001953125,0.9947873883971411,0.31802001953125,1,1,1,1,1.0,4087_right.jpg
0.7565234375,0.9999322300820984,0.8151094276094276,1,1,0,1,1.0774410774410774,2442_right.jpg
0.08470458984375,0.9974924340683096,0.28088568652849744,1,1,0,1,3.316062176165803,3479_right.jpg
0.10361572265625,0.7021512216960015,0.27066964285714284,1,1,0,0,2.6122448979591835,3555_left.jpg
0.05659423828125,0.9638497044993745,0.45588813719320326,1,0,0,0,1.0133928571428572,5008_right.jpg
0.8992822265625,0.999465176763152,0.8992822265625,1,1,1,1,1.0,1091_right.jpg
0.082890625,0.4061616399622997,0.12839207381636666,1,0,0,1,1.365909090909091,3339_left.jpg
0.10848876953125,0.8151765420707968,0.23536546610169493,1,1,0,1,2.169491525423729,9_left.jpg
0.0533935546875,0.7587105624142662,0.18371975806451613,1,1,0,0,3.4408602150537635,2853_left.jpg
0.0471728515625,0.4446227098644033,0.25803952991452994,1,1,0,0,5.47008547008547,814_left.jpg
0.058369140625,0.9542412581562657,0.3626820388349515,1,1,0,0,6.213592233009709,1118_left.jpg
0.89677978515625,1.0,0.89677978515625,1,1,1,1,1.0,4185_right.jpg
0.4510888671875,1.0,0.8295887212643678,1,1,0,1,1.839080459770115,1053_left.jpg
0.0023388671875,0.4342379958246347,0.06694619147449336,0,0,0,0,1.2735849056603774,121_right.jpg
0.01119873046875,0.4281665576629605,0.03462409420289855,1,1,0,1,3.0917874396135265,2285_right.jpg
0.5994189453125,0.9149852151742003,0.5994189453125,1,1,1,1,1.0,3780_left.jpg
0.0700634765625,0.5593421144330616,0.23678217821782177,0,1,0,0,3.03,1030_left.jpg
0.2002490234375,1.0,0.6073904028436019,1,1,0,1,3.0331753554502368,2258_left.jpg
0.55899169921875,0.8085280154435432,0.55899169921875,1,1,1,1,1.0,3033_right.jpg
0.79459716796875,0.9998095044966157,0.8350446428571429,1,1,0,1,1.0509031198686372,737_right.jpg
0.38629150390625,0.9450655711802812,0.4709077380952381,1,1,0,0,1.2190476190476192,371_right.jpg
0.4595263671875,0.997364813889981,0.4797665171288744,1,1,0,1,1.0440456769983686,3126_right.jpg
0.30657470703125,0.7899707739721118,0.5018102621483376,1,1,0,0,1.6368286445012787,1907_left.jpg
2.44140625e-06,1.0,1.0,0,0,0,0,1.0,4595_left.jpg
0.0,0.0,0.0,0,0,0,0,0.0,1354_left.jpg
0.06045654296875,0.3723700682469814,0.24924761703455425,1,0,0,0,3.3976608187134505,4678_right.jpg
0.06154541015625,0.9343091752945377,0.146770456106848,1,0,0,1,1.7420382165605095,2237_right.jpg
0.47438720703125,0.9953167377733404,0.47438720703125,1,1,1,1,1.0,4694_left.jpg
0.01527587890625,0.6135528208406584,0.17895037895037896,1,0,0,0,3.1714285714285713,2755_left.jpg
0.07376953125,0.4934471803018268,0.1866106719367589,1,1,0,1,2.5296442687747036,1937_left.jpg
0.0,0.0,0.0,0,0,0,0,0.0,4083_right.jpg
0.012734375,0.9854294478527608,0.2739495798319328,1,0,0,0,1.5178571428571428,1635_left.jpg
0.44631591796875,0.968317004994229,0.5600827205882353,1,1,0,1,1.2549019607843137,2480_left.jpg
0.008310546875,0.5061692126909518,0.23573407202216065,0,0,0,0,2.5,1825_right.jpg
0.08341796875,0.5700655584172325,0.4735558265883136,0,1,0,0,5.362068965517241,4593_right.jpg
0.08956298828125,0.22232520103584572,0.26136363636363635,0,1,0,1,2.6077586206896552,3661_left.jpg
0.79489990234375,0.9999846433101652,0.79489990234375,1,1,1,1,1.0,3693_right.jpg
0.27644775390625,0.9030229703355029,0.5098748198847263,1,1,0,1,1.8443804034582132,4208_left.jpg
0.0254345703125,0.7153004415434824,0.16610066803781828,0,1,0,0,6.148514851485149,1112_right.jpg
0.60419189453125,0.9982867094719914,0.60419189453125,1,1,1,1,1.0,4672_right.jpg
0.2113232421875,0.9854317336352504,0.34239715189873415,1,1,0,1,1.620253164556962,5051_right.jpg
0.15967041015625,0.6158774330667727,0.4453228200623715,1,0,0,1,1.0785907859078592,3046_right.jpg
0.1546484375,0.5056516797171002,0.3321308724832215,1,1,0,1,2.1476510067114094,966_left.jpg
0.81594482421875,0.9985518130761705,0.81594482421875,1,1,1,1,1.0,719_right.jpg
0.18885986328125,0.9078299313572139,0.24607148310260588,1,0,0,0,1.19921875,1368_right.jpg
0.17832275390625,0.6371079256855738,0.2641818576388889,1,1,0,1,1.4814814814814814,537_left.jpg
0.1852978515625,0.49693009038446334,0.30963609660574415,1,1,0,1,1.671018276762402,5048_right.jpg
0.03388427734375,0.9840766625837596,0.29123300318952494,1,0,0,0,1.4076086956521738,1843_left.jpg
0.30571044921875,0.9938907034874899,0.6723528780068728,1,1,0,0,2.1993127147766325,615_right.jpg
0.1202001953125,0.9523500020311167,0.22435178856231489,0,1,0,1,1.4805194805194806,1646_right.jpg
0.2923193359375,0.9766565887717774,0.4175990513392857,1,1,0,1,1.4285714285714286,2429_left.jpg
0.1020458984375,0.9971051246471123,0.5679076086956522,1,1,0,1,5.565217391304348,2850_right.jpg
0.9265869140625,0.9999762864595684,0.9265869140625,1,1,1,1,1.0,756_left.jpg
0.7861962890625,1.0,0.7861962890625,1,1,1,1,1.0,190_right.jpg
0.2039599609375,0.7110914270666252,0.3372981266149871,1,1,0,0,1.6537467700258397,983_left.jpg
0.0039013671875,1.0,0.6259302781041911,0,1,0,0,1.864864864864865,2866_left.jpg
0.349453125,0.9999650681868991,0.5117848970251716,1,1,0,1,1.4645308924485125,1180_right.jpg
0.158115234375,0.7544623556296708,0.2474174816625917,1,1,0,1,1.56479217603912,4087_left.jpg
0.09549560546875,0.6440495973411735,0.21672761524822695,1,1,0,0,2.269503546099291,4820_right.jpg
0.1589990234375,0.9833860516537174,0.31976236068149455,1,0,0,0,0.9419354838709677,5278_left.jpg
0.10338134765625,0.9930334159877199,0.23932923382994598,1,0,0,0,2.193661971830986,1847_left.jpg
0.0001953125,0.9625,0.001181212810252927,0,0,0,0,3.946564885496183,2121_left.jpg
0.33274169921875,0.9888033692613599,0.33274169921875,1,1,1,1,1.0,4911_left.jpg
0.004365234375,0.9888143176733781,0.2971086739780658,0,0,0,0,5.205882352941177,3000_left.jpg
0.022197265625,0.5595028596568412,0.15962078651685394,1,1,0,0,7.191011235955056,4415_left.jpg
0.450283203125,0.9963293500184346,0.450283203125,1,1,1,1,1.0,3997_left.jpg
0.1711083984375,0.9985589133350455,0.493285472972973,1,1,0,0,2.8828828828828827,3956_left.jpg
0.00169921875,1.0,0.5484633569739953,0,0,0,0,0.574468085106383,296_left.jpg
0.91026611328125,1.0,0.9276597332802548,1,1,0,1,1.019108280254777,2438_right.jpg
0.30515380859375,0.9416918018097303,0.591813446969697,1,1,0,1,1.9393939393939394,4741_right.jpg
0.0,0.0,0.0,0,0,0,0,0.0,356_right.jpg
0.033388671875,0.9969289265867213,0.15792512529157718,1,0,0,1,1.0812720848056536,3563_left.jpg
0.33420166015625,0.9168669505950077,0.576520384097035,1,1,0,0,1.725067385444744,4550_right.jpg
0.240185546875,0.5404655417767839,0.3477799773755656,1,1,0,0,1.4479638009049773,1750_left.jpg
0.0040625,0.5739182692307693,0.027789839339991317,0,1,0,0,6.23469387755102,1589_right.jpg
0.078759765625,0.4356478611283323,0.15340865860153693,0,1,0,0,1.8516320474777448,451_left.jpg
0.639013671875,0.9999961794146863,0.8329302443991853,1,1,0,0,1.3034623217922607,704_right.jpg
0.11085205078125,0.9413060235656866,0.15907020739910313,1,1,0,1,1.4349775784753362,1022_right.jpg
0.8034228515625,1.0,0.8671005480607082,1,1,1,0,1.0792580101180438,614_left.jpg
0.06898193359375,0.40711378517076624,0.14618687913907286,1,1,0,1,2.119205298013245,4768_right.jpg
0.20889404296875,0.6116195084323831,0.27270728022590945,1,0,1,0,1.2015655577299413,1805_left.jpg
0.0474853515625,0.46616966580976865,0.2532552083333333,1,1,0,0,5.333333333333333,3828_left.jpg
0.24099365234375,0.9333002400948223,0.4645660768072289,1,1,0,0,1.927710843373494,3848_right.jpg
0.20742919921875,0.7357791038452032,0.3587964527027027,1,1,0,1,1.7297297297297298,329_right.jpg
0.00231689453125,0.6880927291886196,0.016760861886259273,1,0,0,0,6.273684210526316,5143_right.jpg
0.27864990234375,0.5495246856792395,0.36770296391752577,1,1,0,1,1.3195876288659794,3600_left.jpg
0.0,0.0,0.0,0,0,0,0,0.0,1978_left.jpg
0.07949462890625,0.8889161880777617,0.5289311241065627,0,1,0,0,1.3194444444444444,2453_right.jpg
0.393037109375,0.789170621412776,0.393037109375,1,1,1,1,1.0,3370_right.jpg
0.00714111328125,0.8676923076923077,0.12647007955724662,1,0,0,0,6.6440677966101696,3695_left.jpg
0.1531201171875,0.8636914442424822,0.18210801393728224,1,0,0,1,1.0982142857142858,1750_right.jpg
0.32735107421875,0.7981101258175906,0.5185759591584158,1,1,0,0,1.5841584158415842,2650_right.jpg
0.30134033203125,0.4830307302173719,0.5739815848214286,1,1,0,0,1.9047619047619047,273_right.jpg
0.5135498046875,0.9961112431661516,0.6508353960396039,1,1,0,1,1.2673267326732673,267_right.jpg
0.068623046875,0.49309805037711685,0.4263956310679612,1,1,0,0,6.213592233009709,4301_left.jpg
0.015576171875,0.7648902821316614,0.07059552526169031,0,0,0,0,4.239726027397261,2351_right.jpg
0.16795654296875,0.6250890326331856,0.35950564381270905,1,1,0,1,2.140468227424749,1589_left.jpg
0.54536865234375,0.9991718259670611,0.6357667349726775,1,1,0,1,1.1657559198542806,2551_left.jpg
0.00983642578125,0.36237279722015386,0.09744358720100611,0,1,0,0,1.3815028901734103,5108_right.jpg
0.1790234375,0.7824296312459088,0.3031084656084656,1,1,0,1,1.693121693121693,4743_right.jpg
0.63946533203125,0.997755082561802,0.63946533203125,1,1,1,1,1.0,2305_left.jpg
0.01965087890625,0.5888930301900858,0.2028886872353297,0,1,0,0,1.3567251461988303,2444_left.jpg
0.0,0.0,0.0,0,0,0,0,0.0,4048_left.jpg
0.27205322265625,0.8433318675796219,0.27205322265625,1,1,1,1,1.0,4961_left.jpg
0.1682958984375,0.5539211419618766,0.3408524525316456,1,1,0,1,2.0253164556962027,1587_left.jpg
0.1132080078125,0.7584213931421178,0.23371975806451614,1,0,0,0,1.9375,1399_left.jpg
0.8312744140625,1.0,0.8312744140625,1,1,1,1,1.0,3758_left.jpg
0.63054443359375,0.9426493876586995,0.6969748488773748,1,1,0,1,1.1053540587219344,4623_right.jpg
0.0,0.0,0.0,0,0,0,0,0.0,95_right.jpg
0.6387451171875,0.9976837518633185,0.6387451171875,1,1,1,1,1.0,2179_left.jpg
0.0158251953125,0.9535637149028078,0.11442188879082082,0,1,0,0,5.339805825242719,476_left.jpg
0.2910205078125,0.950160232210869,0.39968481759656654,1,1,0,0,1.3733905579399142,1685_right.jpg
0.85900634765625,0.9997186292983637,0.85900634765625,1,1,1,1,1.0,3317_left.jpg
0.0486962890625,0.5070690865336408,0.18853621188347167,1,0,0,0,3.7041420118343193,478_left.jpg
0.41275634765625,0.9997693194925029,0.43735771937086093,1,1,1,0,1.0596026490066226,54_left.jpg
0.038037109375,0.6858793324775353,0.1507163379218945,0,1,0,0,3.7065868263473054,1357_right.jpg
0.1191455078125,0.9482193352731445,0.16649153930131005,1,1,0,0,1.3973799126637554,3350_right.jpg
0.808359375,0.9997734850681357,0.808359375,1,1,1,1,1.0,4158_right.jpg
0.03193603515625,0.9556608821955508,0.37909349098707473,0,1,0,0,5.2592592592592595,4819_left.jpg
0.142099609375,0.9524946739055735,0.41349815288434216,1,0,0,0,1.182608695652174,956_left.jpg
0.0261181640625,0.8272574312955693,0.3120952214248206,0,0,0,0,4.528735632183908,2957_left.jpg
0.67817626953125,0.9998488017538997,0.67817626953125,1,1,1,1,1.0,3432_right.jpg
0.0466162109375,0.49900492301246463,0.3729296875,1,1,0,0,8.0,4061_right.jpg
0.13004638671875,0.9330542362062816,0.3419395425570841,1,0,0,1,1.7424749163879598,562_right.jpg
0.01244873046875,0.5861933712492645,0.30968721530519283,0,0,0,0,2.0786516853932584,1213_left.jpg
0.76710205078125,0.9964068044747856,0.8464574353448275,1,1,0,1,1.103448275862069,1911_right.jpg
0.9781787109375,1.0,0.9781787109375,1,1,1,1,1.0,4509_left.jpg
0.19500732421875,0.979605633802817,0.4245057397959184,1,1,0,0,2.17687074829932,1003_left.jpg
0.1472314453125,0.5652505555002819,0.6498491379310345,1,1,0,0,4.413793103448276,3039_right.jpg
0.000478515625,1.0,0.725925925925926,0,0,0,0,2.7,3159_right.jpg
0.0,0.0,0.0,0,0,0,0,0.0,1071_left.jpg
0.4322802734375,0.9914323796184388,0.46497373949579834,1,1,0,1,1.0756302521008403,2573_right.jpg
0.0511181640625,0.6134301270417423,0.15480732262739183,1,0,0,0,2.769230769230769,4969_left.jpg
0.28182861328125,0.968467649020678,0.43673199152542375,1,1,0,1,1.549636803874092,183_left.jpg
0.05737548828125,0.5581039104718948,0.11161189209726444,1,1,0,1,1.9452887537993921,2273_left.jpg
0.3506005859375,0.9970962216063396,0.5122930936073059,1,1,0,1,1.461187214611872,1809_right.jpg
0.00180419921875,0.4803788903924222,0.03873977773118054,0,1,0,0,13.210526315789474,3299_left.jpg
0.3736083984375,0.9802260994576227,0.47536655069582506,1,0,1,1,0.7859375,3345_right.jpg
0.4038525390625,0.8561281118137083,0.4038525390625,1,1,1,1,1.0,3408_right.jpg
0.57891845703125,0.9999620453347391,0.6258577913851351,1,0,1,1,0.925,2921_right.jpg
0.307646484375,0.6309240389804146,0.420713141025641,1,1,0,1,1.3675213675213675,1831_right.jpg
0.0432275390625,0.8114198576753643,0.0794989224137931,1,1,0,0,1.839080459770115,4356_right.jpg
0.05315185546875,0.888797023563456,0.37796875,1,1,0,0,7.111111111111111,3992_left.jpg
0.66204345703125,0.9996976100127962,0.71572265625,1,1,0,1,1.0810810810810811,2500_right.jpg
0.1739306640625,0.9310097975913085,0.20276070127504553,1,1,1,0,1.1657559198542806,4691_right.jpg
0.11506103515625,0.7123002822041631,0.20622133930759268,0,1,0,0,1.4872448979591837,1861_right.jpg
0.1481298828125,0.9680258430299634,0.3641896758703481,1,0,0,1,1.0841836734693877,3257_left.jpg
0.34228515625,0.6885877318116975,0.34228515625,1,1,1,1,1.0,990_right.jpg
0.1522412109375,0.5856505981590173,0.3649227528089888,1,1,0,1,2.397003745318352,399_right.jpg
0.00078857421875,0.826625386996904,0.47781065088757396,0,0,0,0,1.0,1914_left.jpg
0.00990966796875,0.3895048041389505,0.11188599151000607,0,1,0,0,3.8556701030927836,458_left.jpg
0.08826416015625,0.9434625065693026,0.16048029119318183,1,1,0,1,1.8181818181818181,3400_left.jpg
0.21071044921875,0.9926077838414034,0.37150051652892563,1,1,0,1,1.7630853994490359,1155_left.jpg
0.64468994140625,0.9977467668945146,0.6853846553156147,1,1,0,1,1.06312292358804,2193_right.jpg
0.2672802734375,0.850892416741263,0.4408746778350515,1,1,0,1,1.6494845360824741,1619_left.jpg
0.08742431640625,0.9150492892848167,0.27731183545137034,1,0,0,1,2.41991341991342,1221_right.jpg
0.99278076171875,1.0,0.99278076171875,1,1,1,1,1.0,2924_left.jpg
0.114697265625,0.44687100893997445,0.4645965189873418,1,1,0,0,4.050632911392405,3642_right.jpg
0.0,0.0,0.0,0,0,0,0,0.0,3438_left.jpg
0.19147216796875,0.7333443839494052,0.47496971899224805,1,1,0,1,2.4806201550387597,178_right.jpg
0.3215771484375,0.9945489606583763,0.3215771484375,1,1,1,1,1.0,3260_right.jpg
0.02041015625,0.4368421052631579,0.05122549019607843,1,1,0,1,2.5098039215686274,774_left.jpg
0.3195947265625,0.9497883977816143,0.3386434188741722,1,1,0,1,1.0596026490066226,1853_right.jpg
0.1974267578125,0.9849009472460614,0.2945294289044289,1,1,0,1,1.491841491841492,5119_left.jpg
0.460849609375,0.7376406518192028,0.6170371338912134,1,1,0,1,1.3389121338912133,2342_right.jpg
0.68194091796875,0.9950809636155992,0.68194091796875,1,1,1,1,1.0,1946_left.jpg
0.22704345703125,0.510812176736884,0.3803869437172775,1,1,0,0,1.675392670157068,3045_left.jpg
0.13669677734375,0.8703720240752978,0.2813052652733119,1,1,0,1,2.057877813504823,3038_left.jpg
0.0,0.0,0.0,0,0,0,0,0.0,2535_right.jpg
0.92802978515625,0.9992107776208102,0.92802978515625,1,1,1,1,1.0,2084_right.jpg
0.000341796875,1.0,0.7291666666666666,0,0,0,0,0.75,2217_left.jpg
0.0,0.0,0.0,0,0,0,0,0.0,1269_left.jpg
0.0316943359375,0.759128023417039,0.10193153266331659,1,1,0,1,3.2160804020100504,4789_right.jpg
0.01235595703125,0.993479549496147,0.07556212487682523,0,0,0,0,0.5,4577_right.jpg
0.97309326171875,1.0,0.97309326171875,1,1,1,1,1.0,4727_right.jpg
0.0939013671875,0.94090270916749,0.675245786516854,1,1,0,0,7.191011235955056,1508_right.jpg
0.1970263671875,0.3139946965378801,0.31445604738154614,1,1,0,1,1.5960099750623442,4437_right.jpg
0.1369677734375,0.7406687818616092,0.24762535310734463,1,1,0,1,1.807909604519774,1779_left.jpg
0.53795166015625,0.7512037940502394,0.53795166015625,1,1,1,1,1.0,34_right.jpg
0.08697265625,0.5841006063328094,0.2825507614213198,1,1,0,0,3.248730964467005,1593_left.jpg
0.42431884765625,0.9857250533656308,0.613011427765237,1,1,0,1,1.4446952595936795,3790_right.jpg
0.62207763671875,1.0,0.7899398561507937,1,1,0,1,1.2698412698412698,3108_left.jpg
0.11361083984375,0.9531105619426238,0.2748833362868451,1,0,0,1,1.4473684210526316,4195_left.jpg
0.07599609375,0.6336417373425854,0.3576286764705882,1,1,0,0,4.705882352941177,4010_right.jpg
0.71349365234375,0.9970607054991155,0.71349365234375,1,1,1,1,1.0,4611_right.jpg
0.12055908203125,0.5887892104250623,0.4039676047120419,1,1,0,0,3.350785340314136,273_left.jpg
0.00031494140625,1.0,0.6615384615384615,0,0,0,0,1.1538461538461537,240_right.jpg
0.03412109375,0.6887521465369204,0.08431467181467181,1,1,0,1,2.471042471042471,352_right.jpg
0.1092578125,0.7826912763675367,0.1705487804878049,1,1,0,0,1.5609756097560976,1381_left.jpg
1.220703125e-05,1.0,1.0,0,0,0,1,0.2,4076_left.jpg
0.04340576171875,0.5172956859215929,0.3191519916707057,0,1,0,0,6.440860215053763,2713_right.jpg
0.38344482421875,1.0,0.7051858836206897,1,0,1,1,0.54375,4191_left.jpg
0.527353515625,0.996106553582341,0.6416468631178707,1,1,1,0,1.2167300380228137,1799_left.jpg
0.03104248046875,0.9432953204876131,0.11066529731235204,0,1,0,0,1.029940119760479,3915_left.jpg
0.072646484375,1.0,0.7544624746450305,1,0,0,0,1.3647058823529412,2275_right.jpg
0.3680859375,0.9976387562347447,0.47115,1,1,0,1,1.28,2161_left.jpg
0.0,0.0,0.0,0,0,0,0,0.0,2801_left.jpg
0.6119189453125,0.9981966310514598,0.6119189453125,1,1,1,1,1.0,3119_right.jpg
0.00718994140625,0.6356536502546689,0.06694398981633023,0,1,0,0,4.0673076923076925,3551_right.jpg
0.00764892578125,0.5585700606447495,0.34054347826086956,0,0,0,0,3.68,2760_right.jpg
0.362705078125,1.0,0.38179481907894736,1,1,0,1,1.0526315789473684,1019_left.jpg
0.07578857421875,0.9996134394227362,0.48410136452241714,1,0,0,0,2.192982456140351,3121_left.jpg
0.09091796875,0.5646616541353383,0.29387626262626265,1,1,0,0,3.2323232323232323,2515_right.jpg
0.2536083984375,0.999258745836462,0.5715118838028169,1,1,0,1,2.2535211267605635,663_left.jpg
0.2534228515625,0.8182404963295505,0.35182348156182214,1,1,0,1,1.3882863340563991,3205_left.jpg
0.0005517578125,0.6637168141592921,0.26248548199767713,0,0,0,0,17.571428571428573,850_left.jpg
0.0027880859375,0.9439579684763573,0.16893491124260354,1,0,0,0,10.0,3468_right.jpg
0.051591796875,0.836409237175847,0.25989423195178946,0,1,0,0,0.6791907514450867,5277_right.jpg
0.577265625,0.9941086412234402,0.577265625,1,1,1,1,1.0,5142_left.jpg
0.0026904296875,0.9618874773139746,0.04427125180780974,1,0,0,0,10.36734693877551,1074_left.jpg
0.56891845703125,0.5161975548107747,0.56891845703125,1,1,1,1,1.0,732_left.jpg
0.02514892578125,0.9977672070672751,0.14766341743119266,1,1,0,0,5.871559633027523,914_left.jpg
0.08029541015625,0.9661893034145155,0.10076286764705883,1,1,1,0,1.2549019607843137,5069_left.jpg
0.23079833984375,0.9847040778547628,0.28460681599229287,1,1,0,1,1.233140655105973,4036_left.jpg
0.1886328125,0.9860478359908884,0.39452614379084966,1,1,0,0,2.0915032679738563,5051_left.jpg
0.4485107421875,0.9999455663817974,0.6350594579646017,1,1,0,0,1.415929203539823,3819_right.jpg
0.0377392578125,0.365700608099366,0.29043834432482196,1,0,0,0,2.159235668789809,4171_right.jpg
0.1621533203125,0.9589117407931584,0.3052297794117647,1,1,0,1,1.8823529411764706,390_right.jpg
0.191279296875,0.9231377954765916,0.4295394736842105,1,1,0,1,2.245614035087719,560_left.jpg
0.00413818359375,0.5415929203539823,0.34180278281911675,0,0,0,0,1.5263157894736843,3804_right.jpg
0.48294189453125,0.9952834242441093,0.5876099096958175,1,1,0,1,1.2167300380228137,4943_right.jpg
0.09165283203125,0.9986414853093951,0.5284487612612613,1,0,0,0,1.2333333333333334,3889_left.jpg
0.61850341796875,1.0,0.8776988636363636,1,1,0,0,1.419068736141907,3996_left.jpg
0.0694140625,0.5918683173888576,0.14058544303797468,1,1,0,1,2.0253164556962027,5252_right.jpg
0.129658203125,0.6283799050990435,0.24770522388059701,1,1,0,1,1.9104477611940298,1937_right.jpg
0.5800390625,0.99896878577682,0.6291949152542373,1,1,0,1,1.0847457627118644,1544_left.jpg
0.21518798828125,0.8899944407256555,0.3662774268617021,1,1,0,1,1.702127659574468,5293_right.jpg
0.387861328125,0.9933026160082584,0.4935014910536779,1,1,0,1,1.2723658051689861,335_right.jpg
0.04785888671875,1.0,0.7141347905282331,1,0,0,0,0.5422222222222223,1047_left.jpg
0.065419921875,0.3070607553366174,0.23654661016949152,1,1,0,0,3.615819209039548,570_left.jpg
0.053408203125,0.9451453647833242,0.20345982142857144,1,1,0,0,3.8095238095238093,4473_left.jpg
0.19775634765625,0.500339501981457,0.2999148400473934,1,1,0,1,1.5165876777251184,2781_left.jpg
0.173388671875,0.989678963672205,0.4682225738396624,1,1,0,0,2.70042194092827,1023_right.jpg
0.175048828125,0.9837796373779637,0.6088654891304348,1,1,0,0,3.4782608695652173,996_left.jpg
2.9296875e-05,1.0,1.0,1,0,0,1,1.3333333333333333,1314_left.jpg
0.05438232421875,0.6570145903479236,0.16188226744186046,1,1,0,1,2.9767441860465116,5005_right.jpg
0.02998291015625,0.4555003664196727,0.07554749015748032,1,1,0,1,2.5196850393700787,3711_right.jpg
0.13920166015625,0.8334707192591683,0.2627995943952802,1,1,0,1,1.887905604719764,1371_right.jpg
0.20273193359375,1.0,0.6700692348659684,0,1,0,0,1.8053435114503817,2377_right.jpg
0.136865234375,0.5311630396004281,0.40180619266055045,1,1,0,0,2.9357798165137616,1474_left.jpg
0.76673583984375,0.9983633440002547,0.8809891157989228,1,1,0,0,1.1490125673249552,2592_left.jpg
0.36445068359375,0.9741691731589842,0.5408874991394584,1,0,0,1,1.4063205417607223,5275_left.jpg
0.01544921875,0.9851453855878635,0.4046035805626598,0,1,0,1,2.164705882352941,2050_right.jpg
0.00961181640625,1.0,0.6345905867182463,0,0,0,0,1.4242424242424243,209_left.jpg
0.86143310546875,1.0,0.8906578150242326,1,1,0,1,1.0339256865912763,2538_left.jpg
0.0233935546875,0.6130244207889793,0.47638460773590535,1,0,0,0,2.539325842696629,5126_left.jpg
0.01328369140625,0.6221282852416835,0.13079326923076923,0,0,1,0,0.40625,353_left.jpg
0.06565185546875,0.32241270313487785,0.16673487103174603,1,1,0,1,2.5396825396825395,3578_left.jpg
0.937080078125,1.0,0.937080078125,1,1,1,1,1.0,2139_right.jpg
0.34802734375,0.9990459621752062,0.6414240268534892,1,0,0,1,1.3959899749373434,947_left.jpg
0.46261962890625,0.9698768793966932,0.4926398710482529,1,0,1,1,0.9390625,2822_left.jpg
0.03964111328125,0.9943339286814067,0.1265588950551849,1,0,0,0,3.1133004926108376,4175_left.jpg
0.25442626953125,0.9999808085363631,0.6539470381526105,1,1,0,0,2.570281124497992,4914_right.jpg
0.0,0.0,0.0,0,0,0,0,0.0,4063_left.jpg
0.89186279296875,1.0,0.89186279296875,1,1,1,1,1.0,3052_right.jpg
9.27734375e-05,0.8947368421052632,0.25333333333333335,1,0,0,1,4.166666666666667,4579_right.jpg
0.0306494140625,0.5082842122032818,0.19421410891089108,1,1,0,0,6.336633663366337,385_left.jpg
0.0,0.0,0.0,0,0,0,0,0.0,2667_right.jpg
0.009599609375,1.0,0.7138707334785767,0,0,0,0,1.8888888888888888,3005_right.jpg
0.0047314453125,0.8307533539731682,0.0665521978021978,1,0,0,0,9.285714285714286,4000_left.jpg
0.01143310546875,0.8234038009822763,0.06633520312765596,1,0,0,0,1.4324324324324325,4392_right.jpg
0.0048583984375,0.8964824120603015,0.6833791208791209,0,0,0,0,2.84375,293_left.jpg
4.8828125e-05,1.0,0.6666666666666666,1,0,0,0,0.8333333333333334,3095_left.jpg
0.16067626953125,0.9980095117985808,0.3741373233431492,1,0,0,1,2.227758007117438,3833_right.jpg
0.2710986328125,0.5361214675528179,0.2710986328125,1,1,1,1,1.0,2838_left.jpg
0.0528515625,0.49154656319290463,0.16448598130841122,1,0,0,1,2.1747967479674797,4784_right.jpg
0.295869140625,0.9892728653001948,0.2991409952606635,1,1,1,0,1.0110584518167456,793_right.jpg
0.00251220703125,0.6384839650145773,0.00914975725133823,1,0,0,0,2.729064039408867,102_right.jpg
0.0388623046875,0.3669430833019224,0.04386574074074074,1,1,0,1,1.128747795414462,3096_right.jpg
0.03195556640625,0.36962334784933915,0.10748952944074895,1,0,0,1,2.897560975609756,143_right.jpg
0.035830078125,0.6229217770509675,0.10867890995260664,1,1,0,0,3.0331753554502368,5100_right.jpg
0.09592041015625,0.997022067245285,0.5733109587042171,1,0,0,0,5.663636363636364,1507_left.jpg
0.98455078125,0.9998065821579479,0.98455078125,1,1,1,1,1.0,2890_right.jpg
0.4639990234375,0.6321992696812485,0.4639990234375,1,1,1,1,1.0,1702_right.jpg
0.0,0.0,0.0,0,0,0,0,0.0,5084_right.jpg
0.12511474609375,0.8411419205026636,0.1783372772828508,1,1,0,0,1.4253897550111359,1179_left.jpg
0.03817626953125,0.3950246210910021,0.2669979168801011,0,1,0,0,3.5193798449612403,4425_right.jpg
0.01256591796875,0.6481445502234311,0.1017998417721519,1,1,0,0,8.10126582278481,5128_left.jpg
0.07636474609375,0.5133156430832188,0.295832860439602,1,0,0,0,3.337078651685393,1817_right.jpg
0.0,0.0,0.0,0,0,0,0,0.0,243_left.jpg
0.2808935546875,0.7846228727380187,0.2808935546875,1,1,1,1,1.0,4211_right.jpg
0.29209228515625,1.0,0.5090933074618736,1,0,0,1,0.896484375,4717_left.jpg
0.21715087890625,0.6089830794311091,0.285372818275154,1,1,1,0,1.3141683778234086,2297_right.jpg
0.06090087890625,0.8308679094006814,0.22813323090430201,0,1,0,0,1.4779411764705883,1873_left.jpg
0.0,0.0,0.0,0,0,0,0,0.0,5022_right.jpg
0.06574951171875,0.9261445917344324,0.17433776120562416,0,1,0,0,2.4325396825396823,2244_left.jpg
0.38217529296875,0.913791451331617,0.38217529296875,1,1,1,1,1.0,3728_left.jpg
0.8565478515625,0.9986261622040691,0.8565478515625,1,1,1,1,1.0,2486_right.jpg
0.1376513671875,0.93873931396545,0.3523875,1,1,0,1,2.56,3987_left.jpg
0.0,0.0,0.0,0,0,0,0,0.0,3465_left.jpg
0.0,0.0,0.0,0,0,0,0,0.0,76_right.jpg
0.0,0.0,0.0,0,0,0,0,0.0,3543_right.jpg
0.89155029296875,0.9999753545521511,0.89155029296875,1,1,1,1,1.0,743_right.jpg
0.0057958984375,0.8003369839932604,0.04755608974358974,1,1,0,0,8.205128205128204,4894_right.jpg
8.30078125e-05,1.0,0.6071428571428571,1,0,0,0,1.1428571428571428,3914_right.jpg
0.44985107421875,0.9557362191263384,0.44985107421875,1,1,1,1,1.0,1988_right.jpg
0.016435546875,0.6862745098039216,0.07622282608695652,1,1,0,0,4.63768115942029,1584_right.jpg
0.6825244140625,0.9972492684985799,0.7329121224832215,1,1,1,0,1.0738255033557047,2507_right.jpg
0.00023193359375,0.8210526315789474,0.002482232441471572,0,0,0,0,0.10702341137123746,221_right.jpg
0.00979248046875,1.0,0.751123595505618,1,0,0,0,0.6741573033707865,1615_left.jpg
0.09442626953125,0.5391317837474469,0.5165197649572649,1,1,0,0,5.47008547008547,24_left.jpg
0.00176513671875,0.995850622406639,0.2981443298969072,1,0,0,0,3.88,288_left.jpg
0.00978759765625,1.0,0.5568055555555556,0,0,0,0,2.88,313_right.jpg
0.49287841796875,0.960729729595855,0.49287841796875,1,1,1,1,1.0,3564_right.jpg
0.04564453125,0.586168164313222,0.2248196248196248,1,0,0,0,4.562962962962963,3887_left.jpg
0.0387744140625,0.2830877723208664,0.13651718713736816,0,1,0,0,1.9068825910931173,1646_left.jpg
0.00788818359375,0.7715877437325905,0.49133211678832117,0,1,0,0,2.8541666666666665,3797_left.jpg
0.46125244140625,0.9655690762138158,0.5580369801512287,1,1,0,0,1.2098298676748582,3128_left.jpg
0.034609375,0.5428893905191874,0.20700934579439254,1,1,0,0,5.981308411214953,2636_left.jpg
0.2541015625,0.9568504996156803,0.4811701940769096,0,1,0,0,1.6147540983606556,2888_left.jpg
0.459716796875,0.9138236856080723,0.5179907570422535,1,1,0,1,1.1267605633802817,4169_right.jpg
0.05883544921875,0.9397070417859662,0.14561681249093633,1,0,0,0,2.204379562043796,4796_right.jpg
0.03164306640625,0.32065427050381917,0.15784922664718062,0,0,0,0,4.311594202898551,4306_right.jpg
0.3114208984375,0.997428620705875,0.4722970971563981,1,1,0,1,1.5165876777251184,375_right.jpg
0.07052490234375,0.9273375566863987,0.18723263591817688,0,1,0,1,2.317829457364341,1253_left.jpg
0.0,0.0,0.0,0,0,0,0,0.0,2669_left.jpg
0.63102294921875,0.9982937860539256,0.756282186329588,1,1,0,0,1.198501872659176,1898_left.jpg
0.3698876953125,1.0,0.7003790680473373,1,1,0,0,1.893491124260355,3122_left.jpg
0.00942626953125,0.2691012691012691,0.037224503962515185,0,1,0,0,3.310734463276836,384_left.jpg
0.0573974609375,0.4548277328796257,0.1484395224174617,0,1,0,1,2.5139442231075697,3930_left.jpg
0.04915771484375,0.4450956046684877,0.1850643382352941,1,1,0,0,3.764705882352941,1580_left.jpg
0.05486328125,0.5426308294766821,0.0852733475253198,1,0,0,0,1.4728132387706856,3599_left.jpg
0.088271484375,0.827718774200686,0.22688253012048193,1,1,0,1,2.570281124497992,4269_right.jpg
0.0349609375,0.9798184357541899,0.37098445595854923,1,0,0,0,0.965,1875_left.jpg
0.385888671875,0.8340756674680501,0.4363405477031802,1,1,0,1,1.1307420494699647,2909_right.jpg
0.0518408203125,1.0,0.5410625557395846,1,0,0,0,1.407185628742515,3658_left.jpg
0.19616455078125,0.9989670064344298,0.541143588362069,1,1,0,0,2.7586206896551726,5266_left.jpg
0.09403076171875,0.33052057639880567,0.14859182098765433,1,1,0,0,1.5802469135802468,3870_right.jpg
0.821689453125,0.999973259172104,0.8294656940063091,1,1,0,1,1.0094637223974763,3014_left.jpg
0.15966064453125,0.96921877150328,0.2724875,1,1,0,1,1.7066666666666668,1869_left.jpg
0.324892578125,0.9729327602272386,0.324892578125,1,1,1,1,1.0,5205_right.jpg
0.9394140625,0.9883726974094557,0.9394140625,1,1,1,1,1.0,4682_right.jpg
0.1127099609375,0.8820127366460165,0.2172722138554217,1,1,0,1,1.927710843373494,935_left.jpg
0.0387158203125,0.4568671963677639,0.110125,1,1,0,1,2.8444444444444446,4287_right.jpg
0.0199462890625,0.4738066095471236,0.21920528024469427,1,0,0,0,10.01639344262295,4489_right.jpg
0.308330078125,0.9025353941659012,0.308330078125,1,1,1,1,1.0,2083_right.jpg
0.02649658203125,0.9906938173776836,0.08323491065265741,0,1,0,1,2.669683257918552,3098_left.jpg
0.25815673828125,0.9362498936079666,0.4991550226586103,1,1,0,0,1.933534743202417,2696_right.jpg
0.39232421875,0.9747909095434858,0.46497685185185184,1,1,0,1,1.1851851851851851,703_right.jpg
0.6990234375,0.9995180217937971,0.7358141447368421,1,1,0,1,1.0526315789473684,1018_left.jpg
0.153134765625,0.9987564568586187,0.48278940886699506,1,1,0,0,3.1527093596059115,1503_right.jpg
0.08219482421875,0.7632102652448985,0.17418770695364238,1,1,0,1,2.119205298013245,895_left.jpg
0.02658935546875,0.5795611054999541,0.12176878354203935,0,0,0,1,1.9348837209302325,153_right.jpg
0.02450439453125,1.0,0.46274781005071464,0,0,0,0,2.6777777777777776,3593_right.jpg
0.6140673828125,0.9232949801607812,0.6140673828125,1,1,1,1,1.0,2582_left.jpg
0.050546875,0.4253767387944359,0.22006802721088436,1,1,0,0,4.35374149659864,3396_right.jpg
0.01757568359375,0.6480066675927212,0.20893313211051776,1,0,0,0,2.4745762711864407,4987_right.jpg
0.14009033203125,1.0,0.35943998997744925,0,1,0,0,1.6938110749185669,472_right.jpg
0.09072021484375,0.5076562878441293,0.20662255338078292,1,1,0,0,2.2775800711743774,1683_left.jpg
0.0096630859375,0.8835270338554826,0.10869445817542703,0,0,0,0,3.5,4676_right.jpg
0.54419921875,0.9957111581667444,0.54419921875,1,1,1,1,1.0,3579_right.jpg
0.4008203125,0.997746321021343,0.48676470588235293,1,1,0,1,1.2144212523719164,1464_left.jpg
0.1553564453125,0.5192507150265582,0.3993097389558233,1,1,0,0,2.570281124497992,993_left.jpg
0.02375,0.9966077302631579,0.2739895789325447,1,0,0,1,0.5133079847908745,2807_right.jpg
0.441875,0.9961711014851485,0.5941176470588235,1,1,0,1,1.3445378151260505,2704_left.jpg
0.11517333984375,0.27372549019607845,0.2507174744897959,1,1,0,1,2.17687074829932,1106_left.jpg
0.17105224609375,0.7518947233204402,0.25697990023474176,1,1,0,1,1.5023474178403755,3889_right.jpg
0.35510009765625,1.0,0.5653334888059701,1,1,0,1,1.592039800995025,1417_left.jpg
0.25605712890625,0.999303973074246,0.4564806754874652,1,0,1,1,0.5609375,4123_left.jpg
0.139833984375,0.9361861861861862,0.34028041825095057,1,1,0,1,2.4334600760456273,1579_left.jpg
0.03863037109375,0.3891171080073311,0.20602864583333333,1,1,0,0,5.333333333333333,831_right.jpg
0.96725830078125,1.0,0.96725830078125,1,1,1,1,1.0,3302_right.jpg
0.0,0.0,0.0,0,0,0,0,0.0,4041_left.jpg
0.00163330078125,1.0,0.8849206349206349,0,0,0,1,3.857142857142857,2331_right.jpg
0.4450732421875,0.9965112834746739,0.5909686203319502,1,1,0,1,1.3278008298755186,1745_right.jpg
0.10612060546875,0.743851657579313,0.23500756920415225,1,1,0,0,2.2145328719723185,4439_left.jpg
0.0838134765625,0.6461695310224294,0.14048829196028842,1,0,0,0,1.4052757793764987,4142_left.jpg
0.1363525390625,0.6652999104744852,0.43852072864321606,1,1,0,0,3.2160804020100504,453_right.jpg
0.15876708984375,0.5321769617567006,0.16991795568561874,1,1,0,1,1.0702341137123745,932_left.jpg
0.16132080078125,0.5047595986500598,0.34663526103743497,1,0,0,1,1.8385093167701863,4857_left.jpg
0.244794921875,0.6152910200662225,0.35127522421524665,1,1,0,1,1.4349775784753362,4024_right.jpg
0.33404296875,0.999619949716424,0.48150337837837837,1,1,0,1,1.4414414414414414,2825_right.jpg
0.9864306640625,0.9999356502541815,0.9864306640625,1,1,1,1,1.0,2777_left.jpg
0.003154296875,1.0,0.4486111111111111,0,0,0,0,1.25,1322_left.jpg
0.10735595703125,0.5440611284197121,0.23133943602693602,1,1,0,1,2.154882154882155,3346_right.jpg
0.197939453125,0.9989269327544527,0.4398654513888889,1,1,0,0,2.2222222222222223,3033_left.jpg
0.04894287109375,0.531351324387689,0.24094951923076924,1,1,0,0,4.923076923076923,2178_right.jpg
0.23845947265625,0.9027264443602633,0.3954132340141287,0,1,0,0,1.6323907455012854,2927_right.jpg
0.707119140625,0.9999965473905178,0.7455621911037891,1,1,0,1,1.0543657331136738,2426_right.jpg
0.01050537109375,0.48129212177550545,0.13666391412056153,0,1,0,0,3.802197802197802,1118_right.jpg
0.082353515625,0.7183683149531602,0.2765348701847009,1,0,0,0,2.4529147982062782,1057_right.jpg
0.36353759765625,0.9811087606191867,0.38141649590163934,1,0,1,1,0.953125,3103_left.jpg
0.61984130859375,0.9992555743303123,0.61984130859375,1,1,1,1,1.0,1548_left.jpg
0.0,0.0,0.0,0,0,0,0,0.0,2249_left.jpg
0.0,0.0,0.0,0,0,0,0,0.0,1836_right.jpg
0.03435546875,0.5705656623081297,0.11168253968253969,1,0,0,1,1.9841269841269842,2119_right.jpg
0.159111328125,0.8281930890566501,0.17928036971830985,1,1,0,1,1.1267605633802817,3521_right.jpg
0.3091650390625,0.9131907702512754,0.4367894591611479,1,1,0,1,1.4128035320088301,3903_right.jpg
0.0,0.0,0.0,0,0,0,0,0.0,2733_left.jpg
0.009677734375,0.8539354187689203,0.17970804243358418,0,0,0,0,13.121951219512194,523_right.jpg
0.33224853515625,0.9590855983951678,0.42190290178571427,1,1,0,1,1.2698412698412698,1919_left.jpg
0.00962890625,1.0,0.6595317725752509,0,0,0,0,1.4153846153846155,303_right.jpg
0.04260009765625,0.5109748409650983,0.2683470718503937,0,0,0,0,3.96875,4337_left.jpg
0.2397119140625,0.998085266738639,0.5883805243445693,0,1,0,0,2.3408239700374533,5077_left.jpg
0.00364990234375,1.0,0.8370660694288914,0,1,0,0,0.8085106382978723,2335_left.jpg
0.0,0.0,0.0,0,0,0,0,0.0,231_right.jpg
0.07907958984375,0.5097094872032355,0.3564150528169014,1,1,0,0,4.507042253521127,3027_right.jpg
0.24311279296875,0.9774751704676689,0.46445429104477615,1,1,0,0,1.9104477611940298,607_left.jpg
0.200234375,0.9766021264143582,0.2653209109730849,1,1,0,1,1.3250517598343685,4690_left.jpg
0.0120751953125,0.6825717751718561,0.025801941666536248,0,1,0,0,1.4709141274238227,2056_right.jpg
0.18402099609375,0.9916152570480928,0.36980071237231754,1,0,0,0,0.8737060041407867,3193_left.jpg
0.6501611328125,0.9995268600782559,0.714953823024055,1,1,0,1,1.0996563573883162,3105_right.jpg
0.1126123046875,0.5502102935437714,0.1937415994623656,1,1,0,1,1.7204301075268817,4971_right.jpg
0.51844970703125,0.9469289922159383,0.51844970703125,1,1,1,1,1.0,1997_left.jpg
0.74236572265625,0.9995428729285402,0.8306189903846154,1,1,0,1,1.118881118881119,4686_left.jpg
0.6946923828125,0.9823473181840546,0.6946923828125,1,1,1,1,1.0,794_right.jpg
0.20801025390625,0.7677022570157628,0.24204829545454545,1,1,1,0,1.1636363636363636,4405_right.jpg
0.04661376953125,0.5193002671136019,0.10216716609589041,1,1,0,1,2.191780821917808,2605_right.jpg
0.0534423828125,0.8009136592051165,0.0820218824940048,1,1,0,1,1.5347721822541966,4736_right.jpg
0.0024755859375,0.7672583826429981,0.0460239651416122,0,0,0,0,8.470588235294118,3195_right.jpg
0.081923828125,0.24922517582548576,0.1052836345381526,1,1,0,0,1.285140562248996,4558_right.jpg
0.14359130859375,0.7366148091473264,0.319091796875,1,1,0,1,2.2222222222222223,1774_left.jpg
0.10260498046875,0.32010374283198895,0.42875943684962253,0,0,0,0,3.4319526627218937,230_left.jpg
0.01979736328125,0.43889505487729685,0.36986863711001644,0,1,0,0,2.896551724137931,1193_left.jpg
0.15661865234375,0.9158236036850556,0.24211579106280193,1,1,0,1,1.5458937198067633,4177_left.jpg
0.6092578125,0.9889121305379239,0.6092578125,1,1,1,1,1.0,4755_right.jpg
0.32171875,0.999954468188441,0.593371757925072,1,1,0,1,1.8443804034582132,5028_right.jpg
0.35601806640625,0.5305263157894737,0.35601806640625,1,1,1,1,1.0,1422_right.jpg
0.77406005859375,1.0,0.9259783878504673,1,1,1,0,1.1962616822429906,977_right.jpg
0.15149658203125,0.6094467632507695,0.4367469031531532,1,1,0,0,2.8828828828828827,1099_right.jpg
0.00254638671875,0.7842761265580057,0.0026030163044156443,0,1,1,0,1.0,4985_left.jpg
0.03999755859375,0.5485564304461942,0.11377083333333333,1,1,0,1,2.8444444444444446,1050_right.jpg
0.04375,0.9631138392857143,0.15472551762247663,1,0,0,1,3.077319587628866,3300_left.jpg
0.0232275390625,0.6506201387429051,0.323869825708061,1,0,0,0,6.352941176470588,3134_right.jpg
0.01153564453125,0.9712169312169312,0.1477485928705441,0,1,0,0,8.883333333333333,2637_right.jpg
0.04505126953125,0.9758304882674904,0.691123595505618,0,1,0,0,0.8426966292134831,2172_left.jpg
0.29573486328125,0.9999752338338851,0.6027716958598726,1,1,0,0,2.038216560509554,4416_right.jpg
0.267119140625,0.973640916901254,0.41492032431530484,1,0,0,1,1.4530516431924883,384_right.jpg
0.0,0.0,0.0,0,0,0,0,0.0,2155_right.jpg
0.5966943359375,1.0,0.7730452935222673,1,1,0,0,1.2955465587044535,5077_right.jpg
0.1082861328125,0.677458628308608,0.10896717767295598,1,1,1,0,1.0062893081761006,577_left.jpg
0.09114990234375,0.7100308021963305,0.3240885416666667,1,1,0,0,3.5555555555555554,1505_right.jpg
0.001171875,0.6270833333333333,0.5517241379310345,1,0,0,1,3.8666666666666667,59_right.jpg
0.14683349609375,0.9408077415493075,0.47702252538071066,1,1,0,0,3.248730964467005,33_left.jpg
0.0,0.0,0.0,0,0,0,0,0.0,3092_right.jpg
0.0330859375,0.3010625737898465,0.36508620689655175,1,1,0,0,11.03448275862069,2320_left.jpg
0.22046875,0.6626173812898654,0.34668304668304667,1,1,0,1,1.5724815724815724,3049_left.jpg
0.36604736328125,0.9573276063308278,0.5148798076923077,1,1,0,1,1.4065934065934067,271_right.jpg
0.34726318359375,0.7879625137972005,0.55562109375,1,1,0,1,1.6,1944_right.jpg
0.01007568359375,0.3440755997092319,0.05148838485914614,0,0,0,0,2.3934426229508197,1896_right.jpg
0.1856494140625,0.48186528497409326,0.31349769129287597,1,1,0,0,1.6886543535620053,48_right.jpg
0.1384130859375,0.6946061311602638,0.19773297991071428,1,1,0,0,1.4285714285714286,2899_right.jpg
0.05737548828125,0.5581039104718948,0.11161189209726444,1,1,0,1,1.9452887537993921,2275_left.jpg
0.10451171875,0.47836852924686973,0.2244546979865772,1,1,0,1,2.1476510067114094,1667_left.jpg
0.99655517578125,1.0,0.99655517578125,1,1,1,1,1.0,4239_right.jpg
0.6422802734375,0.9995134522841135,0.6422802734375,1,1,1,1,1.0,2160_left.jpg
0.64828857421875,0.9846387912886619,0.64828857421875,1,1,1,1,1.0,3485_right.jpg
0.136953125,0.8675484883057616,0.24347222222222223,1,1,0,1,1.7777777777777777,4801_left.jpg
0.488681640625,0.9995703523111049,0.6435313786008231,1,1,0,1,1.316872427983539,2034_right.jpg
0.0507763671875,0.6918453697470911,0.1144256161971831,1,1,0,1,2.2535211267605635,1272_right.jpg
0.0,0.0,0.0,0,0,0,0,0.0,3069_left.jpg
0.0006396484375,0.767175572519084,0.0037765765765765767,0,0,0,0,5.63063063063063,3591_right.jpg
0.55196044921875,1.0,0.5716095266990291,1,1,0,1,1.035598705501618,433_right.jpg
0.2093359375,0.6371058033215152,0.3601478494623656,1,1,0,1,1.7204301075268817,4487_left.jpg
0.82556884765625,0.9996658317388875,0.82556884765625,1,1,1,1,1.0,1094_right.jpg
0.552041015625,0.9933308567284049,0.552041015625,1,1,1,1,1.0,3366_right.jpg
0.03859619140625,0.9440192295527864,0.3479093309859155,1,1,0,0,9.014084507042254,4861_right.jpg
9.765625e-06,0.75,0.5714285714285714,0,0,0,0,7.0,2817_left.jpg
0.006962890625,0.7819074333800842,0.10735930735930736,1,0,0,0,5.579710144927536,50_left.jpg
0.05824462890625,0.8107892861633902,0.16567361111111112,1,1,0,1,2.8444444444444446,1212_right.jpg
0.6234326171875,0.9970511987092631,0.654093237704918,1,1,0,1,1.0491803278688525,2563_left.jpg
0.02994140625,0.7484507501630789,0.1680921052631579,1,1,0,0,5.614035087719298,3708_right.jpg
0.42529052734375,0.9466816686662954,0.6257147988505747,1,1,0,0,1.471264367816092,3304_left.jpg
0.24797607421875,0.915280936487777,0.28544008543165467,1,1,0,1,1.1510791366906474,3332_right.jpg
0.24504150390625,0.7830704699658261,0.25253874798711756,1,0,1,1,0.9703125,3515_left.jpg
0.58728759765625,0.9999667432956563,0.6999330772811918,1,1,0,0,1.191806331471136,1569_left.jpg
0.16399169921875,0.7971892632237126,0.4974155805687204,1,1,0,1,3.0331753554502368,3140_right.jpg
0.06086181640625,0.4252075895543343,0.18201664719626168,1,1,0,0,2.9906542056074765,2319_left.jpg
0.03933837890625,0.5712157884937628,0.15605811138014528,0,1,0,0,3.3714285714285714,2226_left.jpg
0.00375,1.0,0.5907692307692308,1,0,0,0,0.9615384615384616,158_right.jpg
0.023125,0.8713048986486487,0.04916943521594684,1,1,0,1,2.12624584717608,5161_left.jpg
0.01423095703125,0.6532852976496826,0.029533363733090134,0,1,1,0,0.9368191721132898,4130_left.jpg
0.96978759765625,1.0,0.96978759765625,1,1,1,1,1.0,4059_right.jpg
0.0,0.0,0.0,0,0,0,0,0.0,3236_right.jpg
0.12115234375,0.6220780267612446,0.3275511551155115,1,0,0,0,1.6501650165016502,533_left.jpg
0.46067138671875,0.9923631757741492,0.5680726156069364,1,1,0,1,1.233140655105973,4972_left.jpg
0.21389404296875,0.971499012681056,0.39696154124981875,1,0,0,0,1.674931129476584,5024_left.jpg
0.01645263671875,0.5615076420833952,0.1675367939538584,1,0,0,0,4.364583333333333,2419_right.jpg
0.0348779296875,0.3951420971580568,0.25657327586206896,1,1,0,0,7.35632183908046,3431_left.jpg
0.0102490234375,1.0,0.8126209833526906,0,0,0,0,2.9285714285714284,4526_right.jpg
0.08117431640625,0.8816806520496857,0.3080607801352729,0,1,0,0,1.7131474103585658,209_right.jpg
0.04412109375,0.757580787959274,0.09737068965517241,1,1,0,1,2.206896551724138,2662_right.jpg
0.07240966796875,0.8042752621463973,0.14922091578243,0,1,0,0,1.9779179810725551,3269_right.jpg
0.82506103515625,0.9998402106851707,0.8628089256535948,1,1,0,1,1.0457516339869282,1687_left.jpg
0.4665380859375,1.0,0.6393669700214133,1,1,0,0,1.3704496788008564,4697_left.jpg
0.9987060546875,1.0,0.9987060546875,1,1,1,1,1.0,977_left.jpg
0.33248291015625,0.729177222161031,0.4324980945121951,1,1,0,1,1.3008130081300813,800_left.jpg
0.4682958984375,0.9972004128999968,0.5342413101604279,1,1,0,1,1.1408199643493762,5180_left.jpg
0.0199755859375,0.46590075776093864,0.41606915840325454,0,0,0,0,2.1789473684210527,2363_left.jpg
0.2991015625,0.6482875146924383,0.3618620037807183,1,1,1,0,1.2098298676748582,2788_left.jpg
0.07830322265625,0.8720419044055748,0.16270799512987014,1,1,0,1,2.0779220779220777,5314_left.jpg
0.45707275390625,0.9963785340006517,0.45707275390625,1,1,1,1,1.0,1999_right.jpg
0.18284423828125,0.9784091971212263,0.33530175501432663,1,1,0,0,1.833810888252149,1007_right.jpg
0.00144287109375,0.8663282571912013,0.5596590909090909,1,0,0,1,16.5,2220_right.jpg
2.9296875e-05,1.0,1.0,1,0,0,1,1.3333333333333333,1313_left.jpg
0.38651123046875,0.9472886334207119,0.38651123046875,1,1,1,1,1.0,754_left.jpg
0.11200439453125,0.770996359831724,0.5755127642225428,1,0,0,0,3.5906040268456376,5331_left.jpg
0.4339794921875,1.0,0.7289944225721785,1,0,1,1,0.5953125,4307_left.jpg
0.74642578125,0.9998626265797943,0.7831352459016393,1,1,0,1,1.0491803278688525,757_right.jpg
0.03677490234375,0.5253933479386577,0.27367369186046514,1,1,0,0,7.441860465116279,3432_left.jpg
0.47757568359375,0.8621578099838969,0.6225019093686355,1,1,0,1,1.3034623217922607,2609_right.jpg
0.07766845703125,0.8647722629113884,0.17459716368106779,1,0,0,1,2.136986301369863,3130_left.jpg
0.11156982421875,0.6106479354034006,0.11156982421875,1,1,1,1,1.0,911_left.jpg
0.0029248046875,0.7479131886477463,0.016897991424057776,1,0,0,0,5.651785714285714,1613_left.jpg
0.0782470703125,0.5706084243369735,0.3079953872765712,1,0,0,0,3.5174418604651163,959_left.jpg
0.12861328125,0.9937357630979499,0.20681532663316582,1,1,0,1,1.6080402010050252,4842_right.jpg
0.0791455078125,0.9685976926398914,0.3001555497944521,1,0,0,0,0.6650124069478908,4503_right.jpg
0.13370361328125,0.7111658906235735,0.28618833612040134,1,1,0,0,2.140468227424749,65_left.jpg
0.24671142578125,0.8772624266474028,0.4004382697459145,1,0,0,1,1.4170616113744077,5168_right.jpg
0.0410595703125,0.4986918777500297,0.23403189446439007,1,0,0,0,5.161016949152542,1529_right.jpg
0.00354736328125,1.0,0.582598235765838,1,0,0,0,1.3488372093023255,1323_right.jpg
0.09882568359375,0.7933002297487586,0.21153323578595318,1,1,0,1,2.140468227424749,1672_right.jpg
0.01109619140625,0.9997799779977998,0.5347058823529411,0,0,0,0,3.4,312_right.jpg
0.0528466796875,0.6987434167975608,0.11199296357615894,1,1,0,0,2.119205298013245,4117_right.jpg
0.1827392578125,0.8913961255845023,0.28113731971153844,1,1,0,0,1.5384615384615385,1411_left.jpg
0.23044189453125,0.999936433270826,0.5402300824175824,1,1,0,0,2.3443223443223444,2064_left.jpg
0.167998046875,0.8531942103121548,0.21677167338709677,1,1,0,1,1.2903225806451613,3611_left.jpg
0.02075439453125,0.9522409128337843,0.044128945182724255,1,1,0,0,2.12624584717608,340_right.jpg
0.04248291015625,0.3401528647778863,0.33986328125,1,1,0,0,8.0,3831_left.jpg
0.0,0.0,0.0,0,0,0,0,0.0,4076_right.jpg
0.56974853515625,0.9999400091700269,0.78926204004329,1,1,0,0,1.3852813852813852,710_right.jpg
0.89940185546875,0.9995249664083389,0.89940185546875,1,1,1,1,1.0,1927_left.jpg
0.13615234375,0.6288731889255487,0.2217239185750636,1,1,0,1,1.6284987277353689,450_left.jpg
0.98983642578125,1.0,0.98983642578125,1,1,1,1,1.0,3935_left.jpg
0.01540283203125,0.5579331114281185,0.08801618303571429,1,1,0,0,5.714285714285714,4801_right.jpg
0.28635986328125,0.9865124090951719,0.7511078381147541,1,1,0,0,2.622950819672131,2466_left.jpg
0.00385009765625,0.7704502219403931,0.1532555879494655,1,0,0,0,23.333333333333332,2678_right.jpg
0.442724609375,0.7336219256644976,0.442724609375,1,1,1,1,1.0,3770_left.jpg
0.00114013671875,0.6573875802997858,0.12148803329864724,0,0,0,1,4.0,2200_left.jpg
0.0662841796875,0.4016206261510129,0.08108326041315132,1,0,0,0,1.071556350626118,3299_right.jpg
0.9910400390625,1.0,0.9910400390625,1,1,1,1,1.0,2644_left.jpg
0.16025146484375,0.9817638903700544,0.33299005681818183,1,1,0,1,2.0779220779220777,4180_left.jpg
0.00177001953125,0.5586206896551724,0.2697172619047619,0,1,0,0,0.38095238095238093,9_right.jpg
0.02964599609375,0.9668945071234456,0.11387016007276887,1,0,0,1,3.7337278106508878,1271_right.jpg
0.0,0.0,0.0,0,0,0,0,0.0,118_right.jpg
0.95039794921875,1.0,0.95039794921875,1,1,1,1,1.0,3272_left.jpg
0.1431884765625,0.9645353793691389,0.1829907521809128,1,0,0,1,1.1762452107279693,308_right.jpg
0.99032958984375,1.0,0.99032958984375,1,1,1,1,1.0,3271_left.jpg
0.06866455078125,0.69216,0.24688377808988765,1,0,1,1,0.278125,3316_right.jpg
0.80739990234375,1.0,0.80739990234375,1,1,1,1,1.0,3645_right.jpg
0.05215087890625,0.2509713964702027,0.21258957006369428,0,1,0,0,3.925,2893_left.jpg
0.049453125,0.9922492101105845,0.17201086956521738,1,1,0,0,3.4782608695652173,3826_right.jpg
0.43298095703125,0.9995545506318051,0.6709632263922518,1,0,1,1,0.6453125,5172_left.jpg
0.0087060546875,0.9641054402692092,0.5848778087584058,1,0,0,0,1.3582089552238805,3621_left.jpg
0.556982421875,1.0,0.8447126777251185,1,1,0,1,1.5165876777251184,3286_right.jpg
0.00068359375,0.45714285714285713,0.005929314105414734,0,0,0,1,7.197530864197531,4998_left.jpg
0.09134033203125,0.8101996632186673,0.1429286369193154,1,1,0,1,1.56479217603912,4799_right.jpg
0.93362548828125,0.9997724972738897,0.93362548828125,1,1,1,1,1.0,4683_right.jpg
0.0434521484375,0.8973480166310821,0.19448815455896495,0,1,0,0,1.4879032258064515,2831_right.jpg
0.03813232421875,0.9186247519047314,0.15847199675324675,1,1,0,0,4.1558441558441555,3190_left.jpg
2.44140625e-06,1.0,1.0,0,0,0,0,1.0,294_right.jpg
0.05352783203125,0.45258836944127706,0.189269682320442,1,1,0,0,3.5359116022099446,4264_right.jpg
0.08829345703125,0.9405502557721555,0.1594773605206992,1,0,0,1,1.7115384615384615,671_right.jpg
0.00021240234375,1.0,0.8285714285714286,0,0,1,0,0.4666666666666667,646_right.jpg
0.0790771484375,0.7736647113306576,0.4117878891897733,1,0,0,0,3.1910828025477707,479_right.jpg
0.026640625,0.2637463343108504,0.1320649674436618,1,0,0,0,4.156028368794326,2254_right.jpg
0.0280908203125,0.7981922475230314,0.06992998492731074,1,0,0,1,1.6687898089171975,3427_right.jpg
0.7447802734375,0.9969711075125712,0.7447802734375,1,1,1,1,1.0,4172_left.jpg
0.00815185546875,0.8757112908056305,0.07722195240407966,1,0,0,0,8.577464788732394,500_right.jpg
0.114853515625,0.8434656916928832,0.14201962264150944,1,0,0,1,1.179245283018868,4916_left.jpg
0.0,0.0,0.0,0,0,0,0,0.0,2172_right.jpg
0.5615380859375,0.9983217829100111,0.691123798076923,1,1,0,1,1.2307692307692308,2034_left.jpg
0.00628662109375,0.9588349514563107,0.6107685009487666,0,0,0,0,0.9117647058823529,1226_right.jpg
0.2713818359375,0.9996041670415085,0.43639290201005027,1,1,0,0,1.6080402010050252,4631_right.jpg
0.08654541015625,0.9939631583401506,0.33359369118422044,1,0,0,1,1.212837837837838,1230_left.jpg
0.2147412109375,0.29653925737283704,0.27486875,1,1,0,1,1.28,3735_right.jpg
0.17023193359375,0.7152752879085577,0.2389220120614035,1,1,0,1,1.4035087719298245,1494_right.jpg
0.19405517578125,0.9222746430144052,0.23170767257462688,1,1,0,1,1.1940298507462686,4720_left.jpg
0.16924072265625,0.982458418083986,0.47298717248908295,1,1,0,0,2.7947598253275108,1451_left.jpg
0.3199365234375,0.9218137142682722,0.356723649825784,1,1,0,1,1.1149825783972125,667_right.jpg
0.34490478515625,0.9994054065532691,0.4809129901960784,1,1,0,1,1.3943355119825709,2309_right.jpg
0.41891845703125,0.9615068565001254,0.4787639508928571,1,1,0,1,1.1428571428571428,2568_left.jpg
0.0,0.0,0.0,0,0,0,0,0.0,2816_left.jpg
0.0445361328125,0.7287578116434601,0.07346166237113402,1,1,0,1,1.6494845360824741,3372_left.jpg
0.02669677734375,0.31394604481024235,0.21905048076923078,1,1,0,0,8.205128205128204,3487_left.jpg
0.38684814453125,0.9704202507999218,0.38684814453125,1,1,1,1,1.0,3568_right.jpg
0.0373681640625,0.8671762707434992,0.2544215425531915,1,1,0,0,6.808510638297872,4817_right.jpg
0.25030029296875,0.996498346712445,0.28759818222621186,1,1,0,1,1.1490125673249552,3785_left.jpg
0.317353515625,0.9701972489768287,0.3313315660685155,1,1,0,1,1.0440456769983686,2707_left.jpg
0.72590576171875,0.9943127356380599,0.7433275,1,1,1,0,1.024,551_left.jpg
0.090546875,0.9134760569456428,0.1063302752293578,1,1,0,1,1.1743119266055047,2979_right.jpg
0.40906982421875,0.9885112351168273,0.5386927726337448,1,1,0,1,1.316872427983539,1639_left.jpg
0.0402587890625,0.5523347483323227,0.34316989927578456,0,1,0,0,7.146341463414634,469_left.jpg
0.39171142578125,1.0,0.7908369479495269,1,1,0,0,2.0189274447949526,2499_right.jpg
0.03763916015625,0.5918142310436532,0.11581280048076924,1,1,0,0,3.076923076923077,5000_left.jpg
0.0,0.0,0.0,0,0,0,0,0.0,1197_right.jpg
0.85172119140625,1.0,0.9496542900696864,1,1,0,1,1.1149825783972125,3105_left.jpg
0.19940185546875,0.6423262932353841,0.6048207938388626,1,1,0,0,3.0331753554502368,2092_left.jpg
0.80867919921875,0.9998369737497547,0.80867919921875,1,1,1,1,1.0,2156_right.jpg
0.0,0.0,0.0,0,0,0,0,0.0,110_left.jpg
0.63773681640625,0.9975958685690441,0.7475303342490842,1,1,0,1,1.1721611721611722,316_left.jpg
0.16975830078125,0.9357139775358463,0.3527445211038961,1,1,0,0,2.0779220779220777,5027_left.jpg
0.0,0.0,0.0,0,0,0,0,0.0,3601_right.jpg
0.000146484375,0.75,0.01938610662358643,0,1,0,1,123.8,2221_left.jpg
0.22588623046875,0.5881672665175146,0.4367588746223565,1,1,0,1,1.933534743202417,965_left.jpg
0.21232421875,0.9965504553398952,0.33718982630272953,1,1,0,1,1.588089330024814,1087_left.jpg
0.09307373046875,0.40825748235973036,0.3588384789156627,1,1,0,0,3.855421686746988,3324_right.jpg
0.04404541015625,0.6162629565988581,0.2894804402939572,1,0,0,0,5.990196078431373,4388_right.jpg
0.562412109375,0.9980639336007362,0.562412109375,1,1,1,1,1.0,1947_right.jpg
0.83499267578125,0.9980936397154494,0.83499267578125,1,1,1,1,1.0,1921_left.jpg
0.03593505859375,0.4971125755825803,0.1858459595959596,1,0,0,0,2.909090909090909,4151_right.jpg
0.2662158203125,0.9992938500761175,0.46678938356164384,1,1,0,1,1.7534246575342465,3240_left.jpg
0.00104736328125,0.5361305361305362,0.02941983267041558,1,0,1,0,0.03627760252365931,2667_left.jpg
0.00177001953125,0.24551724137931036,0.01362218631393033,0,0,0,0,1.6797752808988764,381_left.jpg
0.0,0.0,0.0,0,0,0,0,0.0,1356_left.jpg
0.01794921875,0.3720076169749728,0.05444312796208531,1,1,0,1,3.0331753554502368,806_right.jpg
0.01010986328125,0.4858729775416566,0.2532411937377691,1,0,0,0,20.857142857142858,898_right.jpg
0.16824462890625,0.6778256642433212,0.1990324630314233,1,1,1,0,1.1829944547134936,4756_right.jpg
0.000146484375,1.0,0.6818181818181818,0,0,0,0,1.375,4603_left.jpg
0.003994140625,0.9883863080684596,0.03852130915940664,1,0,0,1,1.767741935483871,3082_left.jpg
0.2659423828125,1.0,0.569241220735786,1,1,0,0,2.140468227424749,1986_right.jpg
0.33007080078125,0.9249317662374165,0.495881015258216,1,1,0,0,1.5023474178403755,4442_right.jpg
0.41240966796875,0.9983365201896722,0.46468694982394365,1,1,1,0,1.1267605633802817,3725_right.jpg
0.07009521484375,0.6264497927623559,0.23847137778663743,0,1,0,1,1.8661417322834646,1137_left.jpg
0.48251953125,0.8573466909532483,0.48251953125,1,1,1,1,1.0,1991_right.jpg
0.35064453125,0.9976675207486214,0.35064453125,1,1,1,1,1.0,3747_left.jpg
0.05076171875,0.5844074644093882,0.29335741294655454,0,1,0,0,5.267241379310345,4318_left.jpg
0.274677734375,0.9256141785473033,0.3426778752436647,1,1,0,1,1.2475633528265107,2539_right.jpg
0.159169921875,0.9927756304067734,0.32034198113207546,1,1,0,1,2.0125786163522013,1163_right.jpg
0.019921875,1.0,0.5887445887445888,1,0,0,0,2.8285714285714287,2641_right.jpg
0.50616943359375,0.8762823944782879,0.50616943359375,1,1,1,1,1.0,256_left.jpg
0.0503662109375,0.44474066892874453,0.12740859683794467,1,1,0,1,2.5296442687747036,138_left.jpg
0.73384765625,0.9987690628909057,0.8111614853195164,1,1,0,1,1.1053540587219344,2417_right.jpg
0.449794921875,1.0,0.666608774938671,1,0,0,1,1.4406392694063928,55_right.jpg
0.90462890625,1.0,0.90462890625,1,1,1,1,1.0,2495_left.jpg
0.06913330078125,0.7420277571776671,0.20969342417061612,1,1,0,0,3.0331753554502368,3739_left.jpg
0.098154296875,0.7982041587901701,0.38539110429447854,1,1,0,0,3.9263803680981595,3233_left.jpg
0.56172607421875,0.9955928947379858,0.56172607421875,1,1,1,1,1.0,4178_left.jpg
0.042724609375,0.9093714285714286,0.21114864864864866,1,0,0,0,2.4216216216216218,2146_right.jpg
0.33487548828125,0.8181168665475886,0.33487548828125,1,1,1,1,1.0,4381_right.jpg
0.69713134765625,0.9997338423015637,0.69713134765625,1,1,1,1,1.0,4650_right.jpg
0.11823486328125,0.8129633071093766,0.23946301424050634,1,1,0,0,2.0253164556962027,2318_right.jpg
0.0,0.0,0.0,0,0,0,0,0.0,1302_right.jpg
0.01832763671875,0.48741174903423473,0.05964563801048784,0,1,0,0,2.672811059907834,462_left.jpg
0.025595703125,0.5483594048073255,0.18209292227529308,1,0,0,0,0.9591836734693877,4122_right.jpg
0.7902099609375,0.9999938208669323,0.8304341133004927,1,1,0,1,1.0509031198686372,438_right.jpg
0.00811279296875,0.6075835088775203,0.07561724883376948,0,0,0,0,1.2566844919786095,1353_left.jpg
0.02159423828125,0.999208592425099,0.6260174109986553,1,0,0,0,2.8028169014084505,2638_right.jpg
0.1391650390625,0.7856917301147328,0.18594076200417536,1,1,0,1,1.336116910229645,1848_right.jpg
0.0575537109375,0.5481462628319335,0.17708834134615384,1,1,0,0,3.076923076923077,929_right.jpg
0.01704833984375,0.6607475297150222,0.39980533608152985,0,1,0,0,2.597560975609756,1680_right.jpg
0.199755859375,0.5053776582742606,0.31881234413965087,1,1,0,0,1.5960099750623442,1095_left.jpg
0.00328125,0.5029761904761905,0.009130434782608696,1,1,0,1,2.782608695652174,2013_left.jpg
0.015224609375,0.5206863373957665,0.13959839717042377,0,0,0,0,2.6030534351145036,4445_left.jpg
0.1329931640625,0.4363182435657378,0.251598063848655,1,0,0,0,1.3668341708542713,985_right.jpg
0.01591064453125,1.0,0.6704732510288066,1,0,0,0,0.8333333333333334,3537_right.jpg
0.68857421875,0.9995390724719898,0.68857421875,1,1,1,1,1.0,3309_right.jpg
0.89056884765625,1.0,0.89056884765625,1,1,1,1,1.0,4837_right.jpg
0.01649658203125,0.45404765428444577,0.07038541666666667,1,1,0,0,4.266666666666667,3323_left.jpg
0.027041015625,0.5743950884795955,0.06009114583333333,1,1,0,0,2.2222222222222223,3359_right.jpg
0.1379296875,0.5789436420277542,0.22291666666666668,1,1,0,1,1.6161616161616161,3129_left.jpg
0.85803955078125,1.0,0.85803955078125,1,1,1,1,1.0,3222_right.jpg
0.7721923828125,0.9994245787094123,0.7721923828125,1,1,1,1,1.0,4326_right.jpg
0.10515380859375,0.9579531471291588,0.20835429566563468,1,1,0,0,1.9814241486068112,3807_left.jpg
0.030283203125,1.0,0.660560230056449,1,0,0,0,0.35807860262008734,4075_right.jpg
0.659345703125,0.9970674052460862,0.659345703125,1,1,1,1,1.0,3125_left.jpg
0.74587158203125,0.9998985299942064,0.7864214373970346,1,1,0,1,1.0543657331136738,743_left.jpg
0.0291064453125,1.0,0.6028824273072061,1,0,0,0,1.5486725663716814,1218_left.jpg
0.70150634765625,0.9999791185959344,0.7433179842715232,1,1,0,0,1.0596026490066226,541_right.jpg
0.0019970703125,0.6503667481662592,0.08296146044624747,0,0,0,0,2.9310344827586206,2454_left.jpg
0.13386962890625,0.9985957361442926,0.35698567708333334,1,1,0,1,2.6666666666666665,1299_right.jpg
0.16282958984375,0.9923832371242222,0.17000152936378465,1,1,0,0,1.0440456769983686,2838_right.jpg
0.86890869140625,0.9999522344445849,0.86890869140625,1,1,1,1,1.0,3035_right.jpg
0.00930908203125,1.0,0.7912429964722971,1,0,0,0,0.7721518987341772,2848_left.jpg
0.12063720703125,0.8552000485702144,0.31904054752066113,1,1,0,0,2.644628099173554,3585_left.jpg
0.35791015625,0.9668144611186903,0.3836892797319933,1,1,0,1,1.0720268006700167,2146_left.jpg
0.04959228515625,0.9997046226554424,0.6070467993544917,1,0,0,0,2.4444444444444446,477_right.jpg
0.388388671875,0.8661901888310578,0.388388671875,1,1,1,1,1.0,4522_left.jpg
0.01157958984375,0.4429685852835758,0.26233407079646015,1,0,0,0,11.3,2256_right.jpg
0.0220654296875,0.8421110865235671,0.1759735202492212,1,0,0,0,5.572916666666667,820_left.jpg
0.529443359375,0.9958683021304067,0.6217316513761468,1,1,0,1,1.1743119266055047,949_right.jpg
0.04322509765625,0.9944648404405535,0.39388209121245826,0,1,0,0,1.8709677419354838,4869_right.jpg
0.064541015625,0.983356029656529,0.3471113445378151,1,1,0,0,5.378151260504202,2684_right.jpg
0.66095947265625,0.998980530345844,0.7395350743006993,1,1,0,1,1.118881118881119,691_right.jpg
0.0342529296875,0.7734853884533143,0.09160235567568979,1,0,0,0,2.374015748031496,5319_left.jpg
0.001337890625,1.0,0.3261904761904762,0,0,0,1,0.4666666666666667,3435_left.jpg
0.075810546875,0.9020997037227876,0.3761143410852713,1,1,0,0,4.961240310077519,1457_left.jpg
0.16312255859375,0.8371473471525855,0.388098280669145,1,1,0,1,2.379182156133829,4505_right.jpg
0.10958251953125,0.7633953436560098,0.27808238697966037,1,0,0,1,1.6688102893890675,1652_right.jpg
0.208916015625,0.4146800355256392,0.27739885892116184,1,1,0,1,1.3278008298755186,1906_left.jpg
0.70182861328125,0.9824502815955808,0.70182861328125,1,1,1,1,1.0,2919_right.jpg
0.0,0.0,0.0,0,0,0,0,0.0,4088_right.jpg
0.6060205078125,0.999907342502397,0.7415929732313575,1,1,0,1,1.2237093690248566,906_right.jpg
0.19153076171875,0.9739200265133651,0.34619084602757133,1,0,0,1,1.729281767955801,4863_left.jpg
0.1396142578125,0.9997202112405135,0.5295,1,0,0,1,2.7,2277_right.jpg
0.074990234375,0.8027737986717021,0.15355850180974664,0,1,0,0,2.0031645569620253,2974_left.jpg
0.7515234375,0.9999967513904049,0.7515234375,1,1,1,1,1.0,3277_right.jpg
0.0753173828125,0.9788330632090761,0.1205078125,1,1,0,1,1.6,4342_right.jpg
0.59803955078125,0.9999020236204722,0.8718572038724374,1,1,0,1,1.457858769931663,657_left.jpg
0.73615966796875,0.9960501573635878,0.8353584884751774,1,1,0,1,1.1347517730496455,1896_left.jpg
0.153125,0.847640306122449,0.28950186477604223,1,0,0,1,1.728813559322034,4868_left.jpg
0.0339404296875,0.4812257229175658,0.1343279255601828,0,1,0,0,1.6963562753036436,565_left.jpg
0.2103759765625,0.8300916792387142,0.41174503058103973,1,1,0,0,1.9571865443425076,888_left.jpg
0.94371337890625,0.9990195190728117,0.94371337890625,1,1,1,1,1.0,4759_left.jpg
0.119248046875,0.7615469658504627,0.16067105263157894,1,1,0,0,1.3473684210526315,2977_left.jpg
0.01439208984375,1.0,0.5346938775510204,0,0,0,0,0.5102040816326531,5103_right.jpg
0.017841796875,0.9322660098522167,0.1841733870967742,1,1,0,0,10.32258064516129,4330_right.jpg
0.2711474609375,0.9867191298553961,0.46020420002320456,1,0,0,1,1.2352941176470589,991_right.jpg
0.95318115234375,0.9986220074124731,0.95318115234375,1,1,1,1,1.0,1798_left.jpg
0.12096923828125,0.5326040888817131,0.2921521226415094,1,1,0,1,2.4150943396226414,3178_right.jpg
0.552998046875,0.887319653168983,0.6793066218809981,1,1,0,1,1.2284069097888675,3719_left.jpg
0.02630126953125,0.5588972431077694,0.0984375,1,1,0,0,3.742690058479532,875_right.jpg
0.347880859375,0.9987578250007018,0.46096014492753623,1,1,0,1,1.3250517598343685,4068_left.jpg
0.05616455078125,1.0,0.5566444057297716,0,1,0,0,3.294642857142857,5138_left.jpg
0.452822265625,0.9989971748366365,0.7626480263157894,1,1,0,1,1.6842105263157894,1424_left.jpg
0.0466845703125,0.45952306244116725,0.10709005376344086,1,1,0,0,2.293906810035842,3882_left.jpg
0.07564453125,0.8910082623289439,0.4741384587133501,0,1,0,0,4.25,4023_right.jpg
0.29855224609375,0.7812768323697531,0.29855224609375,1,1,1,1,1.0,5041_right.jpg
0.14827880859375,0.5045360994484235,0.22757419064748202,1,1,0,1,1.5347721822541966,5248_right.jpg
0.1453759765625,0.9872199643972727,0.1942393006263048,1,1,0,1,1.336116910229645,3559_left.jpg
0.0077197265625,0.4108159392789374,0.026648462783171522,1,0,0,1,3.21875,4751_left.jpg
0.26320068359375,0.9998144832895823,0.655377638362027,1,0,0,0,0.5398550724637681,3754_left.jpg
0.27883544921875,0.9903336806437208,0.2828125,0,1,1,1,0.9859375,3517_left.jpg
0.186318359375,0.6654305781225431,0.3496884164222874,1,1,0,1,1.8768328445747802,417_right.jpg
9.521484375e-05,1.0,0.8125,1,0,0,1,1.3333333333333333,4102_left.jpg
0.0653076171875,0.8882242990654206,0.3603664286676546,1,0,0,0,4.392307692307693,5164_right.jpg
0.761474609375,0.9854408464251363,0.7835108520900321,1,1,0,1,1.0289389067524115,323_right.jpg
0.05559326171875,0.6705897852531729,0.13375822368421053,1,1,0,0,2.406015037593985,44_left.jpg
0.02273681640625,0.5043487597981317,0.18113743338390323,0,1,0,0,7.646341463414634,4310_left.jpg
0.0,0.0,0.0,0,0,0,0,0.0,3472_left.jpg
0.17519775390625,0.7643706191385293,0.3367164039039039,1,1,0,1,1.921921921921922,2520_left.jpg
0.08677001953125,0.5512788047606989,0.2443284936479129,1,0,0,1,2.087121212121212,1321_left.jpg
0.12135986328125,0.9957351787402684,0.1786544757961623,1,0,0,1,0.859402460456942,3450_right.jpg
0.78359130859375,0.9995575758897554,0.78359130859375,1,1,1,1,1.0,754_right.jpg
0.005517578125,0.6212389380530974,0.1441326530612245,0,0,0,0,5.0,4408_left.jpg
0.139404296875,0.5775306479859895,0.2993917785234899,1,1,0,1,2.1476510067114094,4060_right.jpg
0.03604248046875,0.9985775248933144,0.6750960307298336,0,1,0,0,3.688311688311688,4893_left.jpg
0.0,0.0,0.0,0,0,0,0,0.0,4091_left.jpg
0.4178466796875,0.9758106923751095,0.4479428391959799,1,1,0,1,1.0720268006700167,1427_left.jpg
0.02647216796875,0.6605183067416767,0.08896820512820512,0,1,0,0,3.2051282051282053,483_left.jpg
0.0238525390625,0.9502558853633573,0.3161812297734628,1,0,0,0,8.583333333333334,3148_left.jpg
0.5414306640625,0.9868873156874239,0.6702429883945842,1,1,0,1,1.2379110251450678,3614_right.jpg
0.059130859375,0.3620148637489678,0.15702800829875518,1,1,0,0,2.6556016597510372,1795_right.jpg
0.07159912109375,0.5197599481706278,0.19751481681034483,1,1,0,0,2.7586206896551726,603_left.jpg
0.9919677734375,0.9998474071521745,0.9919677734375,1,1,1,1,1.0,4238_right.jpg
0.0267333984375,0.4151598173515982,0.18009868421052633,1,1,0,0,6.7368421052631575,2967_left.jpg
0.222119140625,0.9108815124203121,0.28629779628108665,1,0,0,1,0.8739635157545605,3560_right.jpg
0.026123046875,0.7281308411214953,0.1885030741856491,0,1,0,0,4.008403361344538,4806_left.jpg
0.02025634765625,0.5953959262383994,0.13408209437621202,0,0,0,0,1.8681318681318682,1725_left.jpg
0.6202734375,0.9890657472133005,0.6202734375,1,1,1,1,1.0,796_right.jpg
0.00115966796875,0.7431578947368421,0.004340277777777778,1,1,0,1,3.742690058479532,1215_right.jpg
0.131181640625,0.9929650859822824,0.3634469696969697,1,1,0,0,2.7705627705627704,2814_right.jpg
0.00222412109375,1.0,0.6748148148148149,0,1,0,0,0.46296296296296297,1591_right.jpg
0.233623046875,0.6442440329390127,0.233623046875,1,1,1,1,1.0,4852_left.jpg
2.44140625e-06,1.0,1.0,0,0,0,0,1.0,1723_right.jpg
0.0,0.0,0.0,0,0,0,0,0.0,305_right.jpg
0.043525390625,0.556932914516491,0.1863080122477558,1,0,0,0,3.431137724550898,419_left.jpg
0.1060302734375,0.44524522219663826,0.13653797786720323,1,1,0,0,1.2877263581488934,1408_left.jpg
0.15199462890625,0.997735194435967,0.425043694357966,1,0,0,0,0.8799019607843137,5253_left.jpg
0.35216064453125,0.9990502270442649,0.47549116561181437,1,1,0,1,1.350210970464135,2779_left.jpg
0.0651220703125,0.8494788933043413,0.4614878892733564,0,1,0,0,5.78,4825_left.jpg
0.03668701171875,1.0,0.5666289592760181,0,1,0,0,1.5692307692307692,4980_left.jpg
0.00759033203125,0.5866838211643616,0.049891679370937976,1,0,0,0,4.256198347107438,3278_right.jpg
0.756416015625,0.9980053449010419,0.756416015625,1,1,1,1,1.0,4772_left.jpg
0.006298828125,0.7414728682170543,0.17805383022774326,1,0,0,0,3.0434782608695654,5108_left.jpg
0.4683544921875,0.9925874956994964,0.4683544921875,1,1,1,1,1.0,4194_right.jpg
0.08956298828125,0.22232520103584572,0.26136363636363635,0,1,0,1,2.6077586206896552,3664_left.jpg
0.2102880859375,0.909838159147375,0.31226073085846867,1,1,0,1,1.4849187935034802,1905_left.jpg
0.06179931640625,0.4703907083316873,0.09623251216545012,1,1,0,1,1.5571776155717763,4870_right.jpg
0.21438720703125,0.9965836493457688,0.729828789893617,1,1,0,1,3.404255319148936,3165_left.jpg
0.01210693359375,0.3042952208106473,0.10993371610986721,0,1,0,0,7.227848101265823,5146_right.jpg
0.11473876953125,0.9722961040066387,0.29024827075098814,1,1,0,1,2.5296442687747036,2104_right.jpg
0.16667724609375,0.5859881941087723,0.4589492790158314,1,0,0,0,2.6936170212765957,1524_left.jpg
0.06164306640625,0.6919878014970889,0.13464697098976108,1,1,0,0,2.1843003412969284,1517_right.jpg
0.13228271484375,0.9815071147776978,0.18813541666666667,1,1,0,1,1.4222222222222223,3746_right.jpg
0.45956787109375,0.9771513873320619,0.45956787109375,1,1,1,1,1.0,3484_right.jpg
0.62162841796875,0.998916027476347,0.62162841796875,1,1,1,1,1.0,5231_left.jpg
0.3963037109375,0.9983674827199586,0.57253809255079,1,1,0,1,1.4446952595936795,2619_left.jpg
0.00753662109375,0.9452542921930677,0.3775684931506849,0,1,0,0,1.5342465753424657,3859_left.jpg
0.65850341796875,0.9999962924926684,0.65850341796875,1,1,1,1,1.0,4617_left.jpg
0.0731005859375,0.8973682452741968,0.5657974300831443,0,1,0,0,3.675,4332_left.jpg
0.0,0.0,0.0,0,0,0,0,0.0,357_right.jpg
0.32947509765625,0.6255881677324698,0.32947509765625,1,1,1,1,1.0,4853_left.jpg
0.00959716796875,0.4500127194098194,0.03669887504084395,0,1,0,0,3.1297297297297297,1391_right.jpg
0.0094189453125,0.9660445826853292,0.10693201031070707,0,0,0,0,3.036697247706422,3297_right.jpg
0.02081298828125,0.6404692082111437,0.059238412896949484,1,0,0,0,2.3780487804878048,550_right.jpg
0.18985595703125,1.0,0.6263289304123711,1,1,0,0,3.2989690721649483,2132_right.jpg
0.0300830078125,0.6568738841097225,0.3977918388429752,1,0,0,0,7.5625,5247_left.jpg
0.06519775390625,0.35955813518067775,0.1806344696969697,1,1,0,0,2.7705627705627704,2023_right.jpg
0.28573974609375,0.8382334093763617,0.377837680785124,1,1,0,1,1.322314049586777,5188_left.jpg
0.99568359375,0.9999975480099649,0.99568359375,1,1,1,1,1.0,763_left.jpg
0.0,0.0,0.0,0,0,0,0,0.0,4635_left.jpg
0.02123291015625,0.5557088651259054,0.23762295081967214,0,1,0,0,10.166666666666666,4222_left.jpg
0.0076806640625,0.5155753337571519,0.4340507726269316,0,0,0,0,3.1458333333333335,5084_left.jpg
0.8317041015625,1.0,0.8317041015625,1,1,1,1,1.0,3266_left.jpg
0.055576171875,0.5785450711649973,0.14114583333333333,1,1,0,0,2.5396825396825395,4562_right.jpg
0.793212890625,0.9954601415820252,0.793212890625,1,1,1,1,1.0,5217_left.jpg
0.05964111328125,0.5924106594621147,0.17509317660550458,1,1,0,0,2.9357798165137616,2728_left.jpg
0.0,0.0,0.0,0,0,0,0,0.0,3240_right.jpg
0.726591796875,1.0,0.8045307093425605,1,1,0,1,1.1072664359861593,2893_right.jpg
0.95592529296875,0.9997037392701259,0.95592529296875,1,1,1,1,1.0,4758_right.jpg
0.6598193359375,0.9998556955842849,0.7691882969034608,1,1,0,1,1.1657559198542806,1910_left.jpg
0.9083251953125,0.9979572638086279,0.9083251953125,1,1,1,1,1.0,928_left.jpg
0.997021484375,1.0,0.997021484375,1,1,1,1,1.0,4767_right.jpg
0.047841796875,0.970351092059604,0.123301117487164,1,0,0,1,1.7541528239202657,4582_left.jpg
0.01559326171875,0.4767496477219352,0.10940390544707092,1,0,0,0,5.295238095238095,3259_left.jpg
0.04409423828125,0.840540390897514,0.13761600707090718,1,0,0,1,2.947867298578199,4897_right.jpg
0.20888671875,0.5197522206638616,0.3300925925925926,1,1,0,0,1.5802469135802468,2293_right.jpg
0.32072021484375,0.9991550389367193,0.45137714921865335,0,1,0,0,1.2953586497890295,2378_right.jpg
0.38447998046875,0.7983845875427824,0.388731733807267,1,1,1,0,1.0110584518167456,3364_left.jpg
0.4870166015625,1.0,0.783893176566749,1,0,0,1,1.2455752212389382,1952_left.jpg
0.196669921875,0.9811932072098912,0.43704427083333336,1,1,0,1,2.2222222222222223,864_right.jpg
0.05158935546875,0.35464483460318963,0.2520395992366412,1,1,0,0,4.885496183206107,4542_left.jpg
0.19541015625,0.7275612193903048,0.19541015625,1,1,1,1,1.0,1642_right.jpg
0.2198046875,0.9618024702328061,0.334144893111639,1,1,0,1,1.520190023752969,3161_left.jpg
0.0,0.0,0.0,0,0,0,0,0.0,2411_left.jpg
0.1755419921875,0.8875552835804289,0.3757420568561873,1,1,0,1,2.140468227424749,4732_right.jpg
0.122958984375,0.9977364784369788,0.22942784256559767,1,1,0,1,1.8658892128279883,325_left.jpg
0.911357421875,0.999817836974808,0.911357421875,1,1,1,1,1.0,3779_right.jpg
0.389296875,0.9918159241420831,0.3973684210526316,1,1,0,1,1.0207336523125996,4842_left.jpg
0.0002197265625,0.6333333333333333,0.13846153846153847,0,0,0,1,3.8461538461538463,1330_right.jpg
0.0033544921875,1.0,0.7483660130718954,0,1,0,0,2.5185185185185186,3800_left.jpg
0.2272021484375,0.9919516021577013,0.5528873574144487,1,1,0,1,2.4334600760456273,51_left.jpg
0.125146484375,0.9207764338665626,0.2177866150028891,1,0,0,0,1.0792291220556745,2266_right.jpg
0.3517578125,0.5774847307051638,0.40057829181494664,1,1,0,1,1.1387900355871887,3633_left.jpg
0.11360595703125,0.38574774890937613,0.15404197563559321,1,1,0,1,1.3559322033898304,1996_right.jpg
0.02740234375,0.38284034212401996,0.07663211939972417,1,0,0,1,2.607594936708861,4934_right.jpg
0.11635009765625,0.9276916297710724,0.26689628136200716,1,1,0,1,2.293906810035842,1962_left.jpg
0.46928466796875,0.9276398274884377,0.5634937851782365,1,1,0,1,1.200750469043152,4277_right.jpg
0.18198974609375,0.46445675650295803,0.1931566127694859,1,1,0,1,1.0613598673300166,3767_left.jpg
0.001796875,1.0,0.7796610169491526,1,0,0,1,3.6875,4742_left.jpg
0.6077880859375,0.9974010845551315,0.6764945652173913,1,1,0,0,1.1130434782608696,682_left.jpg
0.02673828125,0.5412710007304602,0.17285353535353534,1,1,0,0,6.4646464646464645,2278_left.jpg
0.0392333984375,0.5920970752955819,0.11900177725118484,1,1,0,1,3.0331753554502368,4362_left.jpg
0.19341796875,0.5490129253761487,0.4892786561264822,1,1,0,1,2.5296442687747036,1361_left.jpg
0.003017578125,0.9684466019417476,0.07935794542536116,1,0,0,0,12.714285714285714,1101_right.jpg
0.07668701171875,0.9773009455286364,0.10919678086596792,0,1,0,0,1.401766004415011,3566_left.jpg
0.16466064453125,0.5257469048854623,0.3536335989932886,1,1,0,0,2.1476510067114094,3214_left.jpg
0.00337646484375,0.9891540130151844,0.05447455490783047,1,0,0,0,13.113636363636363,3465_right.jpg
0.0,0.0,0.0,0,0,0,0,0.0,2736_left.jpg
0.1467529296875,0.5475295291964731,0.35711739543726234,1,1,0,0,2.4334600760456273,885_left.jpg
0.41052001953125,0.9999702644678232,0.45772266986062715,1,1,1,0,1.1149825783972125,4921_right.jpg
0.01979736328125,0.43889505487729685,0.36986863711001644,0,1,0,0,2.896551724137931,1187_left.jpg
0.096572265625,0.5331428860349884,0.24237745098039215,1,1,0,0,2.5098039215686274,365_left.jpg
0.019345703125,0.6240535083291266,0.05295941827514303,0,1,0,1,2.6864406779661016,2057_left.jpg
0.01275390625,0.7032924961715161,0.18580167875942524,0,1,0,0,6.454545454545454,382_left.jpg
0.0145654296875,0.5025142474019444,0.0667935512763099,0,0,0,0,2.167487684729064,3191_left.jpg
0.08619140625,0.5854294130976659,0.3047651933701657,1,1,0,0,3.5359116022099446,1382_right.jpg
0.35341064453125,0.8940500286687345,0.5612476736972705,1,1,0,1,1.588089330024814,3787_left.jpg
0.114052734375,0.8362873533692953,0.1843276515151515,1,1,0,1,1.6161616161616161,4988_right.jpg
0.07761474609375,0.809034003334277,0.11801763341067285,1,0,0,1,1.4501160092807424,3394_right.jpg
0.03590087890625,0.32988779326759604,0.09565534154258468,1,0,0,0,2.256704980842912,1631_left.jpg
0.05711181640625,0.4170478348223828,0.36454729624435095,1,0,0,0,3.369565217391304,5188_right.jpg
0.116376953125,0.9978392212805236,0.22821523126493132,1,0,0,0,1.517520215633423,3884_left.jpg
0.044482421875,0.36432491767288694,0.14839187835449533,0,1,0,0,3.100502512562814,1703_left.jpg
0.91686279296875,1.0,0.91686279296875,1,1,1,1,1.0,3949_right.jpg
0.53443115234375,0.9743082552546105,0.53443115234375,1,1,1,1,1.0,2602_right.jpg
0.0,0.0,0.0,0,0,0,0,0.0,3653_right.jpg
0.380478515625,0.9952516619183286,0.380478515625,1,1,1,1,1.0,765_right.jpg
0.09873291015625,0.9296506021117183,0.23985504667686797,1,0,0,1,1.4415204678362572,358_right.jpg
0.126201171875,0.8259498568443859,0.23825589970501476,1,1,0,0,1.887905604719764,1150_right.jpg
0.9522607421875,1.0,0.9522607421875,1,1,1,1,1.0,188_left.jpg
0.0321337890625,0.5341133566327306,0.0857436939754013,1,0,0,1,2.5365853658536586,5231_right.jpg
0.98229736328125,0.9999478065062918,0.98229736328125,1,1,1,1,1.0,4248_right.jpg
0.07383544921875,0.8236286082729888,0.2977699010485896,0,1,0,0,1.0918032786885246,3964_left.jpg
0.01821533203125,0.8707947996247152,0.07187030401109698,1,0,0,1,3.8597560975609757,474_left.jpg
0.1741552734375,0.9828553004177532,0.48042834051724137,1,1,0,1,2.7586206896551726,3959_right.jpg
0.585712890625,0.9975824065891925,0.740822628458498,1,1,0,1,1.2648221343873518,1811_left.jpg
0.00025390625,0.75,0.3501683501683502,0,0,0,1,3.6666666666666665,3541_left.jpg
0.0005078125,0.5673076923076923,0.029545454545454545,1,1,0,1,58.18181818181818,220_left.jpg
0.14736572265625,0.997680621593413,0.7473010449165552,0,1,0,1,1.7971698113207548,2818_left.jpg
5.615234375e-05,1.0,0.92,1,0,0,1,1.0,3071_right.jpg
0.0151025390625,0.7036857419980601,0.12351496515783798,0,0,0,0,2.031847133757962,4924_right.jpg
0.15397216796875,0.9415066516561752,0.3601132866254404,0,1,0,0,1.7210031347962382,1346_right.jpg
0.99681396484375,1.0,0.99681396484375,1,1,1,1,1.0,4250_right.jpg
0.0,0.0,0.0,0,0,0,0,0.0,1259_left.jpg
0.42330078125,0.9502895307525493,0.42330078125,1,1,1,1,1.0,4523_left.jpg
0.166396484375,0.9932067609601503,0.4712112831858407,1,1,0,1,2.831858407079646,1966_left.jpg
0.02011962890625,0.46644824657201794,0.23029845741113347,0,1,0,0,5.071428571428571,4937_right.jpg
1.953125e-05,0.75,0.4444444444444444,0,0,0,0,4.5,1602_left.jpg
0.00651611328125,0.48894717122517795,0.16754551161330822,0,1,0,0,21.85185185185185,3730_left.jpg
0.0010302734375,0.8578199052132701,0.003175463151082818,0,1,0,1,2.9018691588785046,1185_right.jpg
0.58290283203125,1.0,0.744626372255489,1,1,0,1,1.2774451097804391,2913_right.jpg
0.03916748046875,0.621392507635729,0.10804822198275862,1,1,0,0,2.7586206896551726,4567_left.jpg
0.0824560546875,0.5331319950257595,0.11373248922413794,1,1,0,1,1.3793103448275863,1528_left.jpg
0.00045166015625,0.7243243243243244,0.5182072829131653,1,0,0,0,7.285714285714286,1350_left.jpg
0.00774169921875,0.8962472406181016,0.2483358132978307,0,1,0,0,1.0,1974_right.jpg
0.97269775390625,0.9988303711940003,0.97269775390625,1,1,1,1,1.0,570_right.jpg
0.15251708984375,0.4776296201437467,0.32246092540210186,1,0,0,0,2.042207792207792,2088_left.jpg
0.009638671875,0.752532928064843,0.11190476190476191,0,1,0,0,2.45,3699_left.jpg
0.0,0.0,0.0,0,0,0,0,0.0,71_right.jpg
0.44687255859375,0.958784739864182,0.5708551646706587,1,1,0,1,1.2774451097804391,1555_right.jpg
0.0,0.0,0.0,0,0,0,0,0.0,3652_right.jpg
0.05864990234375,0.6013820089081298,0.1289894759450172,1,1,0,1,2.1993127147766325,860_right.jpg
0.15720458984375,0.9478964451553789,0.2318224366359447,1,1,0,1,1.4746543778801844,990_left.jpg
0.11804443359375,0.532936237099543,0.6627055921052631,1,1,0,0,5.614035087719298,538_right.jpg
0.2308349609375,0.9009624537281862,0.38673920157068065,1,1,0,1,1.675392670157068,0_right.jpg
0.21087646484375,0.41398552821997103,0.2889955835117773,1,1,0,0,1.3704496788008564,2922_left.jpg
0.18124755859375,0.7769097105295061,0.4199489764171489,0,1,0,0,0.7453798767967146,3944_left.jpg
0.53582275390625,0.966064162789956,0.53582275390625,1,1,1,1,1.0,2633_right.jpg
0.0660693359375,0.6795876136279654,0.19992464594676457,0,1,0,0,2.7219730941704037,98_right.jpg
0.23170654296875,0.9919816241162401,0.3424761836027714,1,1,0,1,1.4780600461893765,3145_right.jpg
0.07880859375,0.9131040892193308,0.12362132352941177,1,1,0,1,1.5686274509803921,1444_left.jpg
0.0589697265625,0.776682951064006,0.16408967391304347,1,1,0,0,2.782608695652174,1832_left.jpg
0.2512939453125,0.5439910618867191,0.31166825634736794,0,1,0,1,0.8731707317073171,1115_right.jpg
0.21066650390625,0.9990149381728841,0.6121089593530539,1,0,0,0,2.1850393700787403,4570_right.jpg
0.28361572265625,0.9997073229519062,0.37580551242236027,1,1,0,0,1.3250517598343685,3644_left.jpg
0.06428466796875,0.4070487258364665,0.11925271739130434,1,1,0,1,1.855072463768116,1046_left.jpg
0.1608544921875,0.924414898460978,0.3443039297658863,1,1,0,1,2.140468227424749,129_left.jpg
0.05091796875,0.6790372075182202,0.1960021427161747,0,1,0,0,2.9788359788359786,2718_left.jpg
0.013232421875,0.6057195571955719,0.2297875948615763,0,1,0,0,2.2233009708737863,2179_right.jpg
0.527734375,0.7299731680236862,0.527734375,1,1,1,1,1.0,1913_right.jpg
0.3361083984375,0.5799883780053752,0.6289747807017544,1,1,0,0,1.871345029239766,4004_right.jpg
0.07567626953125,0.5862502822853825,0.2589989973262032,1,1,0,0,3.4224598930481283,4366_left.jpg
0.00451416015625,0.9983775013520823,0.41644144144144146,0,0,0,0,2.775,1661_left.jpg
0.15360107421875,0.6530716045458158,0.23130514705882352,1,1,0,1,1.5058823529411764,3954_right.jpg
3.173828125e-05,1.0,0.7222222222222222,0,0,0,0,0.2222222222222222,1261_left.jpg
0.29842529296875,0.9920153802102507,0.43591993067220147,1,0,0,1,1.3664459161147904,1877_right.jpg
0.46466064453125,0.9999422041245238,0.7724228896103896,1,1,0,0,1.6623376623376624,2448_right.jpg
0.06136474609375,0.7515416749552417,0.1358942474048443,1,1,0,1,2.2145328719723185,1514_right.jpg
0.0,0.0,0.0,0,0,0,0,0.0,211_left.jpg
0.00438232421875,1.0,0.7362592288761279,0,0,0,0,1.1521739130434783,1616_right.jpg
0.64077392578125,0.982706002034588,0.690396148989899,1,1,0,0,1.0774410774410774,1817_left.jpg
0.48484619140625,0.9978649801352515,0.5197681113902848,1,1,0,1,1.0720268006700167,2479_left.jpg
0.4178173828125,0.979081209316458,0.45866745283018867,1,1,0,1,1.097770154373928,1481_right.jpg
0.079306640625,0.5195480852111809,0.23607558139534884,1,1,0,1,2.9767441860465116,3430_left.jpg
0.857705078125,0.9987988022179463,0.857705078125,1,1,1,1,1.0,2348_left.jpg
0.03888671875,0.41687594173782017,0.08295833333333333,1,1,0,1,2.1333333333333333,2650_left.jpg
0.80351318359375,0.9996262749947588,0.80351318359375,1,1,1,1,1.0,36_right.jpg
0.1025537109375,0.5168547350378517,0.10737510480358275,1,0,0,1,0.9794303797468354,5242_left.jpg
0.002978515625,0.8098360655737705,0.25700442384663996,0,0,0,0,2.148936170212766,4607_left.jpg
0.0288623046875,0.560734224327525,0.08101699561403508,1,1,0,0,2.807017543859649,4335_left.jpg
0.01329833984375,0.7916284193133836,0.06046041823913333,1,0,0,1,2.207920792079208,2734_right.jpg
0.80291259765625,0.9856388332274161,0.80291259765625,1,1,1,1,1.0,2196_left.jpg
0.006376953125,1.0,0.6439842209072978,0,1,0,0,1.5,4089_right.jpg
0.0,0.0,0.0,0,0,0,0,0.0,2742_right.jpg
0.0839111328125,0.888070992144312,0.11751230853391685,1,1,0,1,1.400437636761488,5009_left.jpg
0.28820556640625,0.6920600767477911,0.5658023389570552,1,1,0,0,1.9631901840490797,1522_right.jpg
0.057138671875,0.46539053153307125,0.2704726684386918,0,0,0,0,2.9941176470588236,4556_left.jpg
0.26219970703125,0.6615268582921311,0.2868509615384615,1,1,0,1,1.0940170940170941,3785_right.jpg
0.005224609375,0.9042056074766355,0.3177903177903178,1,0,0,0,1.2297297297297298,498_left.jpg
0.01407470703125,0.5311361665221163,0.05030541012216405,0,0,0,1,2.865,1219_left.jpg
0.34132080078125,0.9982547119201746,0.443994537601626,1,1,0,1,1.3008130081300813,5244_left.jpg
0.3017578125,0.8444012944983819,0.3017578125,1,1,1,1,1.0,1540_left.jpg
0.551728515625,0.999322972901216,0.551728515625,1,1,1,1,1.0,3783_right.jpg
0.06445556640625,1.0,0.6644769958723447,0,1,0,0,1.3430232558139534,1583_right.jpg
0.09600830078125,0.5393261284170375,0.24487368689793454,1,0,0,1,2.2193308550185873,4274_right.jpg
0.59021728515625,0.9999958635466778,0.59021728515625,1,1,1,1,1.0,4834_left.jpg
0.20149658203125,0.6206971756751845,0.3695066260744986,1,1,0,0,1.833810888252149,5042_left.jpg
0.0606494140625,0.997504226712825,0.417372311827957,1,1,0,0,6.881720430107527,3434_right.jpg
0.105849609375,0.5296614078789557,0.5132102272727272,1,1,0,0,4.848484848484849,4707_left.jpg
0.58038330078125,1.0,0.58038330078125,1,1,1,1,1.0,2924_right.jpg
0.07074951171875,0.5276234514648539,0.07943804824561404,1,1,0,1,1.1228070175438596,3357_right.jpg
0.9972412109375,1.0,0.9972412109375,1,1,1,1,1.0,4249_left.jpg
2.44140625e-06,1.0,1.0,0,0,0,0,1.0,1575_right.jpg
0.10538330078125,0.7488011120120468,0.29581277412280704,1,1,0,1,2.807017543859649,5092_right.jpg
0.180087890625,0.9849926793557833,0.29327290076335877,1,1,0,0,1.6284987277353689,564_left.jpg
0.000478515625,1.0,0.725925925925926,0,0,0,0,2.7,3156_right.jpg
0.21904296875,0.9642220240748997,0.3469987623762376,1,1,0,1,1.5841584158415842,3455_left.jpg
0.1056787109375,0.8421198539943631,0.38648214285714283,1,1,0,1,3.657142857142857,3075_left.jpg
0.0,0.0,0.0,0,0,0,0,0.0,1262_left.jpg
0.08918212890625,0.7229872156368913,0.08918212890625,1,1,1,1,1.0,2529_left.jpg
0.65479736328125,0.999589865960739,0.7127046130952381,1,1,0,1,1.08843537414966,2152_right.jpg
0.13677490234375,0.8578440997447477,0.32472395305028257,1,0,0,0,1.537313432835821,3993_right.jpg
0.2956298828125,0.7750185812205798,0.531469452247191,1,1,0,0,1.797752808988764,3041_left.jpg
0.00124755859375,0.7925636007827789,0.02048260381593715,0,1,0,0,3.5357142857142856,2738_right.jpg
0.93829833984375,1.0,0.93829833984375,1,1,1,1,1.0,3056_left.jpg
0.595703125,0.9955819672131148,0.8111702127659575,1,1,0,1,1.3617021276595744,268_right.jpg
0.2123974609375,0.8055242649256305,0.5129599056603774,1,1,0,1,2.4150943396226414,632_left.jpg
0.2097998046875,0.9925058766029744,0.2226730928689884,1,1,0,1,1.0613598673300166,1157_right.jpg
0.02515869140625,0.8500727802037845,0.28983265363521304,0,1,0,0,8.415384615384616,1761_left.jpg
0.160498046875,0.5230605415272285,0.23777488425925927,1,1,0,0,1.4814814814814814,2357_left.jpg
0.3190869140625,0.9886149749804893,0.7066284602076125,1,1,0,0,2.2145328719723185,1384_left.jpg
0.2512158203125,0.9974440708274214,0.4101482780612245,1,1,0,1,1.6326530612244898,3952_right.jpg
0.00078857421875,0.6904024767801857,0.023366852347536715,1,0,0,1,26.130434782608695,1748_right.jpg
0.06496826171875,0.658562248694149,0.11486101519337016,1,1,0,1,1.7679558011049723,5006_right.jpg
0.1277197265625,0.9922965171846925,0.5687540769732551,1,0,0,0,0.4794520547945205,3910_right.jpg
0.144814453125,0.9990390451143031,0.40733136017470006,1,0,0,1,1.6962457337883958,5333_left.jpg
0.594052734375,0.9999958902533248,0.594052734375,1,1,1,1,1.0,2354_left.jpg
0.17205322265625,0.9557986746697317,0.24361518252212389,1,1,0,1,1.415929203539823,539_right.jpg
0.26104248046875,0.8625365917529437,0.26104248046875,1,1,1,1,1.0,1653_right.jpg
0.4064208984375,0.9956268396708116,0.48892739661654133,1,1,0,1,1.2030075187969924,4540_right.jpg
0.0438623046875,0.7570967382834243,0.18293825350276963,1,0,0,0,3.1704545454545454,4427_left.jpg
0.95423828125,0.9999027774935014,0.95423828125,1,1,1,1,1.0,3947_right.jpg
0.0371435546875,0.33679505718417246,0.09730670094850688,1,0,0,1,2.562753036437247,3973_left.jpg
0.0047802734375,0.8564862104187947,0.2042775169535733,0,0,0,0,4.733333333333333,3534_right.jpg
0.0,0.0,0.0,0,0,0,0,0.0,174_right.jpg
0.007138671875,0.460328317373461,0.1012184990307394,1,0,0,0,13.652173913043478,2264_right.jpg
0.02802734375,0.7013937282229965,0.11879139072847682,1,1,0,0,4.23841059602649,3311_left.jpg
0.02812255859375,0.6339091935063808,0.19570166496772,0,1,0,0,4.954128440366972,4935_right.jpg
0.27416015625,0.9419569708627199,0.4269160583941606,1,1,0,0,1.5571776155717763,1089_left.jpg
0.34430419921875,0.8724003205060024,0.34430419921875,1,1,1,1,1.0,5059_right.jpg
0.9973974609375,1.0,0.9973974609375,1,1,1,1,1.0,795_left.jpg
0.0773388671875,0.4565629143253993,0.16964419595998542,1,0,0,1,1.4093406593406594,447_right.jpg
0.1016845703125,0.5298199279711885,0.18647027220630372,1,1,0,0,1.833810888252149,3899_left.jpg
0.050625,0.9204282407407407,0.12143003542880566,1,0,0,0,2.073170731707317,572_left.jpg
0.94663330078125,1.0,0.94663330078125,1,1,1,1,1.0,3975_right.jpg
0.0380615234375,0.5518280949326492,0.2762714867978026,0,1,0,0,6.966666666666667,3829_left.jpg
0.22568115234375,0.985428228345179,0.22568115234375,1,1,1,1,1.0,1158_right.jpg
0.22049560546875,0.7141117200907934,0.26625884433962266,1,1,0,1,1.2075471698113207,2148_left.jpg
0.1293994140625,1.0,0.5359150657229524,1,0,0,0,3.3430232558139537,5213_left.jpg
0.4677099609375,0.8936129119817929,0.4677099609375,1,1,1,1,1.0,700_right.jpg
0.0,0.0,0.0,0,0,0,0,0.0,1078_left.jpg
0.0,0.0,0.0,0,0,0,0,0.0,1799_right.jpg
0.0,0.0,0.0,0,0,0,0,0.0,2158_left.jpg
0.0002880859375,1.0,0.7151515151515152,1,0,0,0,1.3636363636363635,475_right.jpg
0.04879150390625,0.9437077808356267,0.3892297205180641,0,1,0,0,4.6571428571428575,4708_right.jpg
0.0275439453125,0.36598120900549547,0.1996036941367963,1,0,0,0,4.059322033898305,3913_left.jpg
0.44327392578125,0.998568005948283,0.6180725762527233,1,1,0,1,1.3943355119825709,4402_left.jpg
0.04583251953125,0.8351888350290311,0.3220455286226477,1,0,0,0,2.4901960784313726,5211_right.jpg
0.34381591796875,0.9358716723355607,0.42234584932821495,0,1,1,1,0.8140625,576_left.jpg
0.0110546875,0.859982332155477,0.06936274509803922,1,1,0,0,6.2745098039215685,3991_left.jpg
0.703203125,0.9902441395400511,0.703203125,1,1,1,1,1.0,3268_right.jpg
0.0,0.0,0.0,0,0,0,0,0.0,2741_left.jpg
0.1982080078125,0.9877565097430592,0.49359192607003893,1,1,0,1,2.490272373540856,121_left.jpg
0.03217041015625,0.7682325263717082,0.27800164560433765,0,0,0,0,2.4532374100719423,411_left.jpg
0.02868408203125,0.49331858030470677,0.07745912447257385,1,1,0,1,2.70042194092827,1474_right.jpg
0.3266796875,0.7640425086691379,0.3266796875,1,1,1,1,1.0,3416_left.jpg
0.10480224609375,0.8405432478393552,0.21220315187946137,1,0,0,1,1.191747572815534,2279_left.jpg
0.0053515625,0.8832116788321168,0.2694861076960905,1,0,0,0,1.180722891566265,3425_right.jpg
0.63487060546875,0.9989540191429879,0.700546875,1,1,0,1,1.103448275862069,655_right.jpg
0.04071044921875,0.5690554722638681,0.10339161706349206,1,1,0,1,2.5396825396825395,1058_right.jpg
0.1476220703125,0.9736215393775014,0.31918285472972974,1,1,0,0,2.1621621621621623,2518_left.jpg
0.84300537109375,0.9999449745869474,0.84300537109375,1,1,1,1,1.0,4776_left.jpg
0.20720947265625,0.9969601640097557,0.34178882087628865,1,1,0,1,1.6494845360824741,1367_left.jpg
0.58651611328125,0.9917747890624675,0.6204467975206611,1,1,0,0,1.0578512396694215,418_left.jpg
0.0,0.0,0.0,0,0,0,0,0.0,4092_right.jpg
0.00042236328125,1.0,0.8238095238095238,0,0,0,0,4.285714285714286,2819_right.jpg
0.04604736328125,0.425163034833784,0.06692427242341019,0,0,0,1,1.3376906318082789,1997_right.jpg
0.0,0.0,0.0,0,0,0,0,0.0,440_right.jpg
0.150556640625,0.6830933385224103,0.3885332661290323,1,1,0,0,2.5806451612903225,1342_left.jpg
0.99549560546875,1.0,0.99549560546875,1,1,1,1,1.0,2460_right.jpg
0.67363525390625,0.9959916062931057,0.7657665408525755,1,1,0,0,1.1367673179396092,2623_left.jpg
0.2808544921875,0.7555851110067977,0.309375,1,1,0,1,1.1015490533562822,1345_right.jpg
0.22943359375,0.9937643653698817,0.5562026515151515,1,1,0,1,2.4242424242424243,2950_right.jpg
0.379794921875,0.8951749762155768,0.38460245253164554,1,1,1,0,1.0126582278481013,862_left.jpg
0.34645751953125,0.9917834668696136,0.7106820913461539,1,1,0,1,2.051282051282051,917_left.jpg
0.05638916015625,0.8785123609126726,0.10870199548192772,1,1,0,1,1.927710843373494,545_right.jpg
0.1466015625,0.8247069011457501,0.18600501812099246,0,1,0,1,1.2411764705882353,3870_left.jpg
0.0974072265625,0.49170384480425083,0.22185275800711743,1,1,0,1,2.2775800711743774,4272_right.jpg
0.25161865234375,0.9016426845715727,0.2576575,1,1,0,1,1.024,4204_right.jpg
0.26494873046875,0.6543313399002977,0.2933688365051903,1,1,0,1,1.1072664359861593,1591_left.jpg
0.08929443359375,0.6194395078605605,0.1922975814931651,0,1,0,0,2.1133333333333333,1957_left.jpg
0.17481689453125,0.9137071433559109,0.3252407340116279,1,1,0,0,1.8604651162790697,3942_left.jpg
0.024365234375,0.6778557114228457,0.058403558052434454,1,1,0,1,2.397003745318352,486_right.jpg
0.05089599609375,0.49311651556578884,0.11550864361702128,1,1,0,1,2.269503546099291,1808_left.jpg
0.4454541015625,0.9164903703866095,0.4454541015625,1,1,1,1,1.0,2540_left.jpg
0.41936279296875,0.9961751401575353,0.41936279296875,1,1,1,1,1.0,63_left.jpg
0.00420166015625,0.8053457292271935,0.007899858619613315,0,1,0,0,0.8408644400785854,1037_right.jpg
0.90104736328125,1.0,0.90104736328125,1,1,1,1,1.0,4709_right.jpg
0.0194091796875,0.9460377358490566,0.17814726840855108,0,1,0,0,3.9716981132075473,3453_right.jpg
0.01617431640625,0.9998490566037735,0.11865104950211333,0,0,0,0,3.2045454545454546,4126_right.jpg
0.012255859375,0.8314741035856573,0.04928816887579774,1,0,0,0,3.3257142857142856,1537_left.jpg
0.1583935546875,0.9572428249946052,0.37132554945054946,1,1,0,0,2.3443223443223444,2980_right.jpg
0.0027490234375,0.6580817051509769,0.0482805934310951,0,1,0,0,3.8333333333333335,1321_right.jpg
0.00043701171875,0.547486033519553,0.0031782670454545453,1,1,0,1,7.2727272727272725,4604_left.jpg
0.06946044921875,0.8488278092158448,0.1975763888888889,1,1,0,1,2.8444444444444446,4955_right.jpg
0.34259765625,0.8481842540334075,0.4438512145748988,1,1,0,0,1.2955465587044535,1359_right.jpg
0.2863720703125,0.6136421763371924,0.5133841036414566,1,1,0,1,1.792717086834734,1522_left.jpg
0.01944580078125,0.3586942875078468,0.06739262869326836,0,1,0,1,1.8611111111111112,3863_left.jpg
0.26438232421875,0.9981254213184845,0.5405900559105431,1,1,0,0,2.0447284345047922,4959_right.jpg
0.08857421875,0.997574421168688,0.18286290322580645,1,1,0,0,2.064516129032258,3140_left.jpg
0.15072998046875,1.0,0.5227245787824909,0,1,0,0,1.830708661417323,4032_right.jpg
0.12255615234375,0.5474013426562282,0.19177490831295843,1,1,0,1,1.56479217603912,1363_right.jpg
0.084443359375,0.6622528044408466,0.10701732673267327,1,1,0,1,1.2673267326732673,1842_right.jpg
0.44332763671875,0.6415822718586683,0.5075665250447228,1,1,0,1,1.144901610017889,2894_right.jpg
0.990439453125,1.0,0.990439453125,1,1,1,1,1.0,2919_left.jpg
0.19105224609375,0.9835665452686729,0.3143276028277635,1,1,0,1,1.6452442159383034,4860_left.jpg
0.04857177734375,0.8676551897461674,0.23912259615384615,1,1,0,0,4.923076923076923,3585_right.jpg
0.00489013671875,0.7324013979031453,0.051306352459016394,1,1,0,1,10.491803278688524,3547_left.jpg
0.0210009765625,0.5206928621250871,0.2728714630123081,0,0,0,0,5.756756756756757,1245_left.jpg
0.2883740234375,0.979325758986776,0.5731657608695652,1,1,0,0,1.9875776397515528,5330_right.jpg
0.266318359375,0.8687616882402552,0.45330784574468086,1,1,0,1,1.702127659574468,4654_left.jpg
0.00020263671875,0.8674698795180723,0.10978835978835978,0,0,0,1,3.857142857142857,1214_right.jpg
0.3338671875,0.8899102024102024,0.4024011299435028,1,1,0,0,1.2052730696798493,2809_left.jpg
0.26939453125,0.6973283549626622,0.4095308788598575,1,1,0,0,1.520190023752969,4637_right.jpg
0.32994873046875,0.9878724647975907,0.422334375,1,1,0,1,1.28,4025_left.jpg
0.1181591796875,0.9622711682300922,0.3215215773809524,0,0,0,0,2.296875,1734_right.jpg
0.0001318359375,0.35185185185185186,0.0007823025772523795,1,0,0,0,2.30635838150289,3459_left.jpg
0.98471435546875,1.0,0.98471435546875,1,1,1,1,1.0,2914_right.jpg
0.2335791015625,0.5505675523130631,0.3663985906862745,1,1,0,1,1.5686274509803921,2463_left.jpg
0.9067724609375,1.0,0.9067724609375,1,1,1,1,1.0,2566_right.jpg
0.41654541015625,0.9929315367167398,0.4596363146551724,1,0,1,1,0.90625,2531_right.jpg
0.44676513671875,0.9912839148610618,0.44676513671875,1,1,1,1,1.0,738_left.jpg
0.86355712890625,1.0,0.8871212881219903,1,1,0,1,1.0272873194221508,3220_left.jpg
0.10094970703125,0.448475174732158,0.2088808062438433,1,0,0,1,1.1493975903614457,633_right.jpg
0.00620361328125,0.8815426997245179,0.022462871287128712,0,1,0,0,2.772277227722772,1184_left.jpg
0.366474609375,0.9989007914301703,0.5087716919739697,1,1,0,1,1.3882863340563991,2570_right.jpg
0.16505126953125,0.9583906515790253,0.16505126953125,1,1,1,1,1.0,3218_right.jpg
0.176396484375,0.5479433095277639,0.17834715639810428,1,1,1,0,1.0110584518167456,4449_right.jpg
0.0,0.0,0.0,0,0,0,0,0.0,174_left.jpg
0.06536865234375,0.4600186741363212,0.10571721877837881,1,0,0,1,1.369767441860465,4692_left.jpg
0.03427490234375,0.9078281928912316,0.059114067960756245,1,0,0,0,1.6978609625668448,3788_left.jpg
0.576328125,0.9977506100040667,0.642595818815331,1,1,0,1,1.1149825783972125,3780_right.jpg
0.07070068359375,0.8198142201042854,0.24515555555555554,1,0,0,0,3.306878306878307,1434_right.jpg
0.28969970703125,0.9368031619487447,0.35450824569789674,1,1,0,1,1.2237093690248566,334_right.jpg
0.352109375,0.9761343465719992,0.42121495327102804,1,1,0,1,1.1962616822429906,4690_right.jpg
0.002548828125,0.6283524904214559,0.01673881673881674,0,0,0,0,1.4142857142857144,2982_right.jpg
0.45605712890625,0.9996573894144035,0.5023692986230637,1,1,0,1,1.1015490533562822,4534_left.jpg
0.06156982421875,0.6057337721559142,0.14174348021582733,1,1,0,1,2.302158273381295,1453_right.jpg
0.09001220703125,0.2974043234153354,0.11780738752556237,1,1,0,1,1.30879345603272,2911_right.jpg
0.01209716796875,0.7644803229061554,0.03456574816881758,0,0,0,0,1.540983606557377,2550_left.jpg
0.23459716796875,0.5234725416532245,0.3443628153669725,1,1,0,1,1.4678899082568808,1683_right.jpg
0.03087158203125,0.39319889284302095,0.19562190594059406,1,1,0,0,6.336633663366337,825_left.jpg
0.00923583984375,1.0,0.5837962962962963,1,0,0,0,0.45,959_right.jpg
0.212021484375,0.4948758693749712,0.2614523121387283,1,1,0,1,1.233140655105973,2494_right.jpg
0.14014404296875,0.46506280159573543,0.20338364512471654,1,1,0,1,1.4512471655328798,1621_left.jpg
0.0060693359375,1.0,0.667561761546724,0,0,0,0,2.5789473684210527,3950_left.jpg
0.0031396484375,0.5552099533437014,0.20768733850129198,0,0,0,0,10.75,2618_left.jpg
0.29401611328125,0.9986631127054115,0.5360977564102564,1,1,0,1,1.8233618233618234,2923_right.jpg
0.02057373046875,0.3866144535421858,0.08094167819271554,0,1,0,0,2.2314814814814814,3139_right.jpg
0.0,0.0,0.0,0,0,0,0,0.0,2124_left.jpg
0.8729638671875,1.0,0.9025797657512117,1,1,0,1,1.0339256865912763,2915_right.jpg
0.60830322265625,0.9964440662864573,0.60830322265625,1,1,1,1,1.0,1947_left.jpg
0.0133642578125,0.4090244793569602,0.13002375296912114,0,1,0,0,4.21,4594_right.jpg
0.006474609375,0.9939668174962293,0.5919642857142857,0,0,0,0,1.09375,2229_left.jpg
0.01389404296875,0.8353540678263925,0.10552176815248832,0,1,0,0,5.731958762886598,3198_right.jpg
0.4637939453125,0.9944096436279413,0.6070104805725971,1,1,0,1,1.30879345603272,1697_right.jpg
0.28040771484375,0.9378781942449175,0.2937167553191489,1,1,0,1,1.0474631751227497,4166_right.jpg
0.08071533203125,0.5613562808142525,0.18991842830882352,1,1,0,0,2.3529411764705883,1515_right.jpg
0.030048828125,0.8479038024049399,0.08013020833333333,1,1,0,1,2.6666666666666665,3243_left.jpg
0.00896240234375,0.6614001634432035,0.1463016100749243,1,0,0,0,14.926829268292684,3700_right.jpg
0.8819873046875,1.0,0.8819873046875,1,1,1,1,1.0,649_left.jpg
0.18583740234375,0.9000249609164598,0.308924512987013,1,1,0,1,1.6623376623376624,4167_left.jpg
0.0,0.0,0.0,0,0,0,0,0.0,2113_left.jpg
0.62393798828125,0.9969948936669731,0.7708886341698842,1,1,0,1,1.2355212355212355,2902_right.jpg
0.03483642578125,0.8993622538369893,0.39295549680546377,0,1,0,0,3.4901960784313726,2850_left.jpg
0.38850341796875,0.5628255965211052,0.5335669259656652,1,1,0,0,1.3733905579399142,724_left.jpg
0.03189208984375,0.4776085125928194,0.15119212962962963,1,1,0,0,4.7407407407407405,5088_left.jpg
0.00037841796875,1.0,0.8611111111111112,1,0,0,0,1.8,1648_left.jpg
0.67443359375,0.99999638006429,0.67443359375,1,1,1,1,1.0,4611_left.jpg
0.09334716796875,0.5724597881522165,0.23155886627906977,1,1,0,0,2.4806201550387597,904_right.jpg
0.57836181640625,0.9817346779402019,0.57836181640625,1,1,1,1,1.0,3209_right.jpg
0.05548828125,1.0,0.5442528735632184,1,0,0,0,1.63125,2872_left.jpg
0.0,0.0,0.0,0,0,0,0,0.0,155_right.jpg
0.96927734375,1.0,0.96927734375,1,1,1,1,1.0,2922_right.jpg
0.05846923828125,0.31132823917491337,0.29698660714285713,1,1,0,0,5.079365079365079,4450_right.jpg
0.0,0.0,0.0,0,0,0,0,0.0,1283_left.jpg
0.06287353515625,0.48312817924125345,0.31436767578125,1,1,0,0,5.0,3391_right.jpg
0.34037353515625,0.8388288372293192,0.45860855263157896,1,1,0,0,1.3473684210526315,2898_right.jpg
0.285693359375,1.0,0.5441778273809523,1,1,0,0,1.9047619047619047,2786_left.jpg
0.018095703125,0.6842957366432811,0.05646291669205924,1,0,0,1,2.2049180327868854,1274_right.jpg
0.01875,0.6520833333333333,0.043010752688172046,1,1,0,1,2.293906810035842,741_right.jpg
0.0577880859375,0.5226869455006337,0.2009525507475231,1,0,0,1,2.0970464135021096,1343_left.jpg
0.063515625,0.574569495694957,0.3359504132231405,1,1,0,0,5.289256198347108,3281_right.jpg
0.1056689453125,0.5874497481632087,0.30324813631522896,0,1,0,0,2.745614035087719,3646_left.jpg
0.94624755859375,1.0,0.94624755859375,1,1,1,1,1.0,2496_left.jpg
0.0208349609375,0.9981251464729318,0.05676089125374127,0,0,0,1,1.564516129032258,2246_left.jpg
0.103046875,0.45920204700530703,0.1551764705882353,1,1,0,1,1.5058823529411764,1428_right.jpg
0.029873046875,0.5405361229159856,0.10172506962630419,0,1,0,0,2.037037037037037,1606_right.jpg
0.03237060546875,0.8281167508861905,0.08287082177054426,0,1,0,0,2.2276119402985075,630_right.jpg
0.31820068359375,0.9983427321901255,0.5489176212938005,1,0,0,1,1.320754716981132,1899_right.jpg
0.812333984375,1.0,0.8887072649572649,1,1,0,0,1.0940170940170941,2588_left.jpg
0.01107421875,0.9947089947089947,0.271097298589529,0,0,0,0,2.1123595505617976,1654_left.jpg
0.00031982421875,0.5877862595419847,0.018695590124161554,1,0,0,1,57.90909090909091,358_left.jpg
0.06825439453125,0.7569481704045499,0.2573740609809987,0,1,0,1,3.139784946236559,1138_left.jpg
0.54273193359375,0.999275763260055,0.54273193359375,1,1,1,1,1.0,4193_left.jpg
0.28636474609375,0.996146468306407,0.6233790391156463,1,1,0,0,2.17687074829932,608_left.jpg
0.184638671875,0.9876500766911726,0.3255337465564738,1,1,0,1,1.7630853994490359,4490_left.jpg
0.72708740234375,0.9983143898057519,0.72708740234375,1,1,1,1,1.0,3061_right.jpg
0.22792724609375,0.9576473612613674,0.22792724609375,1,1,1,1,1.0,1549_right.jpg
0.08927734375,0.882383504703566,0.14802461139896372,1,1,0,1,1.6580310880829014,4659_left.jpg
0.52628173828125,0.9994108505555169,0.7046450052301255,1,1,0,0,1.3389121338912133,737_left.jpg
0.0742333984375,0.8401960139446162,0.1599642255892256,1,1,0,0,2.154882154882155,3565_left.jpg
0.37369873046875,0.9972691697099962,0.5680930819477434,1,1,0,1,1.520190023752969,1388_right.jpg
0.171689453125,0.8487856208406803,0.2977811653116531,1,1,0,1,1.7344173441734418,4735_left.jpg
0.77287109375,0.9999810467261379,0.907591743119266,1,1,0,0,1.1743119266055047,5183_right.jpg
0.01233642578125,0.5002968533544428,0.084912952880285,0,1,0,0,1.9655172413793103,546_right.jpg
0.00154541015625,1.0,0.918722786647315,0,1,0,1,4.076923076923077,1670_right.jpg
0.07734619140625,0.3800700735456583,0.18893726145038167,1,1,0,0,2.4427480916030535,1513_right.jpg
0.0413818359375,0.5201769911504425,0.15683988452143016,0,1,0,0,3.695906432748538,4125_right.jpg
0.02330810546875,0.9897349952864775,0.10158544371142797,1,0,0,0,2.745945945945946,734_right.jpg
0.11368408203125,0.622785353806507,0.3367053277028981,0,1,0,0,1.6109215017064846,101_right.jpg
0.1343994140625,0.5345685740236149,0.27836771844660196,1,1,0,0,2.071197411003236,3142_right.jpg
0.159267578125,0.6318597093629285,0.2785006830601093,1,1,0,1,1.7486338797814207,2965_left.jpg
0.450556640625,0.9686585603745367,0.450556640625,1,1,1,1,1.0,194_left.jpg
0.022138671875,0.6861490957212175,0.12496899203439817,1,0,0,0,3.5985915492957745,1225_right.jpg
0.01233154296875,0.4106117600475153,0.04415981815002623,0,1,0,1,2.474418604651163,3921_right.jpg
0.80625,1.0,0.8973913043478261,1,1,0,1,1.1130434782608696,3110_left.jpg
0.09501220703125,0.6098620140298584,0.20201931063122924,1,1,0,1,2.12624584717608,2864_left.jpg
0.0289453125,0.8057523616734144,0.10067934782608695,1,1,0,0,3.4782608695652173,4968_right.jpg
0.282880859375,0.9849397590361446,0.4279994089834515,1,1,0,1,1.5130023640661938,1182_left.jpg
0.093095703125,0.3305884821147593,0.1306606359649123,1,1,0,0,1.4035087719298245,1461_right.jpg
0.368994140625,0.7525605398967844,0.5067730686695279,1,1,0,1,1.3733905579399142,1638_left.jpg
0.0,0.0,0.0,0,0,0,0,0.0,151_right.jpg
7.32421875e-06,1.0,1.0,0,1,0,0,3.0,3635_right.jpg
0.78130859375,1.0,0.8170547385620915,1,1,0,1,1.0457516339869282,3615_left.jpg
0.69691650390625,0.9999579621449115,0.69691650390625,1,1,1,1,1.0,5017_right.jpg
0.07087646484375,0.4663290964830698,0.08232475045372051,1,1,0,1,1.161524500907441,1426_right.jpg
0.0796435546875,0.9869106737784318,0.19234669811320754,1,1,0,1,2.4150943396226414,2112_right.jpg
0.07251708984375,0.7084806248527085,0.23044159632571995,1,0,0,0,2.8679245283018866,4037_right.jpg
0.00783447265625,0.6544094733561857,0.22012621758814652,0,0,0,0,2.6621621621621623,517_right.jpg
0.35715576171875,0.9495799468183278,0.5291196469907408,1,1,0,1,1.4814814814814814,4612_left.jpg
0.1464453125,0.9371332355294745,0.2685530085959885,1,1,0,1,1.833810888252149,4473_right.jpg
0.00866943359375,0.9952126161644607,0.36544200885046824,0,0,0,0,5.780487804878049,119_right.jpg
0.12406005859375,0.8399094755485585,0.1890438988095238,1,1,0,0,1.5238095238095237,2975_right.jpg
0.007119140625,0.6135116598079561,0.11571428571428571,1,0,0,1,0.5714285714285714,971_right.jpg
0.066015625,0.519378698224852,0.2296195652173913,1,1,0,0,3.4782608695652173,2319_right.jpg
0.18125244140625,0.6852278390646678,0.26977107558139535,1,1,0,1,1.4883720930232558,4901_left.jpg
0.02528076171875,0.37769193626267505,0.12533284918905835,0,0,0,0,3.5294117647058822,511_left.jpg
0.10843994140625,0.6721525542022199,0.134238999032882,1,1,0,1,1.2379110251450678,3683_right.jpg
0.03297119140625,0.5917808219178082,0.23859580933535918,1,0,0,0,6.835164835164835,5254_left.jpg
0.0004052734375,0.963855421686747,0.02477981788326616,0,1,0,0,0.1625615763546798,4663_right.jpg
0.8286474609375,0.9977667391445255,0.8286474609375,1,1,1,1,1.0,3207_right.jpg
0.16628173828125,0.7027852413043797,0.3695149739583333,1,1,0,0,2.2222222222222223,983_right.jpg
0.00241943359375,0.8819374369323916,0.055301339285714284,1,1,0,1,22.857142857142858,455_right.jpg
0.079228515625,0.42755454209293725,0.08152130225080385,1,1,0,1,1.0289389067524115,4117_left.jpg
0.499150390625,0.9992223113493631,0.63636703187251,1,1,0,1,1.2749003984063745,1570_right.jpg
0.0,0.0,0.0,0,0,0,0,0.0,785_left.jpg
0.00108642578125,0.8134831460674158,0.02154546334850392,0,1,0,0,9.76086956521739,3072_left.jpg
0.27873291015625,0.6428277378272561,0.4340366484184915,1,1,0,1,1.5571776155717763,4914_left.jpg
0.17385498046875,0.6221651149401076,0.2802699937027708,1,1,0,1,1.6120906801007557,2613_left.jpg
0.2245068359375,0.8120446290697927,0.3462274096385542,1,1,0,0,1.5421686746987953,4529_right.jpg
0.03859619140625,0.9440192295527864,0.3479093309859155,1,1,0,0,9.014084507042254,4862_right.jpg
0.2514306640625,0.8624279028217428,0.3575902777777778,1,1,0,1,1.4222222222222223,4151_left.jpg
0.48542236328125,0.9994517902318072,0.5337977878006873,1,1,0,1,1.0996563573883162,2590_left.jpg
0.02639892578125,0.4801627670396745,0.06498197115384616,1,1,0,1,2.4615384615384617,5224_right.jpg
0.89740966796875,1.0,0.89740966796875,1,1,1,1,1.0,5064_right.jpg
0.08073486328125,0.6769481992198131,0.2484149639423077,1,1,0,0,3.076923076923077,1756_right.jpg
0.37872802734375,0.8068163504741277,0.5398350501113586,1,1,0,1,1.4253897550111359,1183_right.jpg
0.41611572265625,0.9863237131910749,0.4625816922509065,0,1,0,1,1.0840480274442539,2551_right.jpg
0.072314453125,0.36434841323430117,0.11716772151898734,1,1,0,0,1.620253164556962,3877_right.jpg
0.22564697265625,0.6752718420340816,0.2793190568580875,1,0,0,1,0.9409780775716695,2045_left.jpg
0.74548828125,0.9983985695197674,0.8169734589041096,1,1,0,1,1.095890410958904,2439_left.jpg
0.642802734375,0.9994340883885572,0.7466311252268603,1,1,0,1,1.161524500907441,1752_right.jpg
0.00788818359375,0.9842154131847726,0.08704202586206897,1,1,0,0,11.03448275862069,19_left.jpg
0.0,0.0,0.0,0,0,0,0,0.0,222_right.jpg
0.0,0.0,0.0,0,0,0,0,0.0,163_right.jpg
0.033466796875,0.5996498395097754,0.08445879337539432,0,1,0,1,2.4765625,4586_right.jpg
0.646240234375,0.9998602191159803,0.66175,1,1,1,0,1.024,4678_left.jpg
0.053408203125,0.9451453647833242,0.20345982142857144,1,1,0,0,3.8095238095238093,4472_left.jpg
0.09622802734375,0.4048966129646074,0.22313745471014493,1,1,0,1,2.318840579710145,1783_left.jpg
0.058623046875,0.5347326336831584,0.24362824675324676,1,1,0,0,4.1558441558441555,3580_left.jpg
0.031826171875,0.48243326173672907,0.15184978100829372,0,1,0,1,2.2346938775510203,1731_right.jpg
0.00299560546875,1.0,0.4041501976284585,0,0,0,0,1.434782608695652,4044_right.jpg
0.0047802734375,0.8564862104187947,0.2042775169535733,0,0,0,0,4.733333333333333,3531_right.jpg
0.597099609375,0.888503181067334,0.7076736111111112,1,1,0,0,1.1851851851851851,4626_right.jpg
0.72455322265625,1.0,0.8340180980215828,1,1,0,0,1.1510791366906474,752_left.jpg
0.04364013671875,0.2994685314685315,0.2610251168224299,1,1,0,0,5.981308411214953,5012_left.jpg
0.19324951171875,0.941153433137515,0.36483683628318586,1,1,0,0,1.887905604719764,5019_right.jpg
0.66676513671875,0.9999963384314573,0.66676513671875,1,1,1,1,1.0,724_right.jpg
0.1165576171875,0.9950567634368062,0.540495867768595,1,0,0,1,1.5082644628099173,1298_right.jpg
0.02807861328125,0.4286583775323885,0.21072207259202258,1,0,0,0,4.274336283185841,4373_left.jpg
0.09812255859375,0.5750789977855739,0.30337409420289857,1,1,0,0,3.0917874396135265,2634_right.jpg
0.02577880859375,0.4671843924614073,0.21868074971523246,0,0,0,0,1.4108108108108108,3943_right.jpg
0.46013916015625,0.788049216598664,0.46013916015625,1,1,1,1,1.0,5237_right.jpg
0.0,0.0,0.0,0,0,0,0,0.0,1674_right.jpg
0.016845703125,0.7778260869565218,0.4667207792207792,0,1,0,0,3.609375,2387_left.jpg
5.37109375e-05,0.7727272727272727,0.005287190579187695,0,0,0,0,0.7808219178082192,402_left.jpg
0.94505126953125,0.9999767497733103,0.94505126953125,1,1,1,1,1.0,571_right.jpg
0.34259765625,0.8481842540334075,0.4438512145748988,1,1,0,0,1.2955465587044535,1361_right.jpg
0.2093359375,0.6371058033215152,0.3601478494623656,1,1,0,1,1.7204301075268817,4486_left.jpg
0.0001318359375,0.35185185185185186,0.0007823025772523795,1,0,0,0,2.30635838150289,3461_left.jpg
0.16095703125,0.948125227520932,0.30262469360213723,0,1,0,1,1.8625730994152048,887_right.jpg
0.17444091796875,0.9991742592825853,0.5526840965346534,1,1,0,0,3.1683168316831685,4568_right.jpg
0.73873046875,0.9930135102979668,0.73873046875,1,1,1,1,1.0,1864_right.jpg
0.85767822265625,1.0,0.8867755452342488,1,1,0,1,1.0339256865912763,739_right.jpg
0.028017578125,0.5299756012547926,0.06291666666666666,1,1,0,1,2.245614035087719,1413_left.jpg
0.081328125,0.9176573006724303,0.46051758460517583,0,0,0,0,2.335227272727273,1837_left.jpg
0.1258544921875,0.9929776915615907,0.4346909520195632,1,0,0,0,2.9353233830845773,3637_left.jpg
0.08956298828125,0.22232520103584572,0.26136363636363635,0,1,0,1,2.6077586206896552,3663_left.jpg
0.05485107421875,0.9707126007032537,0.10605645770392749,1,1,0,1,1.933534743202417,5005_left.jpg
0.07932861328125,0.911180869725787,0.09935481898238747,1,1,0,1,1.2524461839530332,4294_right.jpg
0.111064453125,0.6261980128374219,0.111064453125,1,1,1,1,1.0,3748_left.jpg
0.13349365234375,0.6202198284533368,0.24764039855072464,1,1,0,0,1.855072463768116,4168_left.jpg
0.246513671875,0.9997920215505288,0.8132409793814434,1,1,0,0,3.2989690721649483,3382_left.jpg
0.22651123046875,0.9485012772286832,0.3294708806818182,1,1,0,0,1.4545454545454546,1347_right.jpg
0.92920166015625,0.9999842354591817,0.92920166015625,1,1,1,1,1.0,4652_left.jpg
0.00285888671875,1.0,0.5998975409836066,1,0,0,0,1.90625,4074_right.jpg
0.07245361328125,0.7007783805640732,0.5371888858720246,0,1,0,0,7.2988505747126435,1045_right.jpg
0.3561669921875,0.9988484158863771,0.5844791666666667,1,1,0,1,1.641025641025641,4714_right.jpg
0.16668212890625,0.7940474272406368,0.2971491991643454,1,1,0,1,1.7827298050139275,4478_left.jpg
0.1839013671875,0.697355494782678,0.46951686997064196,1,0,0,0,1.7707641196013288,1163_left.jpg
0.07289794921875,0.5587595029974212,0.17767397578173813,1,0,0,1,1.8065573770491803,4657_right.jpg
0.0880419921875,0.999611779712717,0.4946776406035665,0,0,0,0,4.0,2129_right.jpg
0.75267333984375,0.9999481016558815,0.7597964313880127,1,1,0,1,1.0094637223974763,4131_left.jpg
0.02159912109375,1.0,0.5495031055900621,0,1,0,0,3.2857142857142856,510_right.jpg
0.1556298828125,0.9007153390016629,0.22232840401785714,1,1,0,1,1.4285714285714286,1525_right.jpg
0.05708984375,0.7994355114608279,0.1525852843682301,1,0,0,1,2.302325581395349,3376_right.jpg
0.13678955078125,0.9945920862410538,0.21832429315128277,1,0,0,1,1.5416666666666667,3530_right.jpg
0.45099609375,0.8230641808496817,0.6025835073068894,1,1,0,1,1.336116910229645,1833_left.jpg
0.84763671875,0.5930061752574944,0.84763671875,1,1,1,1,1.0,2094_right.jpg
0.30540283203125,0.5171432454254035,0.44321499433106576,1,1,0,1,1.4512471655328798,1785_right.jpg
0.07513916015625,1.0,0.5527478448275862,1,1,0,0,7.35632183908046,3438_right.jpg
0.384189453125,0.953769604229684,0.44787112932604733,1,1,0,1,1.1657559198542806,2021_right.jpg
0.09072998046875,0.2320049511611011,0.2111534090909091,1,1,0,0,2.327272727272727,2806_left.jpg
0.32292724609375,0.39173363775884357,0.32292724609375,1,1,1,1,1.0,4993_right.jpg
0.38004150390625,0.9815822439212412,0.4479310543278085,1,1,0,0,1.1786372007366483,2789_left.jpg
0.0077685546875,0.5842237586423633,0.13083881578947368,1,1,0,0,16.842105263157894,473_left.jpg
0.1028564453125,0.620958936624733,0.21303600323624594,1,1,0,1,2.071197411003236,4718_right.jpg
0.0,0.0,0.0,0,0,0,0,0.0,2122_left.jpg
0.0845361328125,0.555103101715474,0.3446058917197452,1,1,0,0,4.076433121019108,3883_left.jpg
0.822353515625,0.9997624956952345,0.822353515625,1,1,1,1,1.0,3813_right.jpg
0.03451904296875,0.9779333757691492,0.11806605152185712,1,0,0,1,2.5906976744186045,786_right.jpg
0.3731201171875,0.9791533075966761,0.3731201171875,1,1,1,1,1.0,4619_left.jpg
0.17145751953125,0.790072477181791,0.2606480106888361,1,1,0,1,1.520190023752969,2966_left.jpg
0.04321533203125,0.7903508276368567,0.09219270833333333,1,1,0,1,2.1333333333333333,830_left.jpg
0.814111328125,0.9590325676243028,0.814111328125,1,1,1,1,1.0,4235_right.jpg
0.98802978515625,1.0,0.98802978515625,1,1,1,1,1.0,979_left.jpg
0.28000732421875,0.8968968794412814,0.28000732421875,1,1,1,1,1.0,2539_left.jpg
0.540771484375,0.9977336343115124,0.540771484375,1,1,1,1,1.0,2590_right.jpg
0.11838623046875,0.5890990080633519,0.1749819572748268,1,1,0,1,1.4780600461893765,2599_left.jpg
0.0145458984375,0.4038267875125881,0.02603179041743492,0,1,0,0,1.7562326869806095,1828_left.jpg
0.38234375,0.9055731507968942,0.38234375,1,1,1,1,1.0,4375_right.jpg
0.0626611328125,0.5779241019247253,0.16236082995951417,1,1,0,1,2.591093117408907,4873_right.jpg
0.10080322265625,0.6877134345709511,0.3624385533707865,1,1,0,0,3.595505617977528,858_right.jpg
0.007470703125,0.5581699346405229,0.10897435897435898,0,1,0,0,3.466666666666667,4631_left.jpg
0.00136474609375,1.0,0.6591981132075472,1,0,0,1,3.3125,3388_right.jpg
0.00252685546875,1.0,0.7986111111111112,0,0,0,0,0.5625,5316_right.jpg
0.3702880859375,0.9908221797323136,0.4672764747383566,1,0,0,1,1.1957773512476009,3111_right.jpg
0.00101318359375,1.0,0.43592436974789917,1,0,0,1,3.2941176470588234,4998_right.jpg
0.255703125,0.9816300030553009,0.40890776774838367,0,1,0,1,1.5693069306930694,444_right.jpg
0.13291015625,0.7423401910360029,0.24028954802259886,1,1,0,0,1.807909604519774,1462_right.jpg
0.69460205078125,0.9982636753143135,0.7170085685483871,1,1,0,1,1.032258064516129,718_left.jpg
0.25045166015625,0.9170249061753668,0.28623046875,1,1,0,1,1.1428571428571428,792_left.jpg
0.0742724609375,0.8006048254552627,0.11792249876929875,1,0,0,1,1.0360721442885772,4136_left.jpg
0.57717529296875,0.9970348249446938,0.57717529296875,1,1,1,1,1.0,2586_left.jpg
0.4555126953125,0.9623213883737632,0.4555126953125,1,1,1,1,1.0,1998_left.jpg
0.0181298828125,0.6486668462159978,0.28476110131145027,0,1,0,0,7.491525423728813,2262_right.jpg
0.1049267578125,0.23067615989576062,0.14989536830357142,1,1,0,1,1.4285714285714286,5130_left.jpg
0.09668701171875,0.3861576143221473,0.20834911616161617,1,1,0,0,2.154882154882155,989_right.jpg
0.42877197265625,0.9592313167259786,0.5466415587649402,1,1,0,1,1.2749003984063745,2039_right.jpg
0.378828125,0.8818119715405238,0.3830173775671406,1,1,1,0,1.0110584518167456,3647_left.jpg
0.1899609375,0.8403763109191857,0.41211864406779664,1,1,0,0,2.169491525423729,5050_right.jpg
0.94644287109375,1.0,0.94644287109375,1,1,1,1,1.0,3204_left.jpg
0.0,0.0,0.0,0,0,0,0,0.0,4290_left.jpg
0.43111328125,0.5598128935803923,0.481522687609075,1,1,0,0,1.1169284467713787,5170_right.jpg
0.0806396484375,0.9183772328186497,0.20894483805668015,1,1,0,0,2.591093117408907,1879_left.jpg
0.056015625,0.4758106694560669,0.149375,1,1,0,0,2.6666666666666665,4386_right.jpg
0.1642138671875,0.9971008890606881,0.5202815594059406,1,1,0,0,3.1683168316831685,4013_left.jpg
0.70850830078125,0.9943453765441671,0.8274549498175182,1,1,0,1,1.167883211678832,2027_left.jpg
0.078974609375,0.665017930011129,0.2013695219123506,1,1,0,0,2.549800796812749,2475_right.jpg
0.29575439453125,0.9947251549846873,0.5362119334277621,1,1,0,0,1.8130311614730878,981_right.jpg
0.27626953125,0.8169317780134323,0.3494318181818182,1,1,0,1,1.2648221343873518,998_left.jpg
0.284736328125,0.7807130363206091,0.660258152173913,1,1,0,1,2.318840579710145,1757_left.jpg
0.06389892578125,0.5330302219844878,0.14257776325107588,0,1,0,0,2.182758620689655,4498_left.jpg
0.60772705078125,0.9922145224465201,0.8069404823651453,1,1,0,1,1.3278008298755186,1890_left.jpg
0.9153466796875,1.0,0.9153466796875,1,1,1,1,1.0,4181_left.jpg
0.29047607421875,1.0,0.42155257936507934,1,1,0,0,1.4512471655328798,1953_left.jpg
0.10640380859375,0.47385448454672696,0.22451229375189957,1,0,0,1,1.8606811145510835,207_right.jpg
0.05112548828125,0.993457810037725,0.44547736555479917,0,0,0,0,4.346153846153846,2222_left.jpg
0.0175390625,0.7732461024498887,0.22555729984301412,1,0,0,0,7.538461538461538,4802_right.jpg
0.0038427734375,1.0,0.5152209492635025,0,0,0,0,1.3829787234042554,2750_left.jpg
0.23234375,0.5282552958977808,0.39547872340425533,1,1,0,0,1.702127659574468,3726_right.jpg
0.06140869140625,1.0,0.560900008919811,1,0,0,0,3.6396396396396398,1509_left.jpg
0.03169189453125,0.4946460211077729,0.09346918202764977,1,1,0,1,2.9493087557603688,4493_left.jpg
0.2699560546875,0.7138296525403802,0.30579092920353984,1,1,0,1,1.1327433628318584,4687_left.jpg
0.0,0.0,0.0,0,0,0,0,0.0,2251_left.jpg
0.04389404296875,0.7569942710940541,0.1812399193548387,1,1,0,0,4.129032258064516,1162_left.jpg
0.31225830078125,0.563513967834497,0.5150652384020619,1,1,0,1,1.6494845360824741,1140_right.jpg
0.02576171875,0.9233320697498104,0.19020837839786575,1,0,0,1,0.7282608695652174,4742_right.jpg
0.11728759765625,0.8517099977102891,0.19296674164524422,1,1,0,0,1.6452442159383034,1645_left.jpg
0.11134521484375,0.9373780340737168,0.22589576708569845,1,0,0,1,1.268170426065163,3629_right.jpg
0.67450927734375,0.9995439392787725,0.67450927734375,1,1,1,1,1.0,3935_right.jpg
0.0508935546875,0.4807157248392977,0.11887545620437956,1,1,0,1,2.335766423357664,3167_left.jpg
0.02962646484375,0.34495261639884633,0.167795907079646,1,1,0,0,5.663716814159292,889_right.jpg
0.80298095703125,1.0,0.9395023994515539,1,1,0,0,1.170018281535649,4526_left.jpg
0.03340576171875,0.9100343491924285,0.08922085797562614,1,0,0,0,2.4342629482071714,296_right.jpg
0.11328125,0.9991810344827586,0.48596564725596986,0,1,0,0,0.8211143695014663,5134_right.jpg
0.0,0.0,0.0,0,0,0,0,0.0,431_right.jpg
0.510859375,0.9416051766325126,0.510859375,1,1,1,1,1.0,1099_left.jpg
0.68216796875,0.9995776906118475,0.739978813559322,1,1,0,1,1.0847457627118644,343_left.jpg
0.10990966796875,0.6618983096026122,0.36636555989583336,1,1,0,0,3.3333333333333335,4893_right.jpg
0.3471875,0.9960128825382538,0.433984375,1,1,0,1,1.25,5194_right.jpg
0.07884033203125,0.9876753475985508,0.24258563701923078,1,1,0,0,3.076923076923077,413_left.jpg
2.9296875e-05,1.0,1.0,0,1,0,1,1.3333333333333333,4074_left.jpg
0.597841796875,0.9893782975873503,0.6211343344155844,1,1,0,1,1.0389610389610389,2562_left.jpg
0.73290771484375,1.0,0.73290771484375,1,1,1,1,1.0,4724_right.jpg
0.2362841796875,0.9682688929759666,0.3098808913934426,1,1,0,0,1.3114754098360655,2304_left.jpg
0.00022705078125,1.0,0.5166666666666667,0,0,0,0,2.2222222222222223,314_right.jpg
0.07125732421875,0.9453523829101997,0.19657192887931035,1,1,0,1,2.7586206896551726,5109_left.jpg
0.16680908203125,0.9143651664837176,0.4186580882352941,1,1,0,0,2.5098039215686274,2027_right.jpg
0.0848583984375,0.6115426664365038,0.17334969178287152,1,0,0,1,1.7243401759530792,2114_left.jpg
0.0017138671875,0.7065527065527065,0.05812220566318927,0,0,0,0,11.090909090909092,4345_left.jpg
0.08746826171875,0.6819437854132359,0.2035625,1,1,0,1,2.327272727272727,1320_right.jpg
0.0,0.0,0.0,0,0,0,0,0.0,3312_left.jpg
0.96162353515625,0.9996572568872324,0.96162353515625,1,1,1,1,1.0,2793_right.jpg
0.94288330078125,0.9984904390155488,0.94288330078125,1,1,1,1,1.0,2349_left.jpg
0.50207275390625,0.9975249089467977,0.638820203777336,1,1,0,0,1.2723658051689861,5189_right.jpg
0.0,0.0,0.0,0,0,0,0,0.0,5291_right.jpg
0.2171484375,0.9997751394135636,0.6567089243127903,1,0,0,0,2.0505836575875485,943_left.jpg
0.13895751953125,0.6405994694028146,0.23589605437665784,1,1,0,1,1.6976127320954908,4399_left.jpg
0.15823974609375,0.8041194168016663,0.29612116228070173,1,1,0,0,1.871345029239766,2521_left.jpg
0.08495361328125,0.6185015949650832,0.14558317783597888,0,1,0,0,1.6816976127320955,5035_left.jpg
0.0,0.0,0.0,0,0,0,0,0.0,280_left.jpg
0.021220703125,0.5353198343304187,0.19202898550724637,0,0,0,0,1.3369565217391304,1961_left.jpg
0.007783203125,0.5755959849435383,0.01923262548262548,1,1,0,0,2.471042471042471,412_right.jpg
0.26857421875,0.6922860155625046,0.40444117647058825,1,1,0,1,1.5058823529411764,1155_right.jpg
0.77657470703125,0.9980885612336325,0.8269680740432612,1,1,0,1,1.064891846921797,2194_right.jpg
0.00802734375,0.5757299270072993,0.19409681227863046,0,1,0,0,13.82857142857143,4491_right.jpg
0.9540087890625,1.0,0.9540087890625,1,1,1,1,1.0,27_left.jpg
0.00012451171875,1.0,0.6710526315789473,0,0,0,0,4.75,281_left.jpg
0.13334716796875,0.4718687636170563,0.28165738448844885,1,1,0,1,2.112211221122112,2141_left.jpg
0.18658203125,0.9140584109703758,0.18658203125,1,1,1,1,1.0,578_right.jpg
0.27398681640625,0.8082869235910002,0.3615496134020619,1,1,0,0,1.3195876288659794,909_right.jpg
2.197265625e-05,1.0,0.9,0,0,0,1,0.4,1313_right.jpg
0.16501220703125,0.7903357055142108,0.16501220703125,1,1,1,1,1.0,1720_right.jpg
0.0,0.0,0.0,0,0,0,0,0.0,2999_left.jpg
0.078525390625,0.29035567715458277,0.4052923387096774,1,1,0,0,5.161290322580645,4699_left.jpg
0.0496044921875,0.8582537651343636,0.18530205749306872,1,0,0,0,3.539772727272727,4494_left.jpg
0.052626953125,0.7993134162182223,0.19265694265694266,1,0,0,0,3.132275132275132,5092_left.jpg
0.072646484375,1.0,0.7544624746450305,1,0,0,0,1.3647058823529412,2272_right.jpg
0.30747314453125,0.5305579596795325,0.7370142790262172,1,1,0,1,2.397003745318352,4840_right.jpg
0.22780517578125,0.9561028410978577,0.45278047360248447,1,1,0,0,1.9875776397515528,4005_right.jpg
0.17131103515625,0.8799897390585586,0.3716578389830508,1,1,0,0,2.169491525423729,941_right.jpg
0.1846875,0.5223931895093062,0.3348441926345609,1,1,0,1,1.8130311614730878,4488_left.jpg
0.161015625,0.8280264434740418,0.3733695652173913,1,1,0,0,2.318840579710145,21_right.jpg
0.1080078125,0.9111663652802894,0.22965116279069767,1,1,0,1,2.12624584717608,4359_right.jpg
0.0852294921875,0.8306502434832427,0.30810099993822093,1,0,0,0,3.536312849162011,482_right.jpg
0.25592529296875,0.8062331269615652,0.639813232421875,1,1,0,0,2.5,2513_left.jpg
0.00976318359375,0.6779194798699675,0.057590944439644,1,0,0,0,3.443661971830986,1488_left.jpg
0.3068896484375,0.8256670538257148,0.3068896484375,1,1,1,1,1.0,4962_left.jpg
0.023056640625,0.9901524777636594,0.38931486519910957,0,0,0,0,3.9871794871794872,3559_right.jpg
0.2334814453125,0.9807286111633938,0.5393908629441624,1,0,0,0,1.97,2451_left.jpg
0.199287109375,0.9770911941980693,0.47761089234621934,1,0,0,0,2.2274368231046933,368_left.jpg
0.87574462890625,0.9997463096416275,0.87574462890625,1,1,1,1,1.0,2036_left.jpg
0.30041748046875,0.908712647601401,0.39078696646341465,1,1,0,1,1.3008130081300813,4363_left.jpg
0.0,0.0,0.0,0,0,0,0,0.0,1706_right.jpg
0.0398291015625,0.8685178374402354,0.34538679764576363,0,1,0,0,3.6991150442477876,4000_right.jpg
0.75080322265625,0.9999284620312231,0.75080322265625,1,1,1,1,1.0,2579_right.jpg
0.6414697265625,0.8382620477571495,0.6414697265625,1,1,1,1,1.0,4758_left.jpg
0.33734375,0.8475639763779528,0.3754782608695652,1,1,0,1,1.1130434782608696,1716_left.jpg
0.0,0.0,0.0,0,0,0,0,0.0,3659_left.jpg
0.01683349609375,0.6304568527918781,0.1464932967896828,0,1,0,0,6.218390804597701,4820_left.jpg
0.00049072265625,0.8656716417910447,0.45681818181818185,0,0,0,0,3.6363636363636362,635_left.jpg
0.0,0.0,0.0,0,0,0,0,0.0,4289_left.jpg
0.32526123046875,0.9993169552718293,0.6870204207920793,1,1,0,1,2.112211221122112,4260_left.jpg
0.55421630859375,0.990806450902395,0.55421630859375,1,1,1,1,1.0,3953_right.jpg
0.08931884765625,0.995489954899549,0.43662728249194416,0,1,0,0,1.9,2445_left.jpg
0.331328125,0.9887556000943174,0.48618942873315324,1,0,0,1,1.2854077253218885,3246_right.jpg
0.0106884765625,0.5931932389218821,0.2080304110239962,0,1,0,0,5.655737704918033,1650_right.jpg
0.16708251953125,0.6340868243786256,0.3135859604105572,1,1,0,1,1.8768328445747802,4903_left.jpg
0.115673828125,0.9368720979316167,0.2196772997032641,1,1,0,0,1.8991097922848665,1849_left.jpg
0.68677734375,0.9984429656172682,0.7591321243523316,1,1,0,1,1.1053540587219344,5225_right.jpg
0.5362890625,0.7978002767863647,0.7252150085012958,1,0,0,1,1.3312368972746331,704_left.jpg
0.84744873046875,0.9959725163130375,0.84744873046875,1,1,1,1,1.0,3015_left.jpg
0.20333984375,0.9968422822015176,0.27282494758909853,1,1,0,1,1.3417190775681342,4915_left.jpg
0.02996337890625,0.6362747494500122,0.18618021844660193,1,1,0,0,6.213592233009709,4636_left.jpg
0.1042724609375,0.6916178880824163,0.24716435185185184,1,1,0,1,2.3703703703703702,1239_right.jpg
0.054609375,0.5621423462088698,0.3615030303030303,0,1,0,0,6.313131313131313,4506_right.jpg
0.01563720703125,0.6334113973458235,0.3941053408811223,1,0,0,0,3.514705882352941,2336_right.jpg
0.55991943359375,0.9564713115290199,0.55991943359375,1,1,1,1,1.0,2164_right.jpg
0.332841796875,0.9967065692574011,0.44286642411642413,1,1,0,1,1.3305613305613306,2824_right.jpg
0.0,0.0,0.0,0,0,0,0,0.0,1673_left.jpg
0.93470458984375,0.9997466403729872,0.93470458984375,1,1,1,1,1.0,196_left.jpg
0.0008740234375,1.0,0.7019607843137254,0,0,0,0,1.7647058823529411,1119_right.jpg
0.0050244140625,0.54421768707483,0.38288372093023254,0,1,0,0,0.344,2168_left.jpg
0.02701171875,0.6603398409255242,0.08193127962085309,1,1,0,1,3.0331753554502368,4974_right.jpg
0.29239501953125,1.0,0.5636530496987951,1,1,0,0,1.927710843373494,3754_right.jpg
0.48708251953125,0.9946167842052238,0.8290766289893617,1,1,0,1,1.702127659574468,3016_right.jpg
0.845087890625,1.0,0.845087890625,1,1,1,1,1.0,3269_left.jpg
0.10378662109375,0.693208816541601,0.12174941575402098,1,0,0,1,1.129496402877698,3745_right.jpg
0.0,0.0,0.0,0,0,0,0,0.0,4600_left.jpg
0.3129150390625,0.8825076070843411,0.5223795433611295,1,0,0,1,1.6382428940568476,1950_right.jpg
0.005888671875,0.31550580431177444,0.020077914294276297,1,0,0,1,2.647887323943662,424_left.jpg
0.3096923828125,0.8461332282223099,0.3212368314424635,1,1,0,1,1.0372771474878444,1621_right.jpg
0.00233642578125,1.0,0.5984990619136961,0,0,0,0,1.0512820512820513,5271_right.jpg
0.279296875,0.936215034965035,0.3143073013256405,0,1,1,0,1.1008695652173912,4964_right.jpg
0.0,0.0,0.0,0,0,0,0,0.0,3573_right.jpg
0.0333984375,0.2543859649122807,0.14442567567567569,1,1,0,0,4.324324324324325,1483_left.jpg
0.00267822265625,1.0,0.7682072829131653,0,1,0,0,1.2352941176470589,1823_left.jpg
0.0460888671875,0.3557580252145354,0.24170027527046925,1,0,0,0,5.162601626016261,2715_right.jpg
0.3264208984375,0.911040971713213,0.44260460805084745,1,1,0,0,1.3559322033898304,3128_right.jpg
0.0281689453125,0.3832553302132085,0.16692708333333334,1,1,0,0,5.925925925925926,812_left.jpg
0.0168359375,0.49564965197215777,0.0913135593220339,1,1,0,0,5.423728813559322,1485_left.jpg
0.072646484375,1.0,0.7544624746450305,1,0,0,0,1.3647058823529412,2273_right.jpg
0.0276025390625,0.4264992039624978,0.18206119162640902,0,1,0,0,6.21,3692_left.jpg
0.31525146484375,0.9452477018748984,0.31525146484375,1,1,1,1,1.0,1633_right.jpg
0.1018701171875,0.2995734074677659,0.19999041411042945,1,1,0,0,1.9631901840490797,1625_right.jpg
0.707119140625,0.9999965473905178,0.7455621911037891,1,1,0,1,1.0543657331136738,2428_right.jpg
0.16179443359375,0.9546257035505726,0.5394464794464795,1,0,0,0,2.4266666666666667,5332_left.jpg
0.0355712890625,0.7428963623884695,0.1929290254237288,1,1,0,0,5.423728813559322,1021_left.jpg
0.39568603515625,0.9970568817754962,0.39568603515625,1,1,1,1,1.0,5192_left.jpg
4.8828125e-05,0.6,0.00023885730664501028,0,1,1,0,0.3574380165289256,2861_right.jpg
0.0485595703125,0.5356460532931121,0.09929113418530351,1,1,0,1,2.0447284345047922,4048_right.jpg
0.64453857421875,0.9987310750256626,0.64453857421875,1,1,1,1,1.0,5215_left.jpg
0.97561767578125,1.0,0.97561767578125,1,1,1,1,1.0,2889_left.jpg
0.47738525390625,0.9979952643233762,0.4819030954258675,1,1,1,0,1.0094637223974763,4133_left.jpg
0.10489501953125,0.7803095542883742,0.2759544240057548,1,0,0,0,2.2509505703422055,287_right.jpg
0.57538330078125,0.925279089601446,0.7409362424547283,1,1,0,0,1.2877263581488934,4665_left.jpg
0.00146728515625,0.7953410981697171,0.00595255781706532,0,1,0,0,3.993710691823899,2102_right.jpg
0.23162353515625,1.0,0.6343304538525314,0,1,1,0,0.48381294964028776,2905_right.jpg
0.26671630859375,1.0,0.6441450471698114,1,1,0,1,2.4150943396226414,1147_left.jpg
0.00944580078125,0.9351253553889894,0.3113632705617254,0,0,0,0,3.824561403508772,4519_right.jpg
0.02009521484375,0.9449641598833678,0.18843864468864469,1,0,0,0,6.190476190476191,3379_right.jpg
0.0581982421875,0.6559275106972061,0.17007705479452054,1,1,0,0,2.922374429223744,3194_right.jpg
0.011767578125,1.0,0.5662593984962406,0,0,0,0,2.7142857142857144,3797_right.jpg
0.170224609375,0.9990247260627617,0.5366687192118227,1,1,0,0,3.1527093596059115,1452_left.jpg
0.0790673828125,0.8815846353362564,0.17308535086312865,0,1,0,1,2.121212121212121,4715_left.jpg
0.760341796875,0.9985711350004496,0.8567231514084507,1,1,0,1,1.1267605633802817,29_right.jpg
0.0672705078125,0.6201640415184728,0.2002470930232558,1,1,0,0,2.9767441860465116,1228_left.jpg
0.07362548828125,0.7402924694100872,0.13940920857988165,1,1,0,1,1.893491124260355,935_right.jpg
0.52166259765625,0.9992371520968957,0.6470233769379845,1,1,0,0,1.2403100775193798,696_left.jpg
0.56212890625,0.8665656162051353,0.56212890625,1,1,1,1,1.0,1930_right.jpg
0.00754150390625,0.7232113952735513,0.12069706560387607,0,1,0,0,7.87719298245614,4015_right.jpg
0.40630859375,1.0,0.6889209014289736,1,0,0,1,1.0020366598778003,1266_right.jpg
0.0394677734375,0.8905109489051095,0.07171120337840235,1,0,0,1,1.6290322580645162,693_left.jpg
0.05362060546875,0.9918043983062423,0.21376014638039437,1,0,0,1,0.8016759776536313,845_left.jpg
0.3373681640625,0.9684989796361426,0.36227453859060404,1,1,0,1,1.0738255033557047,2703_left.jpg
0.0392333984375,0.5920970752955819,0.11900177725118484,1,1,0,1,3.0331753554502368,4361_left.jpg
0.2212255859375,0.7630940031341735,0.34199124396135266,1,1,0,1,1.5458937198067633,5291_left.jpg
0.01235595703125,0.993479549496147,0.07556212487682523,0,0,0,0,0.5,4575_right.jpg
0.001083984375,0.8693693693693694,0.7207792207792207,0,0,0,1,3.142857142857143,2233_right.jpg
0.04097900390625,0.9834971700923444,0.3986178398404104,0,1,0,0,2.4166666666666665,2078_left.jpg
0.17958251953125,0.999306660141115,0.38568057885906043,1,1,0,1,2.1476510067114094,3835_right.jpg
1.46484375e-05,1.0,1.0,0,0,0,1,0.6666666666666666,1260_left.jpg
0.00011962890625,1.0,0.765625,1,0,0,1,1.0,3086_left.jpg
0.623828125,0.9979610206637445,0.623828125,1,1,1,1,1.0,4182_left.jpg
0.20796142578125,0.9867106514363532,0.4542502133105802,1,1,0,1,2.1843003412969284,1317_left.jpg
0.5604638671875,0.9993073887248112,0.7188314128256513,1,1,0,0,1.282565130260521,2506_right.jpg
0.1466015625,0.8247069011457501,0.18600501812099246,0,1,0,1,1.2411764705882353,3869_left.jpg
0.05006591796875,0.6567513531964695,0.43893407534246576,1,1,0,0,8.767123287671232,4020_left.jpg
0.47556884765625,0.9519335910427993,0.47556884765625,1,1,1,1,1.0,1841_left.jpg
0.02094482421875,0.2998018417064926,0.05195615310077519,1,1,0,1,2.4806201550387597,2663_right.jpg
0.4274609375,0.9979039111760943,0.4274609375,1,1,1,1,1.0,2291_right.jpg
0.14231689453125,0.9906163690323023,0.26324512283236995,1,1,0,0,1.8497109826589595,887_left.jpg
0.074189453125,0.9952941950770041,0.2930856553147575,1,0,0,1,1.0062305295950156,3760_left.jpg
0.0913623046875,0.8263588263588264,0.2141826923076923,1,1,0,1,2.3443223443223444,4963_left.jpg
0.07138916015625,0.8278102664067576,0.1128125,1,1,0,1,1.5802469135802468,1066_left.jpg
0.241298828125,0.6273523817232587,0.241298828125,1,1,1,1,1.0,4544_right.jpg
0.32292724609375,0.39173363775884357,0.32292724609375,1,1,1,1,1.0,4991_right.jpg
0.63943603515625,0.9992211154085517,0.63943603515625,1,1,1,1,1.0,3815_right.jpg
0.12918701171875,0.6154587546064443,0.27287025577557755,1,1,0,1,2.112211221122112,1777_right.jpg
0.000859375,0.4914772727272727,0.002866262784183441,1,0,0,1,1.3554817275747508,963_right.jpg
0.89780517578125,0.9999292980657583,0.89780517578125,1,1,1,1,1.0,4928_left.jpg
0.072314453125,0.36434841323430117,0.11716772151898734,1,1,0,0,1.620253164556962,3875_right.jpg
0.43667236328125,0.9906184131811854,0.5479810049019608,1,1,0,1,1.2549019607843137,2070_left.jpg
0.00917724609375,0.8808193668528864,0.11615833874107723,0,1,0,0,1.2484472049689441,2847_left.jpg
0.0,0.0,0.0,0,0,0,0,0.0,2224_left.jpg
0.00606689453125,0.48370221327967805,0.026489713250186547,0,0,0,0,3.710691823899371,2839_right.jpg
0.02634033203125,0.7792195754935582,0.08502774099993696,1,0,0,1,0.7622549019607843,3941_right.jpg
0.35864013671875,0.9671815328899448,0.3768960385878489,1,1,0,0,1.0509031198686372,183_right.jpg
0.03711181640625,0.44582593250444047,0.05937890625,1,1,0,1,1.6,4653_right.jpg
0.21053466796875,0.7931350379776193,0.21053466796875,1,1,1,1,1.0,1366_left.jpg
0.0139794921875,0.9731051344743277,0.01822174134419552,1,1,0,1,1.3034623217922607,1885_right.jpg
0.0819921875,0.7646796093377799,0.1453601108033241,1,1,0,0,1.7728531855955678,5141_left.jpg
0.11361083984375,0.5308907274094767,0.2524685329861111,1,1,0,1,2.2222222222222223,2442_left.jpg
0.15047607421875,0.7681187636894622,0.15736060049019607,1,1,0,1,1.0457516339869282,5081_left.jpg
0.04770263671875,0.8802395209580839,0.17305699481865286,0,0,0,0,3.0310880829015545,1627_right.jpg
0.296728515625,0.9997531676814218,0.6191543555781966,0,1,1,0,0.5380794701986755,4766_left.jpg
0.35640380859375,0.8302542076817163,0.35640380859375,1,1,1,1,1.0,1007_left.jpg
0.017763671875,0.42399670148433205,0.34846743295019156,0,0,0,0,6.206896551724138,87_right.jpg
0.9958447265625,0.9998087757233426,0.9958447265625,1,1,1,1,1.0,4240_left.jpg
0.01517578125,0.6510617760617761,0.05936452453943787,0,0,0,1,3.754491017964072,2221_right.jpg
0.0092822265625,0.3548132561809574,0.1822976601457614,0,0,0,0,2.6931818181818183,3697_left.jpg
0.04947998046875,0.4960280258548379,0.19949405464997244,0,1,1,0,0.40963855421686746,4309_right.jpg
0.61016845703125,0.9978113434030209,0.7538760859073359,1,1,0,1,1.2355212355212355,2288_right.jpg
0.0344482421875,0.6169383416017009,0.3887052341597796,1,0,0,0,8.333333333333334,3845_left.jpg
0.4291943359375,0.9474851818564489,0.6214578619909502,1,1,0,1,1.4479638009049773,181_left.jpg
0.01840576171875,0.7015519299641862,0.04991393008474576,1,1,0,1,2.711864406779661,2875_left.jpg
0.135498046875,0.5941621621621621,0.36283995815899583,1,1,0,1,2.6778242677824267,4228_right.jpg
0.10831298828125,0.9863180435027612,0.14234150410677618,1,1,0,1,1.3141683778234086,3499_left.jpg
6.591796875e-05,1.0,0.84375,0,0,1,0,0.5,73_left.jpg
0.52419189453125,0.9575984239132966,0.52419189453125,1,1,1,1,1.0,3761_right.jpg
0.20428466796875,0.734962653122199,0.27124935165975106,1,1,0,0,1.3278008298755186,2693_right.jpg
0.12967041015625,0.6118087850432098,0.2522463905775076,1,1,0,1,1.9452887537993921,525_left.jpg
0.17835693359375,0.38867976182328384,0.6754345414201184,1,1,0,1,3.78698224852071,2063_left.jpg
0.2520361328125,0.5678652381967181,0.32652454453441293,1,1,0,1,1.2955465587044535,4950_right.jpg
0.14062744140625,0.5121612472005694,0.25862517959770115,1,1,0,1,1.839080459770115,5210_left.jpg
0.381982421875,0.9938322894030424,0.494876012145749,1,1,0,1,1.2955465587044535,674_left.jpg
0.3786669921875,0.9531147245038749,0.45639712806026367,1,1,0,1,1.2052730696798493,930_left.jpg
0.5568212890625,0.9993116269281023,0.5568212890625,1,1,1,1,1.0,1899_left.jpg
0.1414501953125,0.635886637440022,0.17999036953043696,1,0,0,1,1.099815157116451,2003_right.jpg
0.0,0.0,0.0,0,0,0,0,0.0,4064_left.jpg
0.4085888671875,0.9975740627875572,0.435828125,1,1,0,1,1.0666666666666667,4135_right.jpg
0.2286279296875,0.6194925570766504,0.2467485244519393,1,1,0,1,1.0792580101180438,1429_left.jpg
0.03734619140625,0.33235274890501404,0.04659173976608187,1,1,0,0,1.2475633528265107,42_right.jpg
0.11546142578125,1.0,0.6816124754986741,1,0,0,0,0.8027210884353742,690_right.jpg
0.8348876953125,1.0,0.8348876953125,1,1,1,1,1.0,2609_left.jpg
0.58617431640625,0.9942023432196154,0.7370364685658153,1,1,0,1,1.2573673870333988,2033_right.jpg
0.45521240234375,0.96290257702931,0.45521240234375,1,1,1,1,1.0,574_right.jpg
0.588583984375,0.9999377810223823,0.7564131526104417,1,1,0,1,1.285140562248996,692_left.jpg
0.31949951171875,0.876783299074633,0.31949951171875,1,1,1,1,1.0,4122_left.jpg
0.0275634765625,0.48396811337466783,0.06837451550387597,1,1,0,1,2.4806201550387597,4701_left.jpg
0.36857177734375,1.0,0.7020414806547619,1,1,0,0,1.9047619047619047,2589_right.jpg
0.026015625,0.2793731231231231,0.07433035714285714,1,1,0,0,2.857142857142857,2479_right.jpg
0.47673583984375,0.9983868572394262,0.47673583984375,1,1,1,1,1.0,2177_left.jpg
0.12096923828125,0.5326040888817131,0.2921521226415094,1,1,0,1,2.4150943396226414,3176_right.jpg
0.0912890625,0.9942501069747539,0.2835304822565969,0,1,0,0,2.9904761904761905,2381_right.jpg
0.0052099609375,0.9423617619493908,0.1588861588861589,1,0,0,0,0.9173553719008265,3982_left.jpg
0.7325927734375,0.9994667910820808,0.7325927734375,1,1,1,1,1.0,726_left.jpg
0.34463623046875,0.9998228997683529,0.9228752615062762,1,1,0,1,2.6778242677824267,5036_left.jpg
0.0,0.0,0.0,0,0,0,0,0.0,4101_right.jpg
0.60818115234375,0.8599098393888668,0.60818115234375,1,1,1,1,1.0,3025_left.jpg
0.09051025390625,0.9918808836619643,0.22109375,1,1,0,1,2.4427480916030535,2397_left.jpg
0.21814208984375,0.9958478360622712,0.3675785749547474,1,0,0,1,0.916504854368932,5248_left.jpg
0.00099365234375,0.9975429975429976,0.4987745098039216,0,0,0,0,0.7058823529411765,3196_left.jpg
0.03634521484375,0.5950157855847383,0.08307477678571429,1,1,0,0,2.2857142857142856,2087_right.jpg
0.99591796875,0.9997965327214606,0.99591796875,1,1,1,1,1.0,4236_left.jpg
0.228994140625,0.9241438867329097,0.3900398373239964,0,1,0,0,1.6139896373056994,4917_right.jpg
0.24100830078125,0.9601081880527164,0.29662560096153845,1,1,0,1,1.2307692307692308,3365_left.jpg
0.050263671875,0.8086263843015349,0.268031036817164,1,0,0,0,1.5585585585585586,3679_left.jpg
0.0,0.0,0.0,0,0,0,0,0.0,4042_right.jpg
0.540615234375,0.9997742011235752,0.6592005144143178,0,1,1,0,1.0788530465949822,2369_left.jpg
0.03842529296875,0.9295380900946693,0.3528686411227944,1,0,0,0,8.36986301369863,2949_left.jpg
0.96274658203125,0.9959933154300465,0.96274658203125,1,1,1,1,1.0,2491_right.jpg
0.09051025390625,0.9918808836619643,0.22109375,1,1,0,1,2.4427480916030535,2399_left.jpg
0.0170458984375,0.6108564881122888,0.07472174657534246,1,1,0,0,4.383561643835616,628_right.jpg
0.005869140625,0.6530782029950083,0.033950965992543214,0,1,0,0,2.538922155688623,4146_right.jpg
0.21368408203125,0.9637817766352471,0.3975517805232558,1,1,0,1,1.8604651162790697,1358_left.jpg
0.09048583984375,0.4469956560451124,0.222734375,1,1,0,1,2.4615384615384617,2666_left.jpg
0.18815673828125,0.9900089530161285,0.1929812700320513,1,0,1,1,0.975,2773_right.jpg
0.0,0.0,0.0,0,0,0,0,0.0,3731_right.jpg
0.2748583984375,0.8209482865822245,0.5767520491803279,1,1,0,0,2.098360655737705,845_right.jpg
0.03446533203125,0.9853368279379472,0.16689917714934266,1,0,0,1,2.247422680412371,112_right.jpg
0.28853271484375,0.6583180322042933,0.4149683988764045,1,1,0,1,1.4382022471910112,3063_right.jpg
0.02928955078125,1.0,0.4327922077922078,0,1,0,0,1.746031746031746,226_right.jpg
0.3267431640625,0.9782790621217329,0.3267431640625,1,1,1,1,1.0,4369_left.jpg
0.193125,0.9997092435275081,0.3803076923076923,1,1,0,1,1.9692307692307693,4011_left.jpg
0.53973876953125,0.7607123309977971,0.699256705465587,1,1,0,1,1.2955465587044535,4548_left.jpg
0.0785302734375,0.4204750357520363,0.34190051020408163,1,1,0,0,4.35374149659864,420_right.jpg
0.00408935546875,1.0,0.6836734693877551,0,0,0,0,3.92,2391_right.jpg
0.05238525390625,0.7418091997949388,0.09978143601190476,1,1,0,1,1.9047619047619047,4428_right.jpg
0.22911376953125,0.5857850711279237,0.2637280800359712,1,1,0,0,1.1510791366906474,2025_right.jpg
0.211484375,0.6729428333949021,0.2638401559454191,1,1,0,1,1.2475633528265107,1143_right.jpg
0.019921875,0.8908088235294118,0.33203125,0,0,0,0,1.5,4999_right.jpg
0.39445556640625,0.9986383526542839,0.5898400992990654,1,1,0,1,1.4953271028037383,5207_right.jpg
0.54465576171875,0.996364712157819,0.54465576171875,1,1,1,1,1.0,3216_right.jpg
0.82135498046875,0.9988556209816691,0.82135498046875,1,1,1,1,1.0,3643_right.jpg
0.012314453125,0.9892942109436955,0.0339416451335056,0,0,0,0,1.7916666666666667,4864_left.jpg
0.029052734375,0.8864705882352941,0.15282272563825963,0,1,0,0,4.904761904761905,4268_left.jpg
0.0363623046875,0.46642943467167985,0.4217351908483407,0,1,0,0,5.382716049382716,55_left.jpg
0.0199462890625,0.4738066095471236,0.21920528024469427,1,0,0,0,10.01639344262295,4490_right.jpg
0.47589599609375,0.9953777568012641,0.47589599609375,1,1,1,1,1.0,3203_right.jpg
0.00025390625,1.0,0.8,0,1,0,0,0.7692307692307693,2748_left.jpg
0.853369140625,0.9862819705899182,0.853369140625,1,1,1,1,1.0,3410_right.jpg
0.058701171875,0.9940525702878057,0.20202325737715937,0,1,0,0,1.7471264367816093,1375_right.jpg
0.13922607421875,0.7253932347835236,0.2211034429280397,1,1,0,1,1.588089330024814,4717_right.jpg
0.0,0.0,0.0,0,0,0,0,0.0,2330_left.jpg
0.3701513671875,0.9990634110306436,0.7357045807453416,1,1,0,0,1.9875776397515528,4300_right.jpg
0.04974365234375,0.8347484662576687,0.09560341591591591,1,1,0,1,1.921921921921922,4067_right.jpg
0.0620703125,0.9884754562617999,0.135580204778157,1,1,0,1,2.1843003412969284,4812_right.jpg
0.45519775390625,0.9964387044178301,0.5066548913043478,1,1,0,1,1.1130434782608696,4161_right.jpg
0.84577880859375,0.9967121879970327,0.84577880859375,1,1,1,1,1.0,3101_left.jpg
0.1107861328125,0.45317114020009697,0.24619140625,1,1,0,0,2.2222222222222223,4016_left.jpg
0.478525390625,0.9990765494581744,0.478525390625,1,1,1,1,1.0,2607_right.jpg
6.34765625e-05,1.0,0.3611111111111111,0,0,0,1,0.5,3654_right.jpg
0.00044921875,1.0,0.8177777777777778,1,0,0,1,2.7777777777777777,4101_left.jpg
0.0093212890625,0.4316396018858041,0.014729938271604938,1,1,0,1,1.5802469135802468,424_right.jpg
0.09134033203125,0.8101996632186673,0.1429286369193154,1,1,0,1,1.56479217603912,4800_right.jpg
0.0914599609375,0.989509369494421,0.28938017550364603,0,1,0,0,1.9003831417624522,923_left.jpg
0.44457763671875,0.9998682035596022,0.6379589405829597,1,1,0,0,1.4349775784753362,656_right.jpg
0.02701171875,0.6603398409255242,0.08193127962085309,1,1,0,1,3.0331753554502368,4973_right.jpg
0.0305322265625,0.5987525987525988,0.14263229927007298,1,1,0,0,4.671532846715328,1220_left.jpg
0.68215576171875,0.9421497364098049,0.68215576171875,1,1,1,1,1.0,260_right.jpg
0.41147705078125,0.979506470235729,0.5985120738636364,1,1,0,1,1.4545454545454546,5208_right.jpg
0.0297314453125,0.47232714731483,0.04629714111922141,1,1,0,1,1.5571776155717763,2840_left.jpg
0.203046875,1.0,0.5688451147361582,1,0,0,1,1.8,646_left.jpg
0.17856689453125,0.7544468902530729,0.6349045138888889,1,1,0,0,3.5555555555555554,995_left.jpg
0.0138427734375,0.843915343915344,0.3532710280373832,0,0,0,0,2.8533333333333335,2287_right.jpg
0.00286376953125,0.5029838022165388,0.012907130281690141,1,1,0,0,4.507042253521127,1909_right.jpg
0.313330078125,0.949719495091164,0.3364618288590604,1,1,0,0,1.0738255033557047,1556_left.jpg
0.02919677734375,0.4170081110460741,0.12552217813884164,1,0,0,0,3.8164556962025316,4394_left.jpg
0.17373046875,0.5033024170882519,0.24818638392857142,1,1,0,1,1.4285714285714286,342_right.jpg
0.0734765625,0.5001329080276449,0.17948473282442748,1,1,0,0,2.4427480916030535,4192_left.jpg
0.22572021484375,0.8447677248391109,0.22572021484375,1,1,1,1,1.0,5173_left.jpg
0.00405517578125,1.0,0.4043330087633885,0,1,0,0,0.6582278481012658,2620_right.jpg
0.41675048828125,0.9986116074305365,0.618011657796604,1,0,0,1,0.8870967741935484,660_right.jpg
0.2519580078125,0.9997868258367086,0.7396932339449541,1,1,0,0,2.9357798165137616,1341_left.jpg
0.0,0.0,0.0,0,0,0,0,0.0,1305_left.jpg
0.529541015625,0.9941678192715537,0.529541015625,1,1,1,1,1.0,1815_right.jpg
0.56748046875,0.9956461882636379,0.6187180579216355,1,1,0,1,1.090289608177172,1148_right.jpg
0.357353515625,0.5716598803049764,0.357353515625,1,1,1,1,1.0,5306_left.jpg
0.73461669921875,0.9994184094995331,0.73461669921875,1,1,1,1,1.0,2575_right.jpg
0.05749267578125,0.9542655739097201,0.1657446509009009,1,1,0,0,2.8828828828828827,2504_left.jpg
0.0916650390625,0.8672295317743568,0.46193405511811025,1,1,0,0,5.039370078740157,907_left.jpg
0.6617333984375,0.9380732421802941,0.6617333984375,1,1,1,1,1.0,4288_right.jpg
0.32628173828125,0.9995286018930749,0.7591050574817103,0,1,0,0,1.2654155495978552,2615_left.jpg
0.00501953125,0.6303501945525292,0.04057147367590181,1,0,0,1,0.8373983739837398,239_left.jpg
0.005400390625,0.8607594936708861,0.05552208835341366,0,0,0,0,6.225,837_left.jpg
0.550205078125,1.0,0.7688455240174672,1,1,0,1,1.3973799126637554,2600_right.jpg
0.03455810546875,0.8231013776050865,0.26212962962962966,1,0,0,0,4.62962962962963,1249_left.jpg
0.21278076171875,0.9420343066949687,0.36509299597855227,1,1,0,1,1.7158176943699732,4384_left.jpg
0.151396484375,0.9940495387989421,0.6644166586309237,0,1,0,0,3.691823899371069,3674_right.jpg
0.65177734375,0.5807100476461599,0.65177734375,1,1,1,1,1.0,4779_left.jpg
0.23422119140625,0.9981029217090382,0.33914380656108595,1,1,0,1,1.4479638009049773,4271_left.jpg
0.0018701171875,1.0,0.895906432748538,1,0,0,1,3.8,2867_left.jpg
0.19421142578125,0.9994468817961256,0.5218107157850546,1,0,0,1,1.0338541666666667,3284_right.jpg
0.0128466796875,0.9496389205625237,0.4347323198942498,0,0,0,0,1.5280898876404494,2248_left.jpg
0.0848583984375,0.6115426664365038,0.17334969178287152,1,0,0,1,1.7243401759530792,2116_left.jpg
0.04890869140625,0.7563520191683721,0.16244465707659622,0,1,0,0,3.1776649746192893,3886_right.jpg
0.03481201171875,0.6731888631741356,0.14706064356435644,1,0,0,1,2.6302083333333335,5228_left.jpg
0.12020263671875,0.870681425814969,0.1709548611111111,1,1,0,1,1.4222222222222223,3446_left.jpg
0.7451513671875,0.9948921084878151,0.7451513671875,1,1,1,1,1.0,1568_left.jpg
0.0343408203125,0.8557514574150433,0.1772429435483871,1,1,0,0,5.161290322580645,1601_left.jpg
0.0010107421875,0.8623188405797102,0.04283940397350993,1,0,0,1,37.75,2187_right.jpg
0.21146728515625,0.9933269450569749,0.6733286691542288,1,1,0,1,3.18407960199005,1440_right.jpg
0.235810546875,0.8006791733962811,0.235810546875,1,1,1,1,1.0,3250_right.jpg
0.12861328125,0.9937357630979499,0.20681532663316582,1,1,0,1,1.6080402010050252,4845_right.jpg
0.16315185546875,0.9983988507639128,0.42930285743652996,1,0,0,1,0.48936170212765956,5102_right.jpg
0.25395751953125,0.7704117437825054,0.337205005186722,1,1,0,1,1.3278008298755186,2343_right.jpg
0.09403076171875,0.33052057639880567,0.14859182098765433,1,1,0,0,1.5802469135802468,3868_right.jpg
0.036875,0.8006488347457628,0.10825688073394496,1,1,0,1,2.9357798165137616,808_right.jpg
0.4791162109375,0.9998267480611069,0.4791162109375,1,1,1,1,1.0,5309_right.jpg
0.0465380859375,0.4416115832546427,0.048194781553398056,1,1,0,1,1.035598705501618,4148_left.jpg
0.0261376953125,0.6178778255184009,0.083640625,1,1,0,0,3.2,1238_left.jpg
0.07520751953125,0.4589190066547638,0.20055338541666667,1,1,0,0,2.6666666666666665,3159_left.jpg
0.87905029296875,1.0,0.884578911163522,1,1,0,1,1.0062893081761006,3273_left.jpg
0.12520751953125,0.9568294823047675,0.47415865384615385,1,1,0,0,3.78698224852071,3234_left.jpg
0.013310546875,0.42626559060895086,0.09680397727272727,1,1,0,0,7.2727272727272725,471_left.jpg
0.020107421875,1.0,0.4407106164383562,1,0,0,0,3.506849315068493,1130_right.jpg
0.0721533203125,0.9821682344183529,0.2675974719762409,0,1,0,0,2.0343347639484977,367_right.jpg
0.2556787109375,0.9498500849836716,0.5072459556330524,1,0,0,1,0.9548387096774194,2055_right.jpg
0.92588623046875,1.0,0.92588623046875,1,1,1,1,1.0,3261_left.jpg
0.0289501953125,0.44155844155844154,0.11778846153846154,1,0,0,0,3.25,2507_left.jpg
0.32603271484375,0.9102086968242439,0.6863846628289474,1,1,0,1,2.1052631578947367,2888_right.jpg
0.009892578125,0.48000987166831194,0.04648814850508249,0,1,0,0,1.817351598173516,136_left.jpg
0.0186474609375,0.979706729510343,0.05188858695652174,1,1,0,1,2.782608695652174,1297_right.jpg
0.15615234375,0.9494684177611007,0.2549426020408163,1,1,0,0,1.6326530612244898,3744_left.jpg
0.276123046875,0.5178514588859416,0.29355274086378735,1,1,0,1,1.06312292358804,1904_right.jpg
0.01466796875,0.29477363515312915,0.04247737556561086,1,1,0,1,2.8959276018099547,3253_right.jpg
0.08054443359375,0.9992725288715104,0.24209135938359935,1,0,0,1,2.4261603375527425,2369_right.jpg
0.03678955078125,0.7725794677815383,0.3462545955882353,1,1,0,0,9.411764705882353,4128_left.jpg
0.0,0.0,0.0,0,0,0,0,0.0,4735_right.jpg
0.70437255859375,0.998686358579049,0.70437255859375,1,1,1,1,1.0,2882_right.jpg
0.349462890625,0.9934539611569093,0.5980113636363636,1,1,0,1,1.7112299465240641,4467_left.jpg
0.71507080078125,1.0,0.71507080078125,1,1,1,1,1.0,2943_right.jpg
0.156982421875,0.7592846034214619,0.3762478203372772,1,0,0,1,1.744408945686901,2276_right.jpg
0.047880859375,0.9962777891087089,0.11391728624535316,1,1,0,1,2.379182156133829,2661_right.jpg
0.0,0.0,0.0,0,0,0,0,0.0,2731_left.jpg
0.14806640625,1.0,0.5384041759880686,0,0,0,0,1.7738095238095237,2816_right.jpg
0.09181884765625,0.9958254673083571,0.26233956473214287,1,1,0,1,2.857142857142857,1044_right.jpg
0.00531005859375,1.0,0.8176691729323309,0,1,0,0,1.8421052631578947,639_right.jpg
0.308515625,0.9993115345657129,0.4570601851851852,1,1,0,0,1.4814814814814814,4162_left.jpg
0.42634033203125,0.6996260643993838,0.42634033203125,1,1,1,1,1.0,4754_right.jpg
0.0001318359375,0.6851851851851852,0.47368421052631576,0,1,0,0,0.3157894736842105,3301_left.jpg
0.042724609375,0.9093714285714286,0.21114864864864866,1,0,0,0,2.4216216216216218,2145_right.jpg
0.02175537109375,0.3616878015935361,0.13343815513626833,1,0,0,0,6.057142857142857,4882_right.jpg
0.9629736328125,1.0,0.9629736328125,1,1,1,1,1.0,764_left.jpg
0.00048828125,0.65,0.3831417624521073,1,0,0,1,1.6111111111111112,643_right.jpg
0.0667431640625,0.8425634647743069,0.12750932835820897,1,1,0,1,1.9104477611940298,3489_right.jpg
0.00291259765625,0.9756915339480302,0.4881342062193126,0,0,0,0,1.1063829787234043,1658_right.jpg
0.7582470703125,0.9994172156430913,0.7582470703125,1,1,1,1,1.0,4456_left.jpg
0.00170166015625,1.0,0.7543290043290043,0,1,0,0,1.9090909090909092,2878_right.jpg
0.1228759765625,0.5316511027220345,0.3290402719665272,1,1,0,1,2.6778242677824267,2223_right.jpg
0.36888916015625,0.9423152014930806,0.37296850315955765,1,1,0,1,1.0110584518167456,3928_right.jpg
0.34356689453125,0.5532492449813466,0.34356689453125,1,1,1,1,1.0,3290_left.jpg
0.00404296875,0.8659420289855072,0.09056603773584905,0,0,0,0,1.382608695652174,2827_left.jpg
0.00389892578125,0.6994364433312461,0.0225189655658648,0,1,0,0,5.093220338983051,1478_right.jpg
0.34748291015625,1.0,0.7220424107142858,1,1,0,0,2.0779220779220777,3900_left.jpg
0.0298291015625,0.7672286789981994,0.07605826693227091,1,1,0,1,2.549800796812749,3577_left.jpg
0.0593115234375,0.4219148761010949,0.06284664735099338,1,1,0,1,1.0596026490066226,1087_right.jpg
0.02660888671875,0.4749059546747408,0.06549879807692308,1,1,0,1,2.4615384615384617,5227_right.jpg
0.02423583984375,0.775460864309459,0.20525597551898106,1,0,0,0,4.224299065420561,3164_right.jpg
0.00487548828125,0.3970956434651978,0.017122230605665683,0,0,0,1,2.0418410041841004,1662_right.jpg
0.27026123046875,0.7740991336868445,0.4527936845549738,1,1,0,0,1.675392670157068,3809_right.jpg
0.33654052734375,0.9846423933781656,0.392710832046585,1,0,0,1,0.9782971619365609,586_right.jpg
0.00227294921875,0.807733619763695,0.21988663202645253,0,1,0,0,5.0344827586206895,91_left.jpg
0.1836279296875,0.8877203712074879,0.4937893907563025,1,1,0,1,2.689075630252101,1966_right.jpg
0.0971044921875,0.9978880675818373,0.538417803768681,0,1,0,0,2.526315789473684,2393_left.jpg
0.0747314453125,0.8562887945115976,0.47354579207920794,1,1,0,0,6.336633663366337,1043_right.jpg
0.09125732421875,0.898900452125525,0.293490891959799,1,1,0,0,3.2160804020100504,416_right.jpg
0.29772705078125,0.9997293950749904,0.5428641381766381,1,1,0,0,1.8233618233618234,1579_right.jpg
0.2714892578125,0.8893275300803942,0.2714892578125,1,1,1,1,1.0,2843_right.jpg
0.0,0.0,0.0,0,0,0,0,0.0,2992_right.jpg
0.04544677734375,0.6514101531023369,0.0682768485915493,1,1,0,1,1.5023474178403755,2984_left.jpg
0.99792236328125,1.0,0.99792236328125,1,1,1,1,1.0,3275_left.jpg
0.10694580078125,0.4953772400410912,0.1756401311938156,1,0,0,0,1.6065989847715736,3356_right.jpg
0.277841796875,1.0,0.6946044921875,1,1,0,0,2.5,988_left.jpg
0.04785400390625,0.6072139176572624,0.5330559408229311,0,0,0,0,2.596638655462185,312_left.jpg
0.00385009765625,0.7704502219403931,0.1532555879494655,1,0,0,0,23.333333333333332,2676_right.jpg
0.55286865234375,0.9996423130423263,0.55286865234375,1,1,1,1,1.0,2606_left.jpg
0.157587890625,0.8362304021813224,0.2949013157894737,1,1,0,0,1.871345029239766,3210_left.jpg
0.15616943359375,0.9380774461831882,0.2562780448717949,1,1,0,0,1.641025641025641,3249_left.jpg
0.1449365234375,0.7091601253242596,0.38489367219917014,1,1,0,1,2.6556016597510372,4267_right.jpg
0.06693603515625,0.5221942590363643,0.1552139945652174,1,1,0,1,2.318840579710145,3858_right.jpg
0.0901416015625,0.838930718812632,0.1498457792207792,1,1,0,1,1.6623376623376624,253_right.jpg
0.01410400390625,0.5357451964687554,0.2912381528533979,0,1,0,0,3.4342105263157894,53_right.jpg
0.09580322265625,0.9899849647052827,0.36067095588235293,1,1,0,0,3.764705882352941,4163_right.jpg
0.0142236328125,0.9658427737727429,0.22546439628482973,0,1,0,0,4.0375,3392_left.jpg
0.1326318359375,0.9452380075838457,0.3097969890510949,1,1,0,1,2.335766423357664,4337_right.jpg
0.00860107421875,0.27788816349701956,0.04470585249479722,0,0,0,0,4.5227272727272725,487_left.jpg
0.16684326171875,0.5045142597930903,0.4106911057692308,1,1,0,0,2.4615384615384617,1176_right.jpg
0.4493408203125,0.6047541428959522,0.45938997603833864,1,1,1,0,1.0223642172523961,4133_right.jpg
0.25628173828125,0.9675821401693769,0.31664152992277994,1,1,0,1,1.2355212355212355,3482_right.jpg
0.0011279296875,0.8593073593073594,0.05501309835675161,0,1,0,0,29.058823529411764,2745_left.jpg
0.71036865234375,0.7358875748796255,0.71036865234375,1,1,1,1,1.0,1738_left.jpg
0.74777587890625,1.0,0.953339765936255,1,1,1,0,1.2749003984063745,581_right.jpg
0.49458740234375,0.9593796123070544,0.5949923637218045,1,1,1,0,1.2030075187969924,2632_left.jpg
0.00328369140625,0.42973977695167287,0.12350780532598714,0,0,0,0,5.377777777777778,2415_left.jpg
0.0,0.0,0.0,0,0,0,0,0.0,3440_left.jpg
0.1976611328125,0.40526419801882363,0.25402233935742974,0,1,1,1,0.778125,3306_left.jpg
0.0585693359375,0.5258024176740308,0.32595108695652175,1,1,0,0,5.565217391304348,2317_left.jpg
0.00070556640625,0.5363321799307958,0.06430796617712506,0,0,0,0,10.19047619047619,1730_left.jpg
0.0889453125,0.7388559508124726,0.18911960132890365,1,1,0,1,2.12624584717608,1931_left.jpg
0.00408447265625,0.9796772265391512,0.032904570844150736,0,0,0,0,0.9780701754385965,2829_right.jpg
0.003427734375,0.8425925925925926,0.24915705412599823,0,0,0,0,10.652173913043478,5322_right.jpg
0.996689453125,1.0,0.996689453125,1,1,1,1,1.0,4771_right.jpg
0.18649658203125,0.9634764167615756,0.5541377709427502,0,1,0,0,2.3734439834024896,987_left.jpg
0.00615966796875,0.539833531510107,0.023822113114908883,0,1,0,0,3.664705882352941,5025_left.jpg
0.35267822265625,0.8325799372823747,0.41644660977859776,1,1,0,0,1.1808118081180812,1692_left.jpg
0.088251953125,0.6001161890007746,0.17396242396242395,1,0,0,1,1.6866096866096867,1886_right.jpg
0.0,0.0,0.0,0,0,0,0,0.0,212_right.jpg
0.0852294921875,0.5915783443139502,0.1759576612903226,1,1,0,1,2.064516129032258,2452_right.jpg
0.1024169921875,0.7302026221692491,0.1024169921875,1,1,1,1,1.0,3062_left.jpg
0.0017333984375,0.9704225352112676,0.09428950863213811,1,0,0,0,8.366666666666667,2844_right.jpg
0.1145947265625,0.6546934253696366,0.26963465073529413,1,1,0,0,2.3529411764705883,2356_left.jpg
0.00224365234375,0.9923830250272034,0.6078042328042328,0,1,0,0,0.48214285714285715,2668_right.jpg
0.01760498046875,0.9851615587297184,0.1796999601275917,1,0,0,0,0.9186602870813397,307_right.jpg
0.05162109375,0.5883938706015891,0.1342987804878049,1,1,0,1,2.6016260162601625,3131_left.jpg
0.14756103515625,0.9953177478863685,0.3838986280487805,1,1,0,1,2.6016260162601625,3330_right.jpg
0.22466064453125,0.9955010269395029,0.456453373015873,1,1,0,1,2.0317460317460316,2698_left.jpg
0.3526611328125,0.9804361370716511,0.4474241748438894,1,0,0,1,1.1450094161958568,5300_left.jpg
0.00090087890625,0.5555555555555556,0.1524793388429752,0,0,0,0,6.05,1349_right.jpg
0.0137158203125,0.5003559985760057,0.04812939594095625,0,0,0,1,2.4337899543378994,2537_right.jpg
0.0250244140625,0.6380487804878049,0.05522629310344827,1,1,0,0,2.206896551724138,4496_right.jpg
0.46986328125,0.9998337282287899,0.5149186643835616,1,1,0,1,1.095890410958904,609_right.jpg
0.0,0.0,0.0,0,0,0,0,0.0,205_right.jpg
0.0166748046875,0.724597364568082,0.15607504398893993,1,0,0,0,5.781609195402299,5271_left.jpg
0.0886572265625,0.5581318499752161,0.1546066076294278,1,1,0,1,1.7438692098092643,1711_left.jpg
0.15770751953125,0.9977243525241111,0.32350260416666665,1,1,0,1,2.051282051282051,3993_left.jpg
0.11764892578125,0.9768826910705762,0.5699737421048896,1,0,0,0,2.1565656565656566,3959_left.jpg
0.02270263671875,0.8940746316808259,0.12972935267857144,1,1,0,0,5.714285714285714,492_left.jpg
0.02762939453125,0.6442520102500663,0.2737939710649828,0,1,0,0,6.0,4127_left.jpg
0.7816064453125,0.999362790726731,0.8421348905723905,1,1,0,1,1.0774410774410774,4749_left.jpg
0.09787109375,0.7193424466174416,0.13587310195227767,1,1,0,0,1.3882863340563991,2082_right.jpg
0.06590576171875,0.9017595851083534,0.5450782433114588,0,1,0,0,1.6171428571428572,136_right.jpg
0.05775390625,0.5474298275278999,0.32093338760005424,0,1,0,0,2.808641975308642,2635_right.jpg
0.14823486328125,0.6938089826572459,0.5241453729281768,1,1,0,0,3.5359116022099446,2020_left.jpg
0.0096923828125,0.5869017632241813,0.2532695374800638,0,0,0,0,5.181818181818182,1660_left.jpg
0.0,0.0,0.0,0,0,0,0,0.0,295_left.jpg
0.10076171875,0.9889755766621439,0.22957968982933938,1,0,0,1,2.2288732394366195,4018_right.jpg
0.1522265625,0.6998813189633051,0.2823913043478261,1,1,0,1,1.855072463768116,627_left.jpg
0.110419921875,0.6157911028566375,0.20483695652173914,1,1,0,1,1.855072463768116,2610_left.jpg
0.00233642578125,1.0,0.5984990619136961,0,0,0,0,1.0512820512820513,5270_right.jpg
0.84824951171875,0.9997841372541683,0.84824951171875,1,1,1,1,1.0,2548_right.jpg
0.030712890625,0.7796502384737679,0.23078334250596222,0,1,0,0,4.121739130434783,2271_left.jpg
0.00308349609375,0.5162311955661124,0.004632482394366197,1,1,0,1,1.5023474178403755,3969_left.jpg
0.003505859375,0.8642061281337048,0.07654992270376886,0,1,0,1,0.6568047337278107,102_left.jpg
0.00200927734375,1.0,0.5644718792866941,0,1,0,0,0.5,2857_left.jpg
0.59811279296875,1.0,0.7860209188911704,1,1,0,0,1.3141683778234086,2370_left.jpg
0.0347802734375,0.6419345781271936,0.06870177469135802,1,1,0,1,1.9753086419753085,1590_right.jpg
0.48295654296875,0.6493410643062597,0.5499860987544484,1,1,0,1,1.1387900355871887,5124_right.jpg
0.03795654296875,0.4533350485624236,0.20244280375535503,1,0,0,0,2.9627329192546585,3112_left.jpg
0.0032666015625,0.5343796711509716,0.01089443471888613,0,1,0,1,2.980295566502463,116_right.jpg
0.1829931640625,0.846879419377218,0.32263257575757576,1,1,0,1,1.7630853994490359,2136_left.jpg
0.46323974609375,0.9930010593276168,0.5756765776699029,1,1,0,1,1.2427184466019416,1567_left.jpg
0.12399658203125,0.9426844395439957,0.3691061046511628,1,1,0,0,2.9767441860465116,1852_left.jpg
0.05607421875,0.4913357715081853,0.08905086848635235,1,1,0,0,1.588089330024814,2977_right.jpg
0.01195068359375,1.0,0.23133270321361057,1,0,0,0,1.6,2066_right.jpg
0.22223388671875,0.7793292100146111,0.24735597826086955,1,1,0,1,1.1130434782608696,1618_left.jpg
0.0440283203125,0.9785405345458579,0.16450477076605916,1,0,0,1,1.2019867549668874,828_left.jpg
0.51902099609375,0.998527689318927,0.51902099609375,1,1,1,1,1.0,2300_left.jpg
0.07931884765625,0.9650035396595771,0.19861958501962415,0,0,0,1,2.0424028268551235,3118_right.jpg
0.0283203125,0.8867241379310344,0.08113703765877679,0,1,0,0,2.1312741312741315,2926_right.jpg
0.4711083984375,0.9638122778105987,0.4711083984375,1,1,1,1,1.0,980_left.jpg
0.61326171875,0.9630680913404885,0.7201605504587156,1,1,0,0,1.1743119266055047,1555_left.jpg
0.08841796875,0.967196819085487,0.28435929648241204,1,1,0,1,3.2160804020100504,2056_left.jpg
0.13044189453125,0.9846525295251642,0.549454956807898,0,1,0,0,2.7807486631016043,3132_right.jpg
0.0474951171875,0.9279325588567904,0.4002880658436214,1,0,0,0,1.0416666666666667,311_right.jpg
0.0,0.0,0.0,0,0,0,0,0.0,800_right.jpg
0.06419921875,0.9465698205050198,0.2325433321542271,0,1,0,0,1.7120622568093384,5110_right.jpg
0.69294189453125,0.9939083039435717,0.69294189453125,1,1,1,1,1.0,3032_right.jpg
0.166376953125,0.8879057345776838,0.4346173469387755,1,1,0,1,2.6122448979591835,4730_left.jpg
0.0015625,0.35,0.07782101167315175,0,0,0,0,8.03125,3097_right.jpg
0.96056640625,1.0,0.96056640625,1,1,1,1,1.0,3948_right.jpg
0.12193115234375,0.8400576657389424,0.13666538966725045,1,1,1,0,1.1208406304728546,1888_right.jpg
0.09944091796875,0.8037121602710466,0.2066304788961039,1,1,0,0,2.0779220779220777,562_left.jpg
0.42578125,0.9912270642201835,0.49099099099099097,1,1,0,1,1.1531531531531531,1713_right.jpg
0.5055712890625,1.0,0.7320489253393665,1,1,0,0,1.4479638009049773,2310_right.jpg
0.99647216796875,1.0,0.99647216796875,1,1,1,1,1.0,4245_left.jpg
0.979111328125,0.9997257158815491,0.979111328125,1,1,1,1,1.0,928_right.jpg
0.303232421875,0.7100012882032785,0.303232421875,1,1,1,1,1.0,3419_left.jpg
0.94919189453125,0.998562202119916,0.94919189453125,1,1,1,1,1.0,1880_left.jpg
0.353173828125,0.9931287156090143,0.6912270642201835,1,1,0,1,1.9571865443425076,106_left.jpg
0.02451416015625,0.9358629618563888,0.3384682801860716,0,1,0,0,3.5824175824175826,2099_right.jpg
0.121240234375,0.9756947241240435,0.22768745472384988,0,0,0,1,1.5264550264550265,4089_left.jpg
0.005830078125,1.0,0.7607518317935649,0,0,0,0,1.697674418604651,3588_left.jpg
0.0215625,0.8497509057971014,0.195853198802528,0,0,0,0,2.1448275862068966,238_left.jpg
0.01673828125,1.0,0.5736278447121821,0,0,0,0,2.3055555555555554,3794_right.jpg
0.13495849609375,0.8969047920548491,0.254788901179941,1,1,0,1,1.887905604719764,5229_left.jpg
0.32025390625,0.8375693724461791,0.4003173828125,1,1,0,1,1.25,2021_left.jpg
0.09293212890625,0.9424142913437541,0.21394446942446044,1,1,0,1,2.302158273381295,3642_left.jpg
0.05674072265625,0.3248999612753324,0.14700468699595817,0,0,0,0,1.2979942693409743,3357_left.jpg
0.45519775390625,0.9964387044178301,0.5066548913043478,1,1,0,1,1.1130434782608696,4160_right.jpg
0.198388671875,0.8685454097957175,0.48647030651340994,1,1,0,0,2.4521072796934864,3852_left.jpg
0.040830078125,0.4786534321932552,0.0730663031701094,1,0,0,1,1.6363636363636365,2898_left.jpg
0.1204638671875,0.6006850147946983,0.29317884729649435,0,1,0,0,2.2254545454545456,4382_right.jpg
0.12992919921875,0.6225220316052538,0.16935781568228106,1,1,0,0,1.3034623217922607,4741_left.jpg
0.0058642578125,0.5874271440466278,0.13010508070631568,0,0,0,0,15.970588235294118,4277_left.jpg
0.03975341796875,0.675858257077934,0.10780587923728814,1,1,0,1,2.711864406779661,1213_right.jpg
0.10105224609375,0.9953129907467807,0.1612803927680798,1,1,0,0,1.5960099750623442,3230_right.jpg
0.0134716796875,0.5433127944907575,0.0504203216374269,1,1,0,0,3.742690058479532,4545_left.jpg
0.00286376953125,0.8695652173913043,0.009112519809825673,1,0,0,0,3.093137254901961,430_left.jpg
0.9999267578125,1.0,0.9999267578125,1,1,1,1,1.0,189_right.jpg
0.08371826171875,0.7305707036831822,0.20067298689138577,1,1,0,0,2.397003745318352,2933_left.jpg
0.0007275390625,0.5234899328859061,0.007471667836726507,1,0,1,0,2.864406779661017,4107_left.jpg
0.1376513671875,0.93873931396545,0.3523875,1,1,0,1,2.56,3988_left.jpg
0.2424267578125,0.6772543253640557,0.3365577548806941,1,1,0,1,1.3882863340563991,1144_left.jpg
0.00048583984375,1.0,0.6378205128205128,0,0,0,0,0.46153846153846156,1334_right.jpg
0.00041748046875,0.2982456140350877,0.07251908396946564,1,0,0,0,7.277777777777778,2753_right.jpg
0.02175537109375,0.3616878015935361,0.13343815513626833,1,0,0,0,6.057142857142857,4881_right.jpg
0.0302783203125,0.5220125786163522,0.3278957248235201,0,0,0,0,3.18348623853211,3471_left.jpg
0.00413330078125,0.7235676314235086,0.013114271549854372,1,0,0,1,0.8232323232323232,1729_right.jpg
2.197265625e-05,1.0,1.0,0,1,1,0,1.0,4079_left.jpg
0.081650390625,0.6820655423992346,0.37325892857142856,1,1,0,0,4.571428571428571,2111_right.jpg
0.084873046875,0.9426418133701531,0.22823004201680672,1,1,0,1,2.689075630252101,1781_left.jpg
0.70443359375,1.0,0.70443359375,1,1,1,1,1.0,4155_right.jpg
0.0134619140625,0.48295248458469353,0.049826501843417914,1,0,0,0,1.6245210727969348,2063_right.jpg
0.29785400390625,0.9966967483873083,0.5236993475274725,1,1,0,0,1.7582417582417582,1602_right.jpg
0.0,0.0,0.0,0,0,0,0,0.0,2167_left.jpg
0.14599365234375,0.8861519423401729,0.25739927685950414,1,1,0,1,1.7630853994490359,131_right.jpg
0.50440673828125,0.9981074998184942,0.50440673828125,1,1,1,1,1.0,298_right.jpg
0.1523046875,0.9151224672993075,0.20827991452991454,1,1,0,1,1.3675213675213675,5216_right.jpg
0.051748046875,0.6068126061521042,0.2164624183006536,1,1,0,0,4.183006535947713,2824_left.jpg
0.18890869140625,0.9296819468317459,0.3386598389355742,1,1,0,1,1.792717086834734,4874_left.jpg
0.00041259765625,0.8461538461538461,0.1434634974533107,1,0,0,1,3.263157894736842,2679_left.jpg
0.31002197265625,0.8195692404614718,0.41422560020876825,1,1,0,0,1.336116910229645,3770_right.jpg
0.1093017578125,0.8013848559303105,0.230868399339934,1,1,0,1,2.112211221122112,4426_left.jpg
0.2170361328125,0.8222457198137191,0.32915432464454975,1,1,0,1,1.5165876777251184,5042_right.jpg
0.00524169921875,0.49231485794131347,0.06435851318944844,0,1,0,0,5.2125,4420_right.jpg
0.34435546875,0.7453916397254835,0.3716483979763912,1,1,0,1,1.0792580101180438,2821_left.jpg
0.03863037109375,0.9871705744801871,0.07336331602373887,1,1,0,1,1.8991097922848665,2384_left.jpg
0.41017578125,0.9522225132136565,0.5979783599088838,1,1,0,1,1.457858769931663,1025_left.jpg
0.73153564453125,0.9996929618171321,0.8315858126110124,1,1,0,1,1.1367673179396092,1892_left.jpg
0.20244873046875,0.9774851368136706,0.4152794471153846,1,1,0,1,2.051282051282051,5267_left.jpg
0.9333154296875,1.0,0.9333154296875,1,1,1,1,1.0,2357_right.jpg
0.060986328125,0.6306244995996797,0.09982416879795396,1,1,0,0,1.6368286445012787,4113_left.jpg
0.58360595703125,0.9973686962705767,0.58360595703125,1,1,1,1,1.0,617_left.jpg
0.00015380859375,1.0,0.875,1,0,0,1,0.5,642_right.jpg
0.1509619140625,0.9918491444836174,0.31368709415584417,1,1,0,1,2.0779220779220777,5158_right.jpg
0.0,0.0,0.0,0,0,0,0,0.0,245_right.jpg
0.10195068359375,0.5921597739409469,0.1115357905982906,1,1,0,1,1.0940170940170941,2311_left.jpg
0.03800048828125,0.6269193703822679,0.08974285055350553,1,1,0,0,2.3616236162361623,2382_left.jpg
0.09511474609375,0.8878821324982674,0.27175831304626846,1,0,0,1,1.952029520295203,1169_right.jpg
0.0574853515625,0.8953113055296016,0.1782774938481923,0,1,0,1,2.608888888888889,4003_left.jpg
0.75298828125,0.9824948771820611,0.75298828125,1,1,1,1,1.0,278_right.jpg
0.42693359375,1.0,0.8254909365558912,1,1,0,0,1.933534743202417,2768_left.jpg
0.0661474609375,0.801358234295416,0.22760416666666666,1,1,0,0,3.4408602150537635,3604_right.jpg
0.31066162109375,0.6303252728944494,0.31066162109375,1,1,1,1,1.0,5171_right.jpg
0.06005615234375,0.9062970039432497,0.13345811631944443,1,1,0,1,2.2222222222222223,5008_left.jpg
0.00971923828125,0.3896006028636021,0.018135021865889212,1,1,0,1,1.8658892128279883,32_right.jpg
0.0003369140625,0.6594202898550725,0.2589118198874296,0,0,0,0,3.1538461538461537,161_left.jpg
0.03260009765625,0.9937092788137497,0.1012572797864596,0,1,0,1,3.048076923076923,1218_right.jpg
0.3434765625,0.8469947685659047,0.4449898785425101,1,1,0,0,1.2955465587044535,1360_right.jpg
0.427158203125,0.9924212980956082,0.427158203125,1,1,1,1,1.0,3263_left.jpg
0.05912109375,0.6431285100759828,0.06467948717948718,1,1,0,0,1.0940170940170941,2103_right.jpg
0.87327880859375,0.9990746306210598,0.87327880859375,1,1,1,1,1.0,4304_left.jpg
0.50571044921875,0.9995365430942508,0.6813782894736842,1,1,0,1,1.3473684210526315,948_right.jpg
0.5856103515625,0.9953474022996173,0.7664429959100204,1,1,0,1,1.30879345603272,878_right.jpg
0.49682861328125,0.9969091060977587,0.49682861328125,1,1,1,1,1.0,2569_right.jpg
0.0,0.0,0.0,0,0,0,0,0.0,4098_right.jpg
0.10118896484375,0.6008396265109658,0.50594482421875,1,1,0,0,5.0,2100_left.jpg
0.04081787109375,0.6230037681679527,0.31099330357142857,1,1,0,0,7.619047619047619,3830_left.jpg
0.0031884765625,1.0,0.5629310344827586,0,0,0,0,1.45,459_left.jpg
0.22044189453125,0.995414926960008,0.45657868122977346,1,1,0,1,2.071197411003236,4494_right.jpg
0.6965283203125,0.9999894846791776,0.7712424307958478,1,1,1,0,1.1072664359861593,2474_left.jpg
0.01007568359375,0.3440755997092319,0.05148838485914614,0,0,0,0,2.3934426229508197,1897_right.jpg
0.0050146484375,0.4790652385589094,0.05152389313934529,1,0,0,0,5.517647058823529,2352_right.jpg
0.7638623046875,0.9999169005171344,0.8487358940972223,1,1,1,0,1.1111111111111112,975_right.jpg
0.29062744140625,0.9140044186456767,0.35294414136622393,1,1,0,1,1.2144212523719164,2361_right.jpg
0.16624267578125,0.9633148781813109,0.17413308101472996,1,1,0,1,1.0474631751227497,2837_right.jpg
0.0,0.0,0.0,0,0,0,0,0.0,155_left.jpg
0.048759765625,0.4350590827158021,0.1052759196883681,1,0,0,0,1.841121495327103,605_left.jpg
0.016923828125,1.0,0.7494054054054055,0,0,0,0,1.6891891891891893,3656_left.jpg
0.00046875,1.0,0.5925925925925926,0,1,0,0,1.0,74_left.jpg
0.03597900390625,0.9886001221415485,0.2575228043197148,0,0,0,0,2.8380281690140845,3825_right.jpg
0.002412109375,1.0,0.5930372148859544,1,0,0,0,1.4411764705882353,144_right.jpg
0.08632568359375,0.822760824683956,0.13475228658536587,1,1,0,1,1.5609756097560976,1843_right.jpg
0.08775634765625,0.7029906802058701,0.24419157608695652,1,1,0,0,2.782608695652174,714_right.jpg
0.0594287109375,0.46820310574316,0.17288352272727273,1,1,0,1,2.909090909090909,1990_right.jpg
0.0189794921875,0.620272703884744,0.06824087078651686,1,1,0,0,3.595505617977528,1470_left.jpg
0.16646240234375,0.8263350101931567,0.4652224344978166,1,1,0,0,2.7947598253275108,367_left.jpg
0.72228515625,0.9991752521565128,0.72228515625,1,1,1,1,1.0,2417_left.jpg
0.07200927734375,0.488862519071029,0.17523170152091255,1,1,0,1,2.4334600760456273,3132_left.jpg
0.43998291015625,0.9858337448742349,0.8257743768328446,1,1,0,1,1.8768328445747802,3725_left.jpg
0.00042236328125,1.0,0.3844444444444444,0,0,0,0,5.555555555555555,3734_left.jpg
0.24500244140625,1.0,0.6900717900759159,1,0,0,1,2.442622950819672,670_right.jpg
0.34395263671875,0.9739784076148293,0.5112978151992451,0,1,0,1,1.3021739130434782,1701_left.jpg
0.9698876953125,1.0,0.9698876953125,1,1,1,1,1.0,1098_right.jpg
0.03974853515625,0.9483446962717278,0.3958617000583544,0,0,0,0,3.660377358490566,4788_left.jpg
0.0,0.0,0.0,0,0,0,0,0.0,3220_right.jpg
0.02994873046875,0.9945381918969594,0.27420869098712447,0,1,0,0,4.854166666666667,3904_left.jpg
0.07884033203125,0.9876753475985508,0.24258563701923078,1,1,0,0,3.076923076923077,412_left.jpg
0.46150146484375,0.998354767207495,0.5057550299657534,1,1,0,1,1.095890410958904,5122_right.jpg
0.837041015625,1.0,0.837041015625,1,1,1,1,1.0,2492_left.jpg
0.20106201171875,0.9791876631655637,0.41238533028882746,1,0,0,1,1.9748427672955975,3945_right.jpg
0.06871337890625,0.28036951501154733,0.24585509879627526,0,1,0,0,3.456043956043956,123_right.jpg
0.290029296875,0.6301474797131217,0.290029296875,1,1,1,1,1.0,3421_right.jpg
0.63148681640625,0.5846391166680198,0.63148681640625,1,1,1,1,1.0,396_left.jpg
0.0,0.0,0.0,0,0,0,0,0.0,1130_left.jpg
0.7133154296875,0.9977513399549583,0.7133154296875,1,1,1,1,1.0,4132_right.jpg
0.0,0.0,0.0,0,0,0,0,0.0,18_left.jpg
0.0001025390625,0.6428571428571429,0.009608785175017159,1,0,0,0,4.548387096774194,3945_left.jpg
0.27594970703125,0.5256704031708677,0.2881040986949429,1,1,1,0,1.0440456769983686,2072_right.jpg
0.00015869140625,0.6,0.15625,0,0,0,1,6.5,4576_left.jpg
0.169873046875,0.48072722046565103,0.29623637602179836,1,1,0,0,1.7438692098092643,1495_right.jpg
0.11554443359375,0.8978807023474972,0.49977823772915436,0,1,0,0,2.9887640449438204,3416_right.jpg
0.11727294921875,0.9991256375559487,0.4294053493527855,1,0,0,1,3.5706214689265536,4745_right.jpg
0.001484375,1.0,0.8444444444444444,0,1,0,0,0.8,3477_right.jpg
0.66875732421875,0.962828970185052,0.66875732421875,1,1,1,1,1.0,4221_left.jpg
0.033515625,0.9997086247086248,0.3720627693308399,1,0,0,0,1.7074829931972788,1132_left.jpg
0.1795654296875,0.9902651257647859,0.30645833333333333,1,1,0,1,1.7066666666666668,392_left.jpg
0.09646240234375,0.971577535369897,0.20442363410596026,1,1,0,1,2.119205298013245,2656_right.jpg
0.043828125,0.7424799465240641,0.20955315870570107,0,0,0,1,2.7344632768361583,4665_right.jpg
0.61057373046875,0.9998680480305169,0.61057373046875,1,1,1,1,1.0,336_left.jpg
0.78769775390625,0.9986145592159706,0.78769775390625,1,1,1,1,1.0,342_left.jpg
0.22882568359375,0.9983889380861438,0.31630332073434125,1,1,0,1,1.3822894168466522,2540_right.jpg
0.07357177734375,0.7034677285548365,0.16292711937716264,1,1,0,1,2.2145328719723185,3232_left.jpg
0.478525390625,0.983265647639844,0.6572022532188841,1,1,0,0,1.3733905579399142,3937_left.jpg
0.90303466796875,0.9989375018586959,0.9247075,1,1,0,1,1.024,1034_left.jpg
0.1056298828125,0.8209679656080987,0.31864781263809105,1,0,0,0,2.8310502283105023,2604_left.jpg
0.0550732421875,0.543221916836599,0.14850559578670178,1,0,0,0,2.5306122448979593,2422_right.jpg
0.01443603515625,0.6835785557246744,0.031213048986486486,1,1,0,1,2.1621621621621623,5002_right.jpg
0.6624169921875,1.0,0.7968926221804511,1,1,0,1,1.2030075187969924,4835_right.jpg
0.0140576171875,0.7132684960055575,0.6166202612979225,1,0,0,0,4.413043478260869,512_right.jpg
0.03603515625,0.34119241192411925,0.0763658940397351,1,1,0,1,2.119205298013245,361_right.jpg
0.851220703125,0.9997848907244881,0.851220703125,1,1,1,1,1.0,521_left.jpg
0.004306640625,0.5481859410430839,0.012704723218529883,0,1,0,0,2.894977168949772,489_left.jpg
0.0,0.0,0.0,0,0,0,0,0.0,241_right.jpg
0.79677001953125,0.9451857934715664,0.79677001953125,1,1,1,1,1.0,5216_left.jpg
0.0131982421875,0.7393636699963004,0.1338648969889065,0,1,0,0,9.859375,542_left.jpg
0.0005224609375,0.7429906542056075,0.2853333333333333,0,0,0,1,3.3333333333333335,231_left.jpg
0.49874755859375,0.9917713804598433,0.5933056459107807,1,1,0,0,1.1895910780669146,1694_left.jpg
0.17503662109375,0.9932910244786944,0.5438030946601942,1,1,0,1,3.1067961165048543,1275_left.jpg
0.0146044921875,0.7191574724172518,0.09838815789473684,1,1,0,1,6.7368421052631575,3330_left.jpg
0.01483642578125,0.9907849267730788,0.12135553957983865,1,0,0,1,2.0576923076923075,5148_left.jpg
0.01378662109375,0.9433327430494067,0.052044164270441645,1,0,0,1,1.5568181818181819,2617_left.jpg
0.242890625,1.0,0.7230652944938659,0,1,0,0,1.0384615384615385,1490_right.jpg
0.00094970703125,1.0,0.7367424242424242,0,0,0,0,1.0909090909090908,20_left.jpg
0.01452880859375,0.8716182154259788,0.05337411207576953,1,0,0,0,3.403314917127072,2736_right.jpg
0.11328125,0.9991810344827586,0.48596564725596986,0,1,0,0,0.8211143695014663,5137_right.jpg
0.0,0.0,0.0,0,0,0,0,0.0,2863_left.jpg
0.10831298828125,0.9863180435027612,0.14234150410677618,1,1,0,1,1.3141683778234086,3500_left.jpg
0.063662109375,0.44508360177941403,0.23387386094568416,0,1,0,0,3.403314917127072,4832_right.jpg
0.65576171875,0.9993521965748324,0.7261029411764706,1,0,1,1,0.903125,5239_right.jpg
0.529326171875,0.999395789900928,0.6148253176043558,1,1,0,1,1.161524500907441,1571_left.jpg
0.22228515625,0.38150206484491694,0.3092663043478261,1,1,0,1,1.391304347826087,4292_left.jpg
0.0657470703125,0.4025621982918678,0.08821409853249476,1,1,0,1,1.3417190775681342,910_right.jpg
0.0,0.0,0.0,0,0,0,0,0.0,460_left.jpg
0.021884765625,0.4865015618027666,0.2601880877742947,1,0,0,0,10.241379310344827,5259_right.jpg
0.74528564453125,0.9999672420062306,0.74528564453125,1,1,1,1,1.0,2367_right.jpg
0.16526611328125,0.9145111015910065,0.3513963870431894,1,1,0,1,2.12624584717608,2238_left.jpg
0.0665869140625,0.6654322798269414,0.33469137317462266,0,1,0,0,3.8758620689655174,2246_right.jpg
0.0,0.0,0.0,0,0,0,0,0.0,5273_left.jpg
0.80669921875,0.9982325739050432,0.80669921875,1,1,1,1,1.0,4409_right.jpg
0.62037109375,0.999197179107767,0.62037109375,1,1,1,1,1.0,929_left.jpg
0.37622314453125,0.9823362599853342,0.4013046875,1,1,0,1,1.0666666666666667,1952_right.jpg
0.0392333984375,0.5920970752955819,0.11900177725118484,1,1,0,1,3.0331753554502368,4358_left.jpg
0.02292724609375,0.8796720264082633,0.25467809296523297,0,1,0,0,3.4757281553398056,2310_left.jpg
0.153544921875,0.9926858741970362,0.4348174778761062,1,1,0,0,2.831858407079646,1010_right.jpg
0.383525390625,0.8510681638784916,0.383525390625,1,1,1,1,1.0,1416_right.jpg
0.08385498046875,0.8435671237662677,0.14907552083333334,1,1,0,1,1.7777777777777777,3503_left.jpg
0.597958984375,0.5145106237036795,0.8523246102449888,1,1,0,1,1.4253897550111359,5184_left.jpg
0.0,0.0,0.0,0,0,0,0,0.0,3992_right.jpg
0.79860595703125,0.997004056751725,0.8448063016528926,1,1,0,1,1.0578512396694215,2502_right.jpg
0.9932568359375,1.0,0.9932568359375,1,1,1,1,1.0,3215_right.jpg
0.0524365234375,0.48389049259707606,0.2523261278195489,1,1,0,0,4.81203007518797,578_left.jpg
0.007841796875,1.0,0.5453310696095076,0,0,0,0,6.129032258064516,2404_right.jpg
0.00109375,1.0,0.8484848484848485,0,0,0,1,4.363636363636363,1672_left.jpg
0.78998291015625,1.0,0.78998291015625,1,1,1,1,1.0,697_right.jpg
0.01878173828125,0.8086572208501235,0.3178925619834711,0,1,0,0,12.5,2703_right.jpg
0.00862548828125,0.9184828757429946,0.062025983146067415,1,1,0,0,7.191011235955056,2118_left.jpg
0.6961279296875,0.999077626659746,0.8235154805914973,1,1,0,1,1.1829944547134936,680_right.jpg
0.0281591796875,0.9852609675741286,0.2117729142185664,1,0,0,0,1.608695652173913,2766_right.jpg
0.55626953125,0.9732892103507601,0.7106037924151697,1,1,0,1,1.2774451097804391,4134_left.jpg
0.164267578125,0.9843499197431782,0.4224683544303797,1,0,0,0,1.4107142857142858,3026_left.jpg
0.76201416015625,0.9999967961143275,0.76201416015625,1,1,1,1,1.0,2783_right.jpg
0.02291748046875,0.46180888462767655,0.06170380595543285,1,0,0,1,1.396969696969697,1117_right.jpg
0.0,0.0,0.0,0,0,0,0,0.0,433_left.jpg
0.0,0.0,0.0,0,0,0,0,0.0,3070_left.jpg
9.521484375e-05,1.0,0.9285714285714286,1,0,0,1,0.8571428571428571,1355_left.jpg
0.6863818359375,0.9991570096250293,0.7560832616179002,1,1,0,1,1.1015490533562822,5220_right.jpg
0.55135009765625,0.9993579326316349,0.6865059581712062,1,1,0,1,1.245136186770428,776_left.jpg
0.09480224609375,0.8871777703381319,0.237005615234375,1,1,0,1,2.5,1246_right.jpg
0.00866455078125,0.6658213581290504,0.17383424764890282,0,0,0,0,1.5172413793103448,4093_left.jpg
0.0,0.0,0.0,0,0,0,0,0.0,3796_left.jpg
0.00757080078125,0.6352789422766849,0.18320926385442515,0,0,0,0,1.956989247311828,3595_left.jpg
0.29136962890625,0.9950898655159411,0.29136962890625,1,1,1,1,1.0,4028_left.jpg
0.21826416015625,0.6647464793458686,0.6353473762010348,1,0,0,0,2.3252032520325203,3385_left.jpg
0.38349853515625,0.9919850268332898,0.719762646627566,1,1,0,1,1.8768328445747802,1780_right.jpg
0.0927490234375,0.842721768886549,0.29385829207920794,1,1,0,0,3.1683168316831685,5106_right.jpg
0.078935546875,0.8006309538537671,0.1739008831660589,1,0,0,1,2.1077441077441077,1610_left.jpg
0.13653076171875,0.9329435116141838,0.24071539256198346,1,1,0,0,1.7630853994490359,534_right.jpg
0.174306640625,0.9968625693316152,0.22003205128205128,1,1,0,1,1.26232741617357,1636_left.jpg
0.0620703125,0.9884754562617999,0.135580204778157,1,1,0,1,2.1843003412969284,4808_right.jpg
0.45632568359375,0.9210265848451937,0.45632568359375,1,1,1,1,1.0,3902_left.jpg
0.09029052734375,0.539815590947192,0.19841091010536707,1,0,0,1,2.1564625850340136,644_left.jpg
0.04615966796875,0.3835616438356164,0.12730272017236735,0,1,0,0,2.6893617021276595,1114_right.jpg
0.16138671875,0.5991165436282222,0.2732473544973545,1,1,0,1,1.693121693121693,5071_left.jpg
0.07474609375,0.833943036320878,0.3267309826688295,1,0,0,0,1.918552036199095,4642_left.jpg
0.26933349609375,0.7051731795973495,0.30562666223404256,1,1,0,0,1.1347517730496455,4375_left.jpg
0.0701416015625,0.7269752871562827,0.17604166666666668,1,1,0,1,2.5098039215686274,1238_right.jpg
0.137080078125,0.5100270713115338,0.14242086038961038,1,1,0,1,1.0389610389610389,4565_left.jpg
0.39723388671875,0.9617471897336931,0.5467305107526882,1,1,0,0,1.3763440860215055,2803_right.jpg
0.27089111328125,0.3450976504411619,0.27089111328125,1,1,1,1,1.0,4258_left.jpg
0.38306884765625,0.6029444568369395,0.47604672330097086,1,1,0,1,1.2427184466019416,4258_right.jpg
0.89104736328125,1.0,0.89104736328125,1,1,1,1,1.0,2595_left.jpg
0.4709228515625,0.9965835450256623,0.49086421009771986,1,1,1,0,1.0423452768729642,585_left.jpg
0.1589990234375,0.9833860516537174,0.31976236068149455,1,0,0,0,0.9419354838709677,5277_left.jpg
0.04392822265625,0.9869393653087312,0.16641694413614502,1,0,0,1,2.4056603773584904,5156_left.jpg
0.070830078125,0.7846408382738177,0.1933437295906807,1,0,1,0,0.4750889679715303,225_left.jpg
0.1252197265625,0.6828621563657633,0.3035629734848485,1,1,0,0,2.4242424242424243,4149_left.jpg
0.0671142578125,0.5800654783557657,0.23217905405405406,1,1,0,0,3.4594594594594597,4609_left.jpg
0.78599853515625,0.9999006041404588,0.8048625,1,1,0,1,1.024,2781_right.jpg
0.175009765625,0.6173344121421795,0.5957779255319149,1,1,0,0,3.404255319148936,599_left.jpg
0.71331298828125,0.9999486605538499,0.71331298828125,1,1,1,1,1.0,2147_right.jpg
0.07520751953125,0.4589190066547638,0.20055338541666667,1,1,0,0,2.6666666666666665,3158_left.jpg
0.06455810546875,0.49642627538478995,0.3531383547008547,1,1,0,0,5.47008547008547,4448_right.jpg
0.3620849609375,0.8771424718495044,0.3620849609375,1,1,1,1,1.0,2544_left.jpg
0.2100439453125,0.5565357881767673,0.3027660472972973,1,1,0,1,1.4414414414414414,600_left.jpg
0.1233203125,0.4636324041811847,0.3023946360153257,1,1,0,0,2.4521072796934864,3289_left.jpg
0.188662109375,0.9494280242248564,0.2923577481840194,1,1,0,1,1.549636803874092,4501_left.jpg
0.02936767578125,0.8580098096267353,0.1503625,1,1,0,0,5.12,3254_right.jpg
0.2068603515625,0.9781069278885873,0.29720751910820203,1,0,0,1,1.1922290388548058,5023_left.jpg
0.01329833984375,0.6221773453277033,0.1302860696517413,1,0,0,0,9.313432835820896,2107_right.jpg
0.6749658203125,0.9988859389581359,0.7538885253054102,1,1,0,1,1.1169284467713787,4157_left.jpg
0.10102783203125,0.5225103308281579,0.30355780516431924,1,1,0,0,3.004694835680751,195_right.jpg
0.0290625,0.4593413978494624,0.1631578947368421,1,1,0,0,5.614035087719298,821_left.jpg
0.040732421875,0.2716974346679453,0.0863203642384106,1,1,0,1,2.119205298013245,2961_left.jpg
0.16800537109375,0.9641647896534186,0.3840122767857143,1,1,0,0,2.2857142857142856,859_left.jpg
0.01452880859375,0.8716182154259788,0.05337411207576953,1,0,0,0,3.403314917127072,2731_right.jpg
0.139765625,0.6606693683622136,0.262316715542522,1,1,0,1,1.8768328445747802,1767_left.jpg
0.063515625,0.574569495694957,0.3359504132231405,1,1,0,0,5.289256198347108,3280_right.jpg
0.03349609375,0.42259475218658893,0.21875,1,1,0,0,6.530612244897959,2629_left.jpg
0.9817041015625,1.0,0.9817041015625,1,1,1,1,1.0,3946_right.jpg
0.4775341796875,0.9967177578502847,0.5418827570921986,1,1,0,1,1.1347517730496455,1714_right.jpg
0.18346435546875,0.9992681011883375,0.37513478434504793,1,1,0,0,2.0447284345047922,5326_right.jpg
0.09815673828125,0.4144260664096505,0.2166217672413793,1,1,0,1,2.206896551724138,1608_right.jpg
0.23155029296875,0.9974905897114178,0.585739871541502,1,1,0,0,2.5296442687747036,1011_right.jpg
0.21658935546875,0.8272670912472524,0.35271548982188294,1,1,0,1,1.6284987277353689,4693_right.jpg
0.01017333984375,0.6220302375809935,0.47699175824175827,0,0,0,0,1.2380952380952381,512_left.jpg
0.30783203125,0.8710583084829643,0.4472680706757902,1,0,0,1,1.2389937106918238,1891_left.jpg
0.048017578125,0.5596400244051251,0.24197834645669292,1,1,0,0,5.039370078740157,1655_left.jpg
0.0087646484375,0.992757660167131,0.140234375,1,1,0,0,16.0,4890_right.jpg
0.00543701171875,0.5568028738212842,0.329048463356974,0,0,0,0,2.9375,3652_left.jpg
0.0517578125,0.8922641509433962,0.3223844282238443,0,0,0,0,4.566666666666666,3857_right.jpg
0.54648193359375,0.9961043428535689,0.6912024456521739,1,1,0,1,1.2648221343873518,1744_right.jpg
0.99596923828125,1.0,0.99596923828125,1,1,1,1,1.0,3034_right.jpg
0.82147216796875,1.0,0.8647075452302632,1,1,0,1,1.0526315789473684,1431_left.jpg
0.28059326171875,0.7351715377052318,0.3059279173764906,1,1,1,0,1.090289608177172,3367_right.jpg
0.03010986328125,0.5559879996756669,0.20945991847826087,1,1,0,0,6.956521739130435,3597_right.jpg
0.02414306640625,0.44979269895843865,0.050312385526476454,0,1,0,1,2.032154340836013,1191_right.jpg
0.03392822265625,0.9232208390300065,0.07645796654929578,1,1,0,1,2.2535211267605635,2441_left.jpg
0.2053662109375,0.7130578473097315,0.40071455792682925,1,1,0,1,1.951219512195122,4218_left.jpg
0.71927978515625,0.9998506535603852,0.7672317708333334,1,1,0,1,1.0666666666666667,952_left.jpg
0.05609130859375,0.5970837867247007,0.11581425359666898,1,0,0,1,1.925233644859813,467_right.jpg
0.1261767578125,0.9366123602027785,0.30373661506635163,1,0,0,0,2.2664233576642334,4349_right.jpg
0.46675537109375,0.9788841058043863,0.7045364091981132,1,1,0,1,1.509433962264151,4433_right.jpg
0.3242333984375,0.8384184449497764,0.405291748046875,1,1,0,1,1.25,5303_right.jpg
0.85721923828125,0.9998291167901298,0.934617227427598,1,1,0,1,1.090289608177172,311_left.jpg
0.41381591796875,0.9777697803526865,0.41381591796875,1,1,1,1,1.0,2601_left.jpg
0.94004638671875,1.0,0.9688078703703704,1,1,0,1,1.0305958132045088,191_right.jpg
0.0157275390625,0.9837007140639553,0.16036843415484192,0,1,0,0,9.507692307692308,152_right.jpg
0.0613232421875,0.5805796639859861,0.07148793260473588,1,1,0,0,1.1657559198542806,532_right.jpg
0.740341796875,0.9982753162469826,0.7473481861198739,1,1,1,0,1.0094637223974763,3644_right.jpg
0.27205322265625,1.0,0.4175397182254197,1,1,0,0,1.5347721822541966,5055_right.jpg
0.05492431640625,0.8396675112237187,0.21178630265944928,0,1,0,0,3.4685714285714284,1042_left.jpg
0.22125732421875,0.8770675405784149,0.22125732421875,1,1,1,1,1.0,1803_left.jpg
0.02414306640625,0.44979269895843865,0.050312385526476454,0,1,0,1,2.032154340836013,1187_right.jpg
0.0190185546875,1.0,0.43548747763864043,0,1,0,0,1.6538461538461537,3073_left.jpg
0.0170751953125,0.6283957678009723,0.06204314810872188,0,1,0,0,1.8934426229508197,573_right.jpg
0.04876953125,0.4075390468562275,0.13629912663755459,1,1,0,1,2.7947598253275108,1346_left.jpg
0.0788427734375,0.5725831423793893,0.21529333333333334,0,1,0,0,2.6041666666666665,4805_left.jpg
0.04965087890625,0.8080346167084624,0.2193661819907667,1,0,0,0,3.909090909090909,5203_right.jpg
0.25243896484375,0.935831100881053,0.3444796108742004,1,1,0,0,1.3646055437100213,3716_left.jpg
0.0085791015625,0.3500284575981787,0.053926307874100333,1,0,0,0,5.691588785046729,4227_right.jpg
0.22379150390625,0.7719085801560028,0.29525162337662336,0,1,0,0,1.1136363636363635,1406_left.jpg
0.1560009765625,0.9989984037059063,0.36006987490138626,1,0,0,1,1.2289473684210526,3718_right.jpg
0.45701171875,0.9896523355698962,0.45701171875,1,1,1,1,1.0,735_right.jpg
0.07999755859375,0.9904171880245369,0.22068292025862069,1,1,0,1,2.7586206896551726,1058_left.jpg
0.0195947265625,0.9459257413406429,0.05182076446280992,1,1,0,0,2.644628099173554,1389_left.jpg
0.23219970703125,0.5468883071002745,0.2616334727112676,1,1,0,0,1.1267605633802817,579_right.jpg
0.349462890625,0.9934539611569093,0.5980113636363636,1,1,0,1,1.7112299465240641,4465_left.jpg
0.12193115234375,0.8400576657389424,0.13666538966725045,1,1,1,0,1.1208406304728546,1887_right.jpg
0.22607421875,0.6524082073434125,0.47438524590163933,1,1,0,1,2.098360655737705,4637_left.jpg
0.08690185546875,0.4091866835229667,0.20619243468690263,1,0,0,1,2.1554770318021204,4823_left.jpg
0.12319091796875,0.8920311540062229,0.3285091145833333,1,1,0,0,2.6666666666666665,3180_left.jpg
0.01917724609375,0.42851686823679186,0.0894606168283905,1,0,0,0,3.345679012345679,1479_right.jpg
0.0059814453125,0.7461224489795918,0.016571969696969696,1,1,0,0,2.7705627705627704,1977_right.jpg
0.58839111328125,0.9906308997738636,0.58839111328125,1,1,1,1,1.0,2577_right.jpg
0.11345947265625,0.5953349256557571,0.232365,0,1,0,1,1.953125,4452_right.jpg
0.996689453125,1.0,0.996689453125,1,1,1,1,1.0,4772_right.jpg
0.0,0.0,0.0,0,0,0,0,0.0,4037_left.jpg
0.0243603515625,0.8984766486269794,0.19099940659635153,1,0,0,0,3.689075630252101,4047_right.jpg
0.06354736328125,0.3554112720427216,0.17837856359649124,1,1,0,0,2.807017543859649,3242_right.jpg
0.19244384765625,0.9017824294322867,0.20459146594684385,1,1,0,1,1.06312292358804,4499_right.jpg
0.0170263671875,0.7678520217952395,0.2136642156862745,1,1,0,0,12.549019607843137,4885_right.jpg
0.31544189453125,0.9998297279517047,0.5668526854264831,0,1,0,1,1.4104477611940298,1951_left.jpg
0.49684326171875,0.7992059241205463,0.6079917543021033,1,1,0,1,1.2237093690248566,3273_right.jpg
0.3062939453125,0.9705080584737522,0.5158634868421053,1,1,0,1,1.6842105263157894,2316_right.jpg
0.37507080078125,0.9955802615391626,0.4572291666666667,1,1,0,1,1.2190476190476192,368_right.jpg
0.0267529296875,0.5062055119547363,0.3065003356455583,1,0,0,0,3.0091743119266057,2079_right.jpg
0.0155859375,0.7553258145363408,0.12469237079573421,0,0,0,0,4.556603773584905,2759_right.jpg
0.11635009765625,0.9276916297710724,0.26689628136200716,1,1,0,1,2.293906810035842,1963_left.jpg
0.1470458984375,0.7103602855719741,0.28176459580838326,1,1,0,0,1.9161676646706587,1573_right.jpg
0.416455078125,0.9780630789072576,0.416455078125,1,1,1,1,1.0,3420_left.jpg
0.2052685546875,0.8504721805942101,0.21465992647058824,1,1,0,1,1.0457516339869282,4071_right.jpg
0.197646484375,0.89511586540837,0.29280960648148147,1,1,0,1,1.4814814814814814,376_right.jpg
0.23128662109375,0.9683327175806197,0.34106782834101385,1,1,0,1,1.4746543778801844,2895_right.jpg
0.5486962890625,0.6403806964306372,0.6327308558558559,1,1,0,1,1.1531531531531531,1640_right.jpg
0.09818603515625,0.9996021582912699,0.26105442176870747,0,1,0,1,2.2442748091603053,3141_left.jpg
0.0095556640625,0.6614716402657128,0.05236820979395237,1,0,0,0,3.4121621621621623,2118_right.jpg
0.0,0.0,0.0,0,0,0,0,0.0,159_left.jpg
0.89491455078125,0.9997681124627275,0.89491455078125,1,1,1,1,1.0,1089_right.jpg
0.04392822265625,0.9869393653087312,0.16641694413614502,1,0,0,1,2.4056603773584904,5152_left.jpg
0.5183447265625,1.0,0.789858630952381,1,1,0,0,1.5238095238095237,4536_right.jpg
0.19565673828125,0.9279020725970477,0.5444361413043478,1,1,0,0,2.782608695652174,1477_left.jpg
3.662109375e-05,0.6,0.007861635220125786,1,0,0,1,212.0,3069_right.jpg
0.0113623046875,0.30210571551353677,0.09265010351966874,1,0,0,0,6.065934065934066,2762_left.jpg
0.9966455078125,1.0,0.9966455078125,1,1,1,1,1.0,4251_left.jpg
0.33025146484375,0.6330699115109669,0.33025146484375,1,1,1,1,1.0,5122_left.jpg
0.90644775390625,0.9995205787530199,0.90644775390625,1,1,1,1,1.0,2501_right.jpg
0.00083984375,1.0,0.6454033771106942,0,0,0,1,3.1538461538461537,3618_left.jpg
0.2331103515625,0.6043756938480551,0.466220703125,1,1,0,0,2.0,1096_left.jpg
0.0,0.0,0.0,0,0,0,0,0.0,77_left.jpg
0.2572265625,0.993830675778284,0.3855386416861827,1,0,1,1,0.6671875,3511_left.jpg
0.3993310546875,0.9991318489172566,0.4794969512195122,1,1,0,1,1.200750469043152,1781_right.jpg
0.0,0.0,0.0,0,0,0,0,0.0,4049_right.jpg
0.0051513671875,0.5151658767772512,0.127894290216996,0,1,0,0,1.2920353982300885,33_right.jpg
0.14014892578125,0.8489504398571553,0.2973612780241184,0,1,0,0,0.8665254237288136,4752_left.jpg
0.01645751953125,0.7314938436433763,0.20255408653846155,1,1,0,0,12.307692307692308,494_left.jpg
0.1249072265625,0.4425159297916422,0.24224431818181819,1,1,0,1,1.9393939393939394,4311_right.jpg
0.4910888671875,0.6079642058165549,0.4910888671875,1,1,1,1,1.0,698_right.jpg
0.079267578125,0.7578230873475422,0.2757133152173913,1,1,0,0,3.4782608695652173,2480_right.jpg
0.23082763671875,0.9968481284440542,0.275615088619403,1,1,0,0,1.1940298507462686,3962_left.jpg
0.0410009765625,0.9396212933190425,0.19014945652173912,1,1,0,1,4.63768115942029,286_right.jpg
0.15826171875,0.9541527829199062,0.44620044052863433,1,1,0,1,2.8193832599118944,3960_left.jpg
0.040595703125,0.7411594900168391,0.3818315422063011,0,0,0,0,3.3508771929824563,3582_left.jpg
0.1402734375,0.9581418824839878,0.4700261780104712,1,1,0,0,3.350785340314136,1053_right.jpg
0.0568603515625,0.9940317732932589,0.46431419457735246,0,0,0,0,1.8424242424242425,2512_right.jpg
0.0,0.0,0.0,0,0,0,0,0.0,2329_left.jpg
0.9248974609375,0.9999762431435073,0.9248974609375,1,1,1,1,1.0,2093_right.jpg
0.00176513671875,0.6514522821576764,0.2206959706959707,0,1,0,0,2.1538461538461537,2973_left.jpg
0.0055419921875,0.9374449339207048,0.09377065432914738,0,0,0,0,3.056179775280899,2744_right.jpg
0.9941064453125,0.9999508823977249,0.9941064453125,1,1,1,1,1.0,2557_left.jpg
0.0,0.0,0.0,0,0,0,0,0.0,1815_left.jpg
0.80230712890625,0.9962175732217573,0.80230712890625,1,1,1,1,1.0,2358_right.jpg
0.54210693359375,0.9995046093844997,0.6033885869565218,1,1,0,0,1.1130434782608696,1690_left.jpg
2.44140625e-05,0.9,0.03333333333333333,0,0,0,0,8.333333333333334,2865_left.jpg
0.48615234375,1.0,0.8274933510638298,1,1,0,1,1.702127659574468,3890_left.jpg
0.13737060546875,0.9846624131373629,0.17548340818363273,1,1,0,1,1.2774451097804391,5117_left.jpg
0.5335498046875,0.9909353808421264,0.7234573622881356,1,1,0,1,1.3559322033898304,1000_right.jpg
0.04275634765625,0.8382915548449723,0.26302114622131445,0,1,0,0,4.948275862068965,4788_right.jpg
0.02423583984375,0.775460864309459,0.20525597551898106,1,0,0,0,4.224299065420561,3160_right.jpg
0.141181640625,0.8177526457771321,0.16889018691588786,1,1,0,1,1.1962616822429906,1151_right.jpg
0.0001416015625,1.0,0.7160493827160493,1,0,0,1,1.0,3091_left.jpg
0.004453125,1.0,0.7755102040816326,0,1,0,0,1.0208333333333333,3793_left.jpg
0.0124951171875,0.5482610394685424,0.12544117647058822,0,0,0,0,7.253333333333333,5283_left.jpg
0.00312744140625,0.8360655737704918,0.013899739583333333,1,1,0,0,4.444444444444445,4984_left.jpg
0.00115966796875,0.7431578947368421,0.004340277777777778,1,1,0,1,3.742690058479532,1216_right.jpg
0.22952880859375,0.8337499335212466,0.4013618510928962,1,1,0,0,1.7486338797814207,2782_left.jpg
0.756416015625,0.9980053449010419,0.756416015625,1,1,1,1,1.0,4771_left.jpg
0.03361083984375,0.5580736543909348,0.11565020161290322,1,0,0,1,3.2291666666666665,1237_left.jpg
0.00976318359375,0.3493373343335834,0.02807616159063145,1,0,0,0,1.046070460704607,1410_left.jpg
0.16726318359375,0.6125293748449154,0.19598425512194842,1,0,0,0,1.1389891696750902,3519_right.jpg
0.136328125,0.8035279369627507,0.17661943319838055,1,1,0,1,1.2955465587044535,3877_left.jpg
0.020615234375,0.5863334912363809,0.0777747075619416,0,1,0,0,1.9659574468085106,2271_right.jpg
0.26236572265625,0.8265667891871772,0.26236572265625,1,1,1,1,1.0,584_left.jpg
0.00574951171875,0.5346072186836518,0.06284860291959116,0,0,0,0,3.6732673267326734,4042_left.jpg
0.3553466796875,0.8140913775334937,0.40538658645276293,1,1,0,1,1.1408199643493762,1883_right.jpg
0.0483837890625,0.6707034009486326,0.09383522727272728,1,1,0,1,1.9393939393939394,2249_right.jpg
0.08558349609375,0.7881899871630296,0.1355778155940594,1,1,0,1,1.5841584158415842,4152_left.jpg
0.97590087890625,1.0,0.97590087890625,1,1,1,1,1.0,3223_right.jpg
0.04943115234375,0.8313824270262261,0.1286013719512195,1,1,0,1,2.6016260162601625,2942_right.jpg
0.0722607421875,0.6368673559024258,0.17787259615384615,1,1,0,0,2.4615384615384617,2299_right.jpg
0.2194580078125,0.9444654577817332,0.3024766135002355,0,1,0,0,1.356837606837607,3397_left.jpg
0.0265380859375,0.3296228150873965,0.05757415254237288,1,1,0,0,2.169491525423729,4446_left.jpg
5.615234375e-05,1.0,0.9583333333333334,0,1,0,1,1.5,4109_right.jpg
0.297607421875,0.8828547990155865,0.41780915821222925,0,1,0,1,1.0748560460652592,363_left.jpg
0.03288330078125,0.7725889078624991,0.15205807311070468,0,1,0,0,3.0292397660818713,4082_left.jpg
0.01215087890625,0.9385171790235082,0.1280421919217906,0,0,0,0,2.3,3198_left.jpg
0.0057470703125,1.0,0.8569348380050965,0,1,0,1,1.6341463414634145,3088_right.jpg
0.42288818359375,0.9927200300204948,0.6585120133819952,1,1,0,1,1.5571776155717763,3403_left.jpg
0.60147705078125,0.9950033486899519,0.60147705078125,1,1,1,1,1.0,1948_left.jpg
0.0327001953125,0.8393310437509333,0.18325853765323993,0,1,0,0,4.4609375,23_right.jpg
0.1429296875,0.691309100847226,0.3154310344827586,1,1,0,1,2.206896551724138,3328_right.jpg
0.0,0.0,0.0,0,0,0,0,0.0,2798_left.jpg
0.035830078125,0.9053556827473426,0.174564658863831,0,1,0,0,2.4301075268817205,4120_right.jpg
0.124931640625,0.9991596967091378,0.3765000183938491,1,0,0,1,2.7828054298642533,1532_right.jpg
0.088779296875,0.512979870201298,0.21280430711610487,1,1,0,1,2.397003745318352,4429_left.jpg
0.234521484375,0.9526337705600666,0.31466194968553457,1,1,0,0,1.3417190775681342,4791_left.jpg
0.21927734375,0.9797474837445445,0.45712540716612377,1,1,0,0,2.0846905537459284,2691_right.jpg
0.19452392578125,0.8546255506607929,0.34296229338842976,1,1,0,1,1.7630853994490359,3844_right.jpg
0.090205078125,0.9928277579300638,0.18683252427184466,1,1,0,1,2.071197411003236,4696_left.jpg
0.04345947265625,0.5303072861075221,0.17417808219178083,0,1,0,0,3.337142857142857,2932_left.jpg
0.02673828125,0.5412710007304602,0.17285353535353534,1,1,0,0,6.4646464646464645,2277_left.jpg
0.0640283203125,0.8125524288873637,0.213427734375,1,1,0,0,3.3333333333333335,4498_right.jpg
0.08623779296875,0.9130311694929649,0.16674376888217524,1,1,0,1,1.933534743202417,2730_left.jpg
0.10607421875,0.5431320198858406,0.20824386503067485,1,1,0,1,1.9631901840490797,4168_right.jpg
0.08385498046875,0.8435671237662677,0.14907552083333334,1,1,0,1,1.7777777777777777,3502_left.jpg
0.00154296875,1.0,0.5249169435215947,0,0,0,0,1.5357142857142858,1045_left.jpg
0.026083984375,0.5219955073006365,0.09374561280359399,1,0,0,0,1.5404411764705883,2461_left.jpg
0.2112744140625,0.9558690979685225,0.27206363179074444,1,1,0,1,1.2877263581488934,3525_right.jpg
0.029326171875,0.7738095238095238,0.05100203804347826,1,1,0,0,1.7391304347826086,3860_right.jpg
0.00097412109375,0.5839598997493735,0.11931818181818182,0,0,0,0,9.263157894736842,103_right.jpg
0.172216796875,0.9919903600793876,0.27903481012658227,1,1,0,1,1.620253164556962,1031_right.jpg
0.1325732421875,0.5574932783322898,0.4820845170454545,1,1,0,0,3.6363636363636362,3022_left.jpg
0.14622314453125,0.9324795885996694,0.3119427083333333,1,1,0,1,2.1333333333333333,1502_right.jpg
0.76760986328125,0.9999395699287243,0.76760986328125,1,1,1,1,1.0,1563_left.jpg
0.68129638671875,0.9999749156988307,0.7530737262521588,1,1,0,1,1.1053540587219344,4693_left.jpg
0.18968505859375,0.9970268357037132,0.29609375,1,1,0,0,1.5609756097560976,3231_right.jpg
0.0421728515625,0.9884219057543129,0.16869140625,1,1,0,1,4.0,3074_left.jpg
0.0182568359375,0.3629312650441294,0.19473958333333333,1,1,0,0,10.666666666666666,5181_right.jpg
0.05741943359375,0.46928015646923765,0.2161672794117647,1,1,0,0,3.764705882352941,4813_right.jpg
0.71036865234375,0.7358875748796255,0.71036865234375,1,1,1,1,1.0,1739_left.jpg
0.07787109375,0.4293014798093805,0.12067191283292979,1,1,0,1,1.549636803874092,2298_right.jpg
0.4608056640625,0.6176395791169085,0.5210523409893993,1,1,1,0,1.1307420494699647,5115_right.jpg
0.71142822265625,0.9994577918401104,0.71142822265625,1,1,1,1,1.0,2043_left.jpg
0.0,0.0,0.0,0,0,0,0,0.0,3093_right.jpg
0.44272216796875,0.996955977478645,0.5512493920233463,1,1,0,1,1.245136186770428,1348_right.jpg
0.175751953125,0.9605073067733512,0.20121869409660106,1,1,0,1,1.144901610017889,3369_left.jpg
0.0607373046875,0.8980625452206769,0.16611912393162392,1,1,0,1,2.735042735042735,5089_right.jpg
0.11435546875,0.5785439795046968,0.280411877394636,1,1,0,1,2.4521072796934864,1989_right.jpg
0.06719482421875,0.663227119136722,0.2829255756578947,1,1,0,0,4.2105263157894735,407_left.jpg
0.15115234375,0.876227548778912,0.3370644599303136,1,1,0,1,2.229965156794425,4334_right.jpg
0.0520068359375,1.0,0.5036648224334421,1,0,0,0,3.254385964912281,4205_left.jpg
0.05869873046875,0.9967974046500021,0.5199610726643599,0,1,0,0,7.225,4466_right.jpg
0.00322509765625,0.9689629068887207,0.2433677229182019,0,1,0,0,2.5652173913043477,587_right.jpg
0.0180517578125,0.8482553421693265,0.20958049886621316,0,1,0,0,4.355555555555555,3906_right.jpg
0.1168212890625,0.5476071055381401,0.322265625,1,1,0,0,2.7586206896551726,901_left.jpg
0.062724609375,0.7176163786392652,0.15930059523809523,1,1,0,1,2.5396825396825395,3570_left.jpg
0.59762451171875,0.9977327227344589,0.59762451171875,1,1,1,1,1.0,2883_right.jpg
1.220703125e-05,1.0,0.5,0,0,0,1,0.4,3090_left.jpg
0.61945556640625,0.9998817636139345,0.8417230626326964,1,1,0,1,1.3588110403397027,1338_right.jpg
0.78905517578125,1.0,0.78905517578125,1,1,1,1,1.0,2938_left.jpg
0.3915283203125,0.9817546922741162,0.6629050925925926,1,1,0,1,1.693121693121693,3765_right.jpg
0.5973193359375,1.0,0.6236286704730832,1,1,1,0,1.0440456769983686,3646_right.jpg
0.0165478515625,0.9010032457952198,0.04171076923076923,1,0,0,1,2.4038461538461537,4819_right.jpg
0.0,0.0,0.0,0,0,0,0,0.0,5274_left.jpg
0.01570068359375,0.8435702068107603,0.23695652173913043,0,0,0,0,1.9491525423728813,3267_left.jpg
0.14929443359375,0.8872790305963926,0.41362959956709955,1,1,0,0,2.7705627705627704,3983_left.jpg
0.126904296875,0.8987879953828396,0.3981311274509804,1,1,0,0,3.1372549019607843,279_left.jpg
0.2788232421875,0.8623539919093568,0.3039980834752981,1,1,0,0,1.090289608177172,5323_left.jpg
0.35720458984375,1.0,0.678370734421365,1,1,0,0,1.8991097922848665,528_left.jpg
0.54419921875,0.9957111581667444,0.54419921875,1,1,1,1,1.0,3580_right.jpg
0.1517822265625,0.9853144603506514,0.25165965025906734,1,1,0,0,1.6580310880829014,3743_left.jpg
0.01020263671875,0.6123474515434314,0.028389945652173912,1,1,0,1,2.782608695652174,4393_left.jpg
0.00205078125,0.9357142857142857,0.011903749681149562,0,1,0,0,5.4298245614035086,1598_left.jpg
0.25884765625,0.9939447672225157,0.5209512578616352,1,1,0,1,2.0125786163522013,1035_right.jpg
0.0,0.0,0.0,0,0,0,0,0.0,3544_right.jpg
0.001201171875,0.7378048780487805,0.07133536320139192,0,1,0,1,57.0,3312_right.jpg
0.22289794921875,0.9282467496905771,0.39516533933518005,1,1,0,1,1.7728531855955678,2699_left.jpg
0.0770703125,0.9595476431829701,0.2005081300813008,1,1,0,1,2.6016260162601625,5099_right.jpg
0.29259765625,0.5816534276750551,0.45812054677227,1,0,0,1,1.455188679245283,1500_left.jpg
0.2252392578125,0.8804764898436992,0.3440408711217184,1,1,0,0,1.5274463007159904,214_left.jpg
0.07901123046875,0.7836418131817199,0.24428592995169082,1,1,0,0,3.0917874396135265,1455_right.jpg
0.01418212890625,0.9774487863659839,0.33836206896551724,0,0,0,0,1.2758620689655173,1222_right.jpg
0.07940185546875,0.6235894597669341,0.39700927734375,1,1,0,1,5.0,351_right.jpg
0.001533203125,0.8742038216560509,0.014830908747402229,0,1,0,1,9.432835820895523,4111_left.jpg
0.0059033203125,0.8746898263027295,0.3489177489177489,1,0,0,0,5.6571428571428575,1064_right.jpg
0.00019287109375,0.7215189873417721,0.12153846153846154,0,0,0,1,3.8461538461538463,3623_right.jpg
0.31056884765625,0.5457161049925713,0.7472333176691729,1,1,0,1,2.406015037593985,4848_left.jpg
0.03234375,0.5207578502415459,0.06993243243243243,1,1,0,1,2.1621621621621623,3509_left.jpg
0.14844482421875,0.4221502228508462,0.3770027281746032,1,1,0,1,2.5396825396825395,1773_left.jpg
0.05291748046875,0.4067358708189158,0.14854029605263158,1,1,0,1,2.807017543859649,1775_right.jpg
0.015185546875,0.8754019292604501,0.020360865238569108,0,0,0,1,1.2827868852459017,2265_left.jpg
0.01228515625,0.49701907790143085,0.12180775096221345,1,0,0,0,3.477064220183486,3587_left.jpg
0.202919921875,0.6805789499013427,0.3865141369047619,1,1,0,1,1.9047619047619047,822_right.jpg
0.87651611328125,0.9991866771024536,0.87651611328125,1,1,1,1,1.0,731_right.jpg
0.02091064453125,0.6482194979568009,0.03112281976744186,1,1,0,0,1.4883720930232558,2759_left.jpg
0.17718994140625,0.9803794590572771,0.6064254679144385,1,1,0,0,3.4224598930481283,1981_right.jpg
0.4079443359375,0.9899218404012113,0.6216294642857143,1,1,0,1,1.5238095238095237,3104_right.jpg
0.02450927734375,0.995816316366172,0.43234280792420327,0,1,0,0,1.3953488372093024,3669_left.jpg
0.13765869140625,0.7630220803405161,0.258362353372434,1,1,0,0,1.8768328445747802,5213_right.jpg
0.00654296875,0.8555970149253731,0.41647241647241645,0,0,0,0,4.230769230769231,3917_left.jpg
0.0,0.0,0.0,0,0,0,0,0.0,242_left.jpg
0.27729736328125,0.7343833915883818,0.3174781976744186,1,1,1,0,1.144901610017889,2012_left.jpg
0.0169091796875,0.6357204735778227,0.040837264150943395,1,1,0,1,2.4150943396226414,4975_left.jpg
0.1209375,0.7097262596899225,0.21322314049586777,1,1,0,1,1.7630853994490359,4408_right.jpg
0.11460205078125,0.44860569651264354,0.24695391414141415,1,1,0,1,2.154882154882155,1020_left.jpg
0.67662841796875,0.9831280872605512,0.67662841796875,1,1,1,1,1.0,4763_right.jpg
0.60169189453125,0.9998011791294892,0.6876478794642857,1,1,0,0,1.1428571428571428,775_left.jpg
0.08097412109375,0.795881448427654,0.17931985294117647,1,1,0,1,2.2145328719723185,2987_right.jpg
0.0100244140625,0.47126156843643446,0.030235418001340195,0,1,0,0,2.4177215189873418,4443_left.jpg
0.0581982421875,0.8509942109237352,0.28540299794071167,0,1,0,0,4.7218045112781954,3428_left.jpg
0.1504638671875,0.8125263670290443,0.23544468215158923,1,1,0,1,1.56479217603912,17_right.jpg
0.14578857421875,0.7029891986937955,0.2535453464673913,1,1,0,1,1.7391304347826086,1862_right.jpg
0.03399658203125,0.9790305206463196,0.10046897546897547,1,0,0,1,2.8636363636363638,5224_left.jpg
0.61978515625,0.9984164749629723,0.752680265654649,1,1,0,1,1.2144212523719164,2035_right.jpg
0.17279052734375,0.9242811727304839,0.2571765988372093,1,1,0,1,1.4883720930232558,5050_left.jpg
0.22323486328125,0.9314172599713464,0.3892924046321526,1,1,0,1,1.7438692098092643,1168_right.jpg
0.0334716796875,0.5713347921225383,0.21891166890208852,1,0,0,0,6.019607843137255,3327_right.jpg
0.7692333984375,1.0,0.7692333984375,1,1,1,1,1.0,1380_right.jpg
0.21645751953125,0.6930442923043953,0.21645751953125,1,1,1,1,1.0,1541_left.jpg
0.0,0.0,0.0,0,0,0,0,0.0,3226_right.jpg
0.34236083984375,0.6470181343640137,0.3580244076797386,1,1,0,1,1.0457516339869282,766_right.jpg
0.512734375,0.9997381151912236,0.526725521669342,1,1,1,0,1.0272873194221508,4206_right.jpg
0.18128662109375,0.949188606827823,0.4094433048810075,0,0,0,1,1.42296918767507,216_left.jpg
0.116025390625,0.992298628061611,0.21295167765987955,0,1,0,1,1.8011363636363635,3379_left.jpg
0.0078515625,0.9850746268656716,0.03454201752878502,1,0,0,1,0.6875,2855_left.jpg
0.54177490234375,0.5684621312147663,0.54177490234375,1,1,1,1,1.0,725_left.jpg
0.000146484375,0.5666666666666667,0.19480519480519481,1,0,0,0,6.285714285714286,5112_left.jpg
0.00315185546875,1.0,0.6586734693877551,0,0,0,0,0.8163265306122449,442_right.jpg
0.50566650390625,0.9894602671868135,0.5366941334991708,1,1,0,1,1.0613598673300166,2626_right.jpg
0.01929443359375,0.9935467543970644,0.11294517807122849,0,0,0,0,3.238095238095238,1623_right.jpg
0.66710693359375,1.0,0.8471199156746032,1,1,0,1,1.2698412698412698,4941_left.jpg
0.44033447265625,0.9152532975532405,0.6630919117647058,1,1,0,1,1.5058823529411764,2447_right.jpg
0.11609619140625,0.6393918364771939,0.3108851987447699,1,1,0,1,2.6778242677824267,872_left.jpg
0.00668701171875,0.24132895217232567,0.10434285714285714,0,0,0,0,10.5,3390_left.jpg
0.2575146484375,0.9938375775043137,0.49196828358208955,1,1,0,1,1.9104477611940298,3926_left.jpg
0.0,0.0,0.0,0,0,0,0,0.0,2673_left.jpg
0.07614013671875,0.34687530060602173,0.2013623450413223,1,1,0,0,2.644628099173554,1016_left.jpg
0.006083984375,1.0,0.712,0,0,0,0,1.4,4510_right.jpg
0.95593994140625,1.0,0.95593994140625,1,1,1,1,1.0,952_right.jpg
0.1518701171875,0.36250522457640744,0.45847582547169813,1,1,0,0,3.018867924528302,2256_left.jpg
0.38667236328125,0.904211995125678,0.5071112961065574,1,1,0,1,1.3114754098360655,3399_left.jpg
0.0275537109375,0.3349282296650718,0.20765027322404372,0,1,0,0,5.545454545454546,2107_left.jpg
0.18059326171875,0.8385177975152425,0.28406027510886844,1,0,0,1,1.5193236714975846,4216_left.jpg
0.08880859375,0.9907081592258632,0.11552337398373984,1,1,0,1,1.3008130081300813,2530_left.jpg
0.13090087890625,0.6341645373668799,0.2849542942176871,1,1,0,1,2.17687074829932,3282_left.jpg
0.81778564453125,0.9998835699252161,0.9055065960207612,1,1,0,0,1.1072664359861593,753_right.jpg
0.014931640625,0.6885219097449313,0.1303939962476548,1,0,0,0,4.336538461538462,3163_right.jpg
0.05063232421875,0.7225517141617243,0.18839934593023255,1,1,0,0,3.7209302325581395,1856_left.jpg
0.101396484375,0.5593999807377444,0.23054889421795896,1,0,0,1,1.0359712230215827,2859_right.jpg
0.10275146484375,0.611994202485328,0.219203125,1,1,0,0,2.1333333333333333,4818_right.jpg
0.06491455078125,0.7846477866787017,0.29030461840812316,0,0,0,0,1.9813953488372094,2852_left.jpg
0.43024658203125,0.996754223198225,0.573662109375,1,1,0,1,1.3333333333333333,4635_right.jpg
0.04090576171875,0.5147120262608177,0.2594416314395875,0,1,0,0,6.087378640776699,1636_right.jpg
0.0249609375,0.6607003129890454,0.07160666760050427,0,0,0,0,2.5635593220338984,3342_right.jpg
0.0875146484375,0.7565976678011493,0.14998828412666532,1,0,0,1,1.629242819843342,215_left.jpg
0.02108642578125,0.74574505036471,0.0541980421686747,1,1,0,1,2.570281124497992,3691_left.jpg
0.058701171875,0.9940525702878057,0.20202325737715937,0,1,0,0,1.7471264367816093,1373_right.jpg
0.8595947265625,0.9999403561589366,0.877417264752791,1,1,0,1,1.0207336523125996,4759_right.jpg
0.05647216796875,0.37853962215209025,0.14341248682497365,1,0,0,1,2.5,4274_left.jpg
0.17464111328125,0.5927474032963806,0.333642723880597,1,1,0,1,1.9104477611940298,564_right.jpg
0.16575439453125,0.981721237830115,0.19567510548523206,0,1,0,0,1.151183970856102,4996_right.jpg
0.02495361328125,0.3070149691810977,0.3124923566100037,0,1,0,0,12.096153846153847,525_right.jpg
0.220400390625,0.9890890159067748,0.3033467741935484,1,1,0,0,1.3763440860215055,53_left.jpg
0.33326904296875,0.9696572336949754,0.33326904296875,1,1,1,1,1.0,194_right.jpg
0.08552978515625,0.5604715553906316,0.6185532425799389,1,0,0,0,1.374384236453202,2174_left.jpg
0.034287109375,0.7045713471945315,0.14072285293439815,1,0,0,0,1.379182156133829,1444_right.jpg
0.0085595703125,0.726468910439247,0.06266981266981267,1,0,0,1,1.566137566137566,3617_left.jpg
0.081259765625,0.41362216079798103,0.09738998127340824,1,1,0,0,1.198501872659176,1889_left.jpg
0.03978759765625,0.9150763944284224,0.24725016309377512,0,1,0,0,2.2023121387283235,1516_right.jpg
0.5466064453125,0.9880387690383671,0.6314587093862816,1,1,0,0,1.1552346570397112,2341_right.jpg
0.15318359375,0.7579848272344766,0.4736111111111111,1,1,0,1,3.0917874396135265,2259_left.jpg
0.013125,0.8396577380952381,0.5454545454545454,1,0,0,0,1.6623376623376624,5276_right.jpg
0.00252685546875,1.0,0.7986111111111112,0,0,0,0,0.5625,5319_right.jpg
0.012041015625,0.9697891321978913,0.19576089545129793,0,1,0,0,2.4215686274509802,1909_left.jpg
0.33786865234375,0.532390112073762,0.33786865234375,1,1,1,1,1.0,1009_left.jpg
0.05280517578125,0.8135373803689491,0.3188237028301887,1,1,0,1,6.037735849056604,206_left.jpg
0.12478271484375,0.9869499716303731,0.16955613057324842,1,1,0,1,1.3588110403397027,4029_right.jpg
0.00029052734375,1.0,0.4722222222222222,0,0,0,0,1.75,2735_left.jpg
0.00806884765625,0.659606656580938,0.029781213956170702,1,0,0,1,3.0104166666666665,330_left.jpg
0.605166015625,0.7293646823411706,0.798569587628866,1,1,0,1,1.3195876288659794,2801_right.jpg
0.4266552734375,0.8700488675768777,0.4266552734375,1,1,1,1,1.0,2544_right.jpg
0.84720947265625,1.0,0.84720947265625,1,1,1,1,1.0,1644_right.jpg
0.19541015625,0.8082208895552224,0.34836350974930363,1,1,0,1,1.7827298050139275,4353_left.jpg
0.0916943359375,0.6355769742797807,0.24972074468085106,1,1,0,0,2.723404255319149,4440_left.jpg
0.0,0.0,0.0,0,0,0,0,0.0,2858_left.jpg
0.0,0.0,0.0,0,0,0,0,0.0,228_left.jpg
0.16493896484375,0.5719445225654614,0.34051915322580645,1,1,0,1,2.064516129032258,3230_left.jpg
0.12958740234375,0.5305488046119935,0.24321389296187684,1,1,0,1,1.8768328445747802,3684_left.jpg
0.251201171875,1.0,0.7060551163812033,1,0,0,0,2.090909090909091,2777_right.jpg
0.3512255859375,0.9899834563679082,0.430361192047433,1,0,1,0,1.069767441860465,2313_right.jpg
0.00661865234375,1.0,0.609761583445794,0,0,0,0,1.368421052631579,150_right.jpg
0.024423828125,0.5610755697720912,0.2903413048525656,0,0,0,0,9.898305084745763,4803_left.jpg
0.26797607421875,0.8431074223554386,0.2858411458333333,1,1,0,1,1.0666666666666667,2150_left.jpg
0.085380859375,0.5921880361432003,0.17857434640522876,1,1,0,1,2.0915032679738563,2060_right.jpg
0.0011376953125,0.7081545064377682,0.07092846270928463,0,1,0,0,0.3082191780821918,4906_left.jpg
0.04479736328125,0.7053245408469127,0.13646437602260894,0,1,0,1,2.1686746987951806,2164_left.jpg
0.31680908203125,0.8078064192964205,0.3507920631487889,1,1,0,0,1.1072664359861593,3332_left.jpg
0.00755859375,0.5077519379844961,0.14045275144036656,0,0,0,0,4.91044776119403,465_right.jpg
0.11635009765625,0.9276916297710724,0.26689628136200716,1,1,0,1,2.293906810035842,1964_left.jpg
0.424599609375,0.9971192989719174,0.7188988095238096,1,1,0,1,1.693121693121693,3285_left.jpg
0.00806640625,0.7960048426150121,0.051625,1,1,0,0,6.4,1468_right.jpg
0.0235693359375,0.8812927284027346,0.1814900456827026,1,0,0,0,3.7563025210084033,4050_right.jpg
0.052998046875,0.45854063018242125,0.16959375,1,1,0,1,3.2,1119_left.jpg
0.00051513671875,0.6113744075829384,0.3196969696969697,0,0,0,1,4.583333333333333,1335_left.jpg
0.10514404296875,0.946153667541273,0.10514404296875,1,1,1,1,1.0,2241_right.jpg
0.0271435546875,0.8534808418780356,0.5509142262524156,0,1,0,0,2.3333333333333335,640_left.jpg
0.13651123046875,0.6522936600196727,0.3176988636363636,1,1,0,1,2.327272727272727,854_left.jpg
0.17389404296875,0.9888946607325874,0.49726676766477934,0,1,0,0,2.7797356828193833,2903_right.jpg
0.011767578125,0.7398340248962656,0.11305000469087156,0,1,0,0,9.220588235294118,4063_right.jpg
0.05794677734375,0.9745102169791447,0.33745166060054593,0,1,0,0,0.7133757961783439,3892_right.jpg
0.0561669921875,0.8213944188472573,0.4311388467232623,1,0,0,0,5.444444444444445,780_right.jpg
0.48963623046875,0.8431352995437661,0.48963623046875,1,1,1,1,1.0,1093_right.jpg
0.4928076171875,0.9995145005796269,0.6993278824833703,1,1,0,0,1.419068736141907,1872_right.jpg
0.73775146484375,0.9999437426989606,0.8168874351211073,1,1,0,0,1.1072664359861593,5240_left.jpg
0.7709521484375,0.5629231558480218,0.7709521484375,1,1,1,1,1.0,769_right.jpg
0.0044873046875,0.5952121871599565,0.07221436429357221,0,1,0,0,1.6031746031746033,267_left.jpg
0.10611572265625,0.4073622454848729,0.27833632172131145,1,1,0,1,2.622950819672131,1666_left.jpg
0.1647314453125,0.9985179476539111,0.21001618525896415,1,1,0,1,1.2749003984063745,1159_left.jpg
0.0,0.0,0.0,0,0,0,0,0.0,2081_right.jpg
0.02366455078125,0.8689776127102032,0.11835164835164835,1,0,0,0,3.64,3153_left.jpg
0.19029296875,0.972544390844709,0.24753556910569105,1,1,0,1,1.3008130081300813,1834_left.jpg
0.8958935546875,1.0,0.8958935546875,1,1,1,1,1.0,252_left.jpg
0.412119140625,0.9153219118030378,0.610546875,1,1,0,1,1.4814814814814814,5207_left.jpg
0.03153564453125,0.5687079043121468,0.08775135869565218,1,1,0,0,2.782608695652174,1463_left.jpg
0.51486572265625,0.9997107483083518,0.6131492335961668,1,0,0,1,1.0889679715302492,182_left.jpg
0.99328369140625,0.9999778787707478,0.99328369140625,1,1,1,1,1.0,4248_left.jpg
0.46297119140625,0.8734239293793802,0.5528014225746268,1,1,0,1,1.1940298507462686,64_right.jpg
0.73894287109375,0.9997951571177945,0.8521143018018018,1,1,0,1,1.1531531531531531,4385_left.jpg
0.05119140625,0.9831648225867989,0.14061158798283263,1,1,0,1,2.7467811158798283,3133_left.jpg
0.0,0.0,0.0,0,0,0,0,0.0,2814_left.jpg
0.21904296875,0.9642220240748997,0.3469987623762376,1,1,0,1,1.5841584158415842,3456_left.jpg
0.47344970703125,0.9940544024751837,0.6406084830866807,1,1,0,1,1.3530655391120507,4303_right.jpg
0.1108349609375,0.54277721485528,0.1325876168224299,1,1,0,0,1.1962616822429906,3115_left.jpg
0.60148681640625,1.0,0.8332284902597402,1,1,0,1,1.3852813852813852,180_right.jpg
0.3677783203125,0.9592145616760266,0.3929517946577629,1,1,0,0,1.0684474123539232,3927_right.jpg
0.12853759765625,0.9774734562859694,0.40885440934364614,0,0,0,0,1.5102739726027397,629_right.jpg
0.0954638671875,0.8579612296046238,0.31722157320872274,1,0,0,1,1.1962616822429906,1732_right.jpg
0.087763671875,0.8004895960832313,0.30796645163501163,0,1,0,0,2.4337899543378994,3823_right.jpg
0.0,0.0,0.0,0,0,0,0,0.0,4605_right.jpg
0.4720947265625,0.9999741428349795,0.8511003521126761,1,1,0,0,1.8028169014084507,3720_right.jpg
0.0023046875,1.0,0.6810966810966811,1,0,0,0,2.8636363636363638,3735_left.jpg
0.12830078125,0.8591109757954026,0.2422197640117994,1,1,0,0,1.887905604719764,5211_left.jpg
0.73587890625,1.0,0.8594206204379562,1,1,0,1,1.167883211678832,4836_left.jpg
0.57060302734375,0.9980617750375451,0.5796602182539683,1,1,1,0,1.0158730158730158,2802_right.jpg
0.18008544921875,0.9985358513075662,0.5262771118721461,1,1,0,1,2.922374429223744,2952_right.jpg
0.2888134765625,0.9981656494615293,0.3070442275747508,1,1,0,1,1.06312292358804,781_left.jpg
0.51072021484375,0.9988718443910111,0.5540015889830509,1,0,1,1,0.921875,3431_right.jpg
0.19734375,1.0,0.41856707885416017,0,1,0,1,2.0357142857142856,4908_right.jpg
0.9873779296875,1.0,0.9873779296875,1,1,1,1,1.0,4251_right.jpg
0.313505859375,0.9929134348814752,0.32206059390048153,1,1,1,0,1.0272873194221508,3508_right.jpg
0.07281982421875,0.9930264525429979,0.40881304824561404,1,1,0,0,5.614035087719298,4011_right.jpg
0.24576171875,0.6724946356194866,0.5260451505016722,1,1,0,1,2.140468227424749,3650_left.jpg
0.0906494140625,0.8943711284675464,0.2377689549180328,1,1,0,0,2.622950819672131,3029_right.jpg
0.00575927734375,0.9427723611699873,0.08753246753246753,0,1,0,0,10.78,4630_left.jpg
0.02025634765625,0.5953959262383994,0.13408209437621202,0,0,0,0,1.8681318681318682,1724_left.jpg
0.6520166015625,0.999895157002389,0.755961277173913,1,1,0,1,1.1594202898550725,718_right.jpg
0.4686376953125,0.9835793992310657,0.5483146709323583,1,1,1,0,1.170018281535649,3778_right.jpg
0.0731982421875,0.9024748182242679,0.13819137168141593,1,1,0,0,1.887905604719764,1765_left.jpg
0.24122314453125,0.9881180102221547,0.4429128563743948,1,0,0,1,1.1522727272727273,4859_right.jpg
0.09807861328125,0.4712617927463719,0.1168907122905028,1,1,0,1,1.191806331471136,4792_right.jpg
0.0,0.0,0.0,0,0,0,0,0.0,4282_left.jpg
0.0491455078125,0.999652260307998,0.15761656813999922,1,0,0,0,3.0390243902439025,3504_right.jpg
0.16607666015625,0.8562881293642043,0.1950258027522936,1,1,0,1,1.1743119266055047,3394_left.jpg
0.14179443359375,0.8863272439263762,0.2783694401840491,1,1,0,1,1.9631901840490797,746_left.jpg
0.61101318359375,0.7145534240882883,0.6207118055555556,1,1,1,0,1.0158730158730158,1565_right.jpg
0.07635986328125,0.9987850497170445,0.4567318925233645,1,1,0,0,5.981308411214953,11_left.jpg
0.05975341796875,0.28915219611848825,0.1105265534682081,1,1,0,0,1.8497109826589595,2015_right.jpg
0.406484375,0.6474389775129733,0.4983716475095785,1,1,1,0,1.2260536398467432,2365_right.jpg
0.3172021484375,0.999476625155858,0.39495987354085604,1,1,0,0,1.245136186770428,3522_left.jpg
0.52914306640625,0.5403138365853546,0.5634801372712146,1,1,1,0,1.064891846921797,5330_left.jpg
0.12319091796875,0.8920311540062229,0.3285091145833333,1,1,0,0,2.6666666666666665,3178_left.jpg
0.21412353515625,0.70827204834388,0.28372476708074534,1,1,0,1,1.3250517598343685,4414_right.jpg
0.332353515625,0.5560999618017807,0.4669266572685895,0,1,0,0,1.3142250530785562,3278_left.jpg
0.29110595703125,0.8275115945553813,0.30642732319078947,1,0,1,1,0.95,3527_right.jpg
0.223544921875,0.7931283037001442,0.35464629876367243,1,0,0,0,1.1588983050847457,15_left.jpg
0.47854736328125,0.994729941381439,0.552834499097473,1,1,0,1,1.1552346570397112,3202_right.jpg
0.797197265625,0.9975255105165803,0.8546168341708543,1,1,0,1,1.0720268006700167,1902_right.jpg
0.0078173828125,0.6161773891317927,0.02315206466960225,0,1,0,0,0.952755905511811,3850_right.jpg
0.00226806640625,0.8482238966630786,0.3609168609168609,0,1,0,0,0.5909090909090909,3804_left.jpg
0.06744140625,0.9996741963509991,0.2939348797616514,0,0,0,0,0.6864864864864865,3256_left.jpg
0.0,0.0,0.0,0,0,0,0,0.0,3539_right.jpg
0.65317626953125,0.9999364583372268,0.7073313240270728,1,1,0,1,1.0829103214890017,690_left.jpg
0.45137451171875,1.0,0.6107392970401692,1,1,0,0,1.3530655391120507,1051_left.jpg
0.55744873046875,0.7430703671424379,0.6226303446771378,1,1,0,1,1.1169284467713787,4904_left.jpg
0.00774169921875,0.8962472406181016,0.2483358132978307,0,1,0,0,1.0,1975_right.jpg
0.18837158203125,0.3615614915043353,0.3864032451923077,1,1,0,0,2.051282051282051,2920_left.jpg
0.0002685546875,0.6272727272727273,0.0763888888888889,1,0,0,1,3.6,644_right.jpg
0.07018798828125,0.7086855194963303,0.18113029233870967,1,1,0,0,2.5806451612903225,2726_right.jpg
0.1466015625,0.8247069011457501,0.18600501812099246,0,1,0,1,1.2411764705882353,3867_left.jpg
0.00350341796875,0.794425087108014,0.19163995726495728,0,0,0,0,4.923076923076923,1664_right.jpg
0.024365234375,0.5859719438877755,0.0464633391218522,1,0,0,1,1.7838616714697406,1076_left.jpg
0.02175537109375,0.3616878015935361,0.13343815513626833,1,0,0,0,6.057142857142857,4884_right.jpg
0.0126416015625,1.0,0.6372923076923077,0,0,0,0,1.9230769230769231,619_right.jpg
0.1466748046875,0.9610672792037018,0.4838756443298969,1,1,0,0,3.2989690721649483,4012_left.jpg
0.110029296875,1.0,0.4734033613445378,0,1,0,0,1.8973214285714286,2940_right.jpg
0.12448974609375,0.938910788178306,0.22522526501766785,1,0,0,0,1.415,4781_right.jpg
0.75767578125,0.9977186605830949,0.7721536624203822,1,1,1,0,1.019108280254777,580_right.jpg
0.1252294921875,0.7024213358287519,0.20290348101265823,1,1,0,1,1.620253164556962,4779_right.jpg
0.0,0.0,0.0,0,0,0,0,0.0,3078_left.jpg
0.2887939453125,0.9985121312029758,0.38346084024896265,1,1,0,1,1.3278008298755186,1370_right.jpg
0.127900390625,0.5022715125601283,0.22612223756906077,1,1,0,1,1.7679558011049723,4371_left.jpg
0.08369384765625,0.5047110644380269,0.16085304054054053,1,1,0,1,1.921921921921922,2955_left.jpg
0.00092529296875,0.6253298153034301,0.16196581196581197,0,1,0,0,0.5538461538461539,3090_right.jpg
0.062724609375,0.7176163786392652,0.15930059523809523,1,1,0,1,2.5396825396825395,3571_left.jpg
0.03579345703125,0.49437282586453857,0.048566459627329195,1,0,1,0,0.9130434782608695,3411_left.jpg
0.09208251953125,0.4668451891719914,0.09208251953125,1,1,1,1,1.0,1461_left.jpg
0.3618994140625,1.0,0.6363066620879121,1,1,0,1,1.7582417582417582,4899_right.jpg
0.1192822265625,0.6192844569978304,0.2099559100324014,1,0,0,1,1.6200527704485488,900_left.jpg
0.0,0.0,0.0,0,0,0,0,0.0,304_right.jpg
0.0386376953125,0.5896625805636295,0.1441610493714702,1,0,0,1,2.268181818181818,3657_right.jpg
0.00019287109375,0.7215189873417721,0.12153846153846154,0,0,0,1,3.8461538461538463,3620_right.jpg
0.09473876953125,0.7706996521066872,0.20980211937716264,1,1,0,0,2.2145328719723185,3182_left.jpg
0.46207763671875,0.9983356845091854,0.6456980076419214,1,1,0,1,1.3973799126637554,540_right.jpg
0.00355712890625,0.8414550446122169,0.05762537573168802,0,0,0,0,2.63265306122449,3930_right.jpg
0.26244384765625,0.9988929923625776,0.8036558014354067,1,1,0,1,3.062200956937799,224_right.jpg
0.19185546875,0.9964878346737249,0.6746565934065935,1,0,1,1,0.284375,3227_right.jpg
0.164287109375,0.6896213517208584,0.32857421875,1,1,0,1,2.0,2169_right.jpg
0.6924169921875,0.9994076456028264,0.6924169921875,1,1,1,1,1.0,1903_right.jpg
0.0,0.0,0.0,0,0,0,0,0.0,78_right.jpg
0.0010107421875,1.0,0.575,1,0,0,1,3.2,1334_left.jpg
0.098896484375,0.981756690036536,0.21179989124524198,1,0,0,1,1.9647435897435896,1234_right.jpg
0.0694921875,0.6238406408094435,0.23911290322580644,1,1,0,0,3.4408602150537635,5144_left.jpg
0.08707275390625,0.4168232160381326,0.36905008278145696,1,1,0,0,4.23841059602649,1511_left.jpg
0.26427734375,0.9455324809696253,0.35986702127659576,1,1,0,1,1.3617021276595744,1059_left.jpg
0.0,0.0,0.0,0,0,0,0,0.0,2991_right.jpg
0.3755224609375,0.9716475743430377,0.3755224609375,1,1,1,1,1.0,2355_right.jpg
0.0,0.0,0.0,0,0,0,0,0.0,1663_right.jpg
0.16575439453125,0.981721237830115,0.19567510548523206,0,1,0,0,1.151183970856102,4997_right.jpg
0.3696240234375,1.0,0.7061473880597015,1,1,0,1,1.9104477611940298,3352_left.jpg
0.002802734375,0.9128919860627178,0.17931896282411747,0,1,0,0,5.878787878787879,70_right.jpg
0.20391845703125,1.0,0.7676930147058824,1,1,0,0,3.764705882352941,591_right.jpg
0.75618896484375,0.9989378016691688,0.75618896484375,1,1,1,1,1.0,4747_left.jpg
0.0,0.0,0.0,0,0,0,0,0.0,2199_left.jpg
0.0114794921875,0.8913228413441089,0.32396307013917597,0,1,0,0,2.158536585365854,5090_right.jpg
0.1080078125,0.9111663652802894,0.22965116279069767,1,1,0,1,2.12624584717608,4358_right.jpg
0.14108642578125,0.5676166744536157,0.19888835352422907,1,1,0,1,1.4096916299559472,4372_right.jpg
0.16028564453125,0.5528003290024828,0.5342854817708333,1,1,0,0,3.3333333333333335,502_left.jpg
0.03314697265625,0.9148560064815496,0.26983464504332616,1,0,0,1,7.130952380952381,4642_right.jpg
0.27049072265625,0.9996840955656043,0.38215024834437084,1,1,0,1,1.4128035320088301,182_right.jpg
0.1776611328125,0.5502542256424351,0.3202904929577465,1,1,0,0,1.8028169014084507,4881_left.jpg
0.321884765625,0.9810230272139802,0.7546016483516483,1,1,0,1,2.3443223443223444,3836_left.jpg
0.957763671875,1.0,0.957763671875,1,1,1,1,1.0,572_right.jpg
0.90809814453125,1.0,0.90809814453125,1,1,1,1,1.0,709_left.jpg
0.400654296875,0.9406366539108392,0.45303666077738514,1,1,1,0,1.1307420494699647,5066_right.jpg
0.23115478515625,0.8042268248117362,0.28232645515267174,1,1,0,1,1.2213740458015268,1592_left.jpg
0.20193115234375,0.6405193988707669,0.3167547487745098,1,1,0,0,1.5686274509803921,4145_left.jpg
0.08775146484375,0.8722978048576914,0.31200520833333334,1,1,0,0,3.5555555555555554,866_left.jpg
0.21022705078125,0.9938798499576119,0.4425832648026316,1,0,1,1,0.475,3744_right.jpg
0.01427001953125,0.8241231822070145,0.08264988687782805,0,1,0,0,4.184615384615385,4646_left.jpg
0.20801025390625,0.7677022570157628,0.24204829545454545,1,1,1,0,1.1636363636363636,4406_right.jpg
0.297861328125,0.4414691321596013,0.297861328125,1,1,1,1,1.0,4410_left.jpg
0.042958984375,0.4552170947942714,0.13282004830917873,1,1,0,1,3.0917874396135265,3437_right.jpg
0.01483642578125,0.9907849267730788,0.12135553957983865,1,0,0,1,2.0576923076923075,5150_left.jpg
0.07334716796875,0.7923975634923277,0.13446450070940397,1,0,0,0,1.6058981233243967,4143_right.jpg
0.0019775390625,1.0,0.5586206896551724,1,0,0,0,1.7241379310344827,4049_left.jpg
0.02202880859375,0.39532306328272193,0.12991145345907423,0,1,0,0,3.303448275862069,1743_left.jpg
0.086796875,0.4190481548154815,0.12317073170731707,1,1,0,0,1.419068736141907,14_right.jpg
0.02135986328125,0.7124242770602355,0.06971981384674232,1,0,0,1,1.9604743083003953,4421_right.jpg
0.13729248046875,0.8161109629234462,0.24475539693593315,1,1,0,0,1.7827298050139275,2910_left.jpg
0.0055419921875,0.9374449339207048,0.09377065432914738,0,0,0,0,3.056179775280899,2745_right.jpg
0.0594091796875,0.8065258486068875,0.17619926867238694,0,0,0,0,1.5656565656565657,3788_right.jpg
0.0,0.0,0.0,0,0,0,0,0.0,4795_right.jpg
0.23094970703125,0.8261361353954142,0.259311951754386,1,1,0,1,1.1228070175438596,2885_left.jpg
0.0,0.0,0.0,0,0,0,0,0.0,60_right.jpg
0.26187744140625,0.6024239034167715,0.43989911417322836,1,1,0,1,1.6797900262467191,272_right.jpg
0.04723388671875,0.554091073551455,0.1426391223568964,1,0,0,0,1.902621722846442,782_right.jpg
0.0059716796875,0.7187244480784954,0.21057162534435261,0,0,0,0,1.5,4276_left.jpg
0.19834716796875,0.6512807257240624,0.3835111404833837,1,1,0,0,1.933534743202417,673_left.jpg
0.00343994140625,0.30376153300212916,0.03145089285714286,1,1,0,1,9.142857142857142,5085_right.jpg
0.02134033203125,0.9406246424894177,0.221403242147923,0,0,0,0,1.1170212765957446,1428_left.jpg
0.6056103515625,0.9953881753460884,0.6056103515625,1,1,1,1,1.0,4193_right.jpg
0.00245361328125,0.8159203980099502,0.5746140651801029,0,0,0,0,1.606060606060606,108_right.jpg
0.2231494140625,0.9057241635850419,0.3561486907730673,1,1,0,1,1.5960099750623442,1769_right.jpg
0.1080078125,0.9111663652802894,0.22965116279069767,1,1,0,1,2.12624584717608,4361_right.jpg
0.00946044921875,0.9894193548387097,0.20106890826068907,1,0,0,0,4.424242424242424,4039_left.jpg
0.00706787109375,0.8452504317789292,0.20058199958428602,0,0,0,0,5.549019607843137,3618_right.jpg
0.021640625,0.6120261732851986,0.4458752515090543,1,0,0,0,4.057142857142857,1041_left.jpg
0.34726318359375,0.7879625137972005,0.55562109375,1,1,0,1,1.6,1945_right.jpg
0.047080078125,0.5634723086496577,0.12284054425928757,1,0,0,1,2.5524193548387095,3508_left.jpg
0.01480224609375,0.9866402770905492,0.13670183982683984,1,0,0,1,1.5714285714285714,4676_left.jpg
0.02892333984375,0.46087617118257784,0.16058067664281067,0,1,0,0,5.482758620689655,655_left.jpg
0.5806103515625,0.9999789755190944,0.8722784624413146,1,1,0,0,1.5023474178403755,771_left.jpg
0.07113037109375,0.5150849493736056,0.21652533870404364,1,0,0,1,2.3556485355648538,4232_right.jpg
0.77119140625,0.999639103457009,0.8295168067226891,1,1,0,1,1.0756302521008403,2036_right.jpg
0.72227783203125,0.9981781000185909,0.7717158806343907,1,1,1,0,1.0684474123539232,1551_left.jpg
0.045771484375,0.6340409643695327,0.10537320143884892,1,1,0,1,2.302158273381295,4001_right.jpg
0.0078662109375,0.9916201117318436,0.15112570356472796,1,0,0,1,0.19817073170731708,1577_right.jpg
0.20796142578125,0.9867106514363532,0.4542502133105802,1,1,0,1,2.1843003412969284,1316_left.jpg
0.1847900390625,0.9763905403620029,0.2829321172248804,1,1,0,1,1.5311004784688995,2547_left.jpg
0.1342578125,0.4927262147221414,0.4232758620689655,1,1,0,1,3.1527093596059115,1039_right.jpg
0.0,0.0,0.0,0,0,0,0,0.0,4077_left.jpg
0.44631591796875,0.968317004994229,0.5600827205882353,1,1,0,1,1.2549019607843137,2482_left.jpg
0.001240234375,0.6200787401574803,0.04096774193548387,0,1,0,1,31.0,129_right.jpg
0.75918212890625,0.9957229363167729,0.8044313948675497,1,1,0,1,1.0596026490066226,1554_left.jpg
0.61677978515625,0.9939517006883503,0.6972590754658137,1,0,0,1,1.03035413153457,3512_right.jpg
0.6066259765625,1.0,0.6066259765625,1,1,1,1,1.0,4500_right.jpg
0.0034326171875,0.7837837837837838,0.08227996254681648,0,1,0,0,4.171875,2962_right.jpg
0.98810791015625,1.0,0.98810791015625,1,1,1,1,1.0,2915_left.jpg
0.07383544921875,0.8236286082729888,0.2977699010485896,0,1,0,0,1.0918032786885246,3966_left.jpg
0.17809814453125,0.8583256795843671,0.2878353851010101,1,1,0,1,1.6161616161616161,1535_right.jpg
0.17252197265625,0.9994197976367367,0.5904495320855615,1,1,0,0,3.4224598930481283,173_right.jpg
0.11346435546875,0.8952124798278644,0.23966068481848185,1,1,0,1,2.112211221122112,958_left.jpg
0.18679931640625,0.9993987949760171,0.8855671296296296,1,1,0,1,4.7407407407407405,331_left.jpg
0.0392333984375,0.5920970752955819,0.11900177725118484,1,1,0,1,3.0331753554502368,4359_left.jpg
0.104375,0.7479416167664671,0.3861271676300578,1,1,0,0,3.699421965317919,3574_left.jpg
0.09628662109375,1.0,0.6806986658382091,0,0,0,0,1.2304147465437787,1233_right.jpg
0.2320947265625,0.9739023415311467,0.3329714053546661,1,0,0,1,0.9507299270072993,3451_right.jpg
0.5649462890625,0.9920787201493505,0.5757414410828026,1,1,0,1,1.019108280254777,1645_right.jpg
0.47226806640625,0.9997777099994314,0.5973351037549407,1,1,0,1,1.2648221343873518,847_right.jpg
0.0,0.0,0.0,0,0,0,0,0.0,4104_right.jpg
0.4359375,0.8608646953405018,0.44145569620253167,1,1,0,1,1.0126582278481013,1840_right.jpg
0.04711669921875,0.42224985750557026,0.06569648692810458,1,1,0,0,1.3943355119825709,4137_left.jpg
0.00516357421875,1.0,0.7042957042957043,0,0,0,0,1.9743589743589745,2880_right.jpg
0.14000244140625,0.9611125643037753,0.5270680147058824,1,1,0,0,3.764705882352941,994_left.jpg
0.1623681640625,0.41215830150663096,0.29521484375,1,1,0,1,1.8181818181818181,4688_right.jpg
0.18439697265625,0.6912179427769466,0.3588826167940092,0,1,0,0,1.897897897897898,2785_left.jpg
0.000341796875,0.65,0.2536231884057971,1,0,0,1,3.8333333333333335,3658_right.jpg
0.05732421875,0.9090715502555367,0.2243112079177653,1,0,0,1,1.7581967213114753,3891_left.jpg
0.17896484375,0.7932445705554949,0.3087264150943396,1,1,0,1,1.725067385444744,4493_right.jpg
0.09100830078125,0.9328003862971805,0.20294533972125436,1,1,0,0,2.229965156794425,1572_right.jpg
0.0,0.0,0.0,0,0,0,0,0.0,3084_right.jpg
0.08341796875,0.996312339030672,0.2551373954599761,1,0,0,1,1.0333333333333334,2463_right.jpg
0.1953125,0.992625,0.3633720930232558,1,1,0,0,1.8604651162790697,1706_left.jpg
0.03851318359375,0.4269413629160063,0.14671688988095238,1,1,0,0,3.8095238095238093,1831_left.jpg
0.1297119140625,0.6000564652738566,0.26779233870967745,1,1,0,1,2.064516129032258,495_right.jpg
0.0896728515625,0.9638170432888646,0.5190785754663652,0,1,0,0,5.258620689655173,2113_right.jpg
0.05758056640625,0.6251854992580029,0.10826057818539021,1,0,0,1,1.8625730994152048,795_right.jpg
0.3763037109375,0.9966911907820468,0.48950076219512195,1,1,0,1,1.3008130081300813,4463_right.jpg
0.12020263671875,0.870681425814969,0.1709548611111111,1,1,0,1,1.4222222222222223,3447_left.jpg
0.0058203125,0.5473993288590604,0.014781746031746031,1,1,0,1,2.5396825396825395,3201_left.jpg
0.00729736328125,1.0,0.7325980392156862,0,0,0,0,0.6375,5024_right.jpg
0.0079345703125,0.39353846153846156,0.2006172839506173,1,0,0,0,5.555555555555555,2757_left.jpg
0.77287109375,0.9999810467261379,0.907591743119266,1,1,0,0,1.1743119266055047,5185_right.jpg
0.1025537109375,0.6438127886492406,0.17907813512499574,1,0,0,1,1.2339449541284404,4266_left.jpg
0.041806640625,0.41298761971501985,0.2058173076923077,1,1,0,0,4.923076923076923,4332_right.jpg
0.4931689453125,0.9975000247522302,0.5636216517857143,1,1,0,1,1.1428571428571428,322_left.jpg
0.3511328125,0.7934906552452998,0.3511328125,1,1,1,1,1.0,5016_right.jpg
0.33736572265625,0.9076166009335311,0.33736572265625,1,1,1,1,1.0,4335_right.jpg
0.0,0.0,0.0,0,0,0,0,0.0,4647_right.jpg
0.56542236328125,0.5582110303674055,0.685360440340909,1,1,0,1,1.2121212121212122,3977_left.jpg
0.00864990234375,0.6790855207451313,0.1450503561778433,0,1,0,0,11.543478260869565,2764_left.jpg
0.10709716796875,0.8995600337383455,0.17961789177148846,0,1,0,1,1.65625,366_right.jpg
0.07039794921875,0.9432287151031732,0.14628145292207792,1,1,0,1,2.0779220779220777,3912_left.jpg
0.48587890625,1.0,0.6491910229645094,1,1,0,1,1.336116910229645,192_left.jpg
0.053828125,0.5922532656023222,0.17225,1,1,0,0,3.2,2017_right.jpg
0.0628955078125,0.9997670988277307,0.5817976513098464,0,1,0,0,0.9490740740740741,1669_right.jpg
0.0034375,0.7095170454545454,0.039972745855098794,0,1,0,0,11.232142857142858,148_left.jpg
0.40497314453125,0.9978417743267602,0.5456480263157895,1,1,0,1,1.3473684210526315,4636_right.jpg
0.4923095703125,0.9969997520456236,0.7936476700251889,1,1,0,1,1.6120906801007557,3662_right.jpg
0.00692138671875,0.7195767195767195,0.5555555555555556,0,0,0,0,7.0,304_left.jpg
0.01071044921875,0.33485297469797126,0.013307246640579974,0,1,0,1,1.0702702702702702,427_left.jpg
0.06335693359375,0.315633308928365,0.17556404965666542,1,0,0,1,2.676595744680851,3135_left.jpg
0.08640380859375,1.0,0.6213307584269663,1,1,0,0,7.191011235955056,4201_left.jpg
0.2878662109375,0.9626155542362819,0.5418658088235294,1,1,0,0,1.8823529411764706,56_right.jpg
0.00579345703125,0.5292878213232195,0.03184380032206119,1,0,0,0,3.9130434782608696,2679_right.jpg
0.1361767578125,0.9781455053963929,0.15646880610412928,1,1,0,0,1.1490125673249552,4060_left.jpg
0.0085302734375,1.0,0.7288277012932832,0,0,0,0,2.1702127659574466,3800_right.jpg
0.023056640625,0.9901524777636594,0.38931486519910957,0,0,0,0,3.9871794871794872,3558_right.jpg
0.018447265625,1.0,0.5954294720252167,1,0,0,0,1.5666666666666667,1220_right.jpg
0.3199560546875,0.728287576113663,0.3199560546875,1,1,1,1,1.0,682_right.jpg
0.0,0.0,0.0,0,0,0,0,0.0,4053_left.jpg
0.00310302734375,0.995279307631786,0.024839743589743588,1,0,0,0,1.1826923076923077,2401_right.jpg
0.21615966796875,0.9941494708546517,0.2764916948501513,1,0,0,1,1.188824662813102,4573_right.jpg
0.158310546875,0.7103972611189933,0.3195056934925179,0,1,0,0,1.5068119891008174,4528_left.jpg
0.2218408203125,0.5635771355622565,0.572492439516129,1,1,0,0,2.5806451612903225,4721_right.jpg
0.88901611328125,1.0,0.88901611328125,1,1,1,1,1.0,3049_right.jpg
0.0055126953125,0.9929140832595217,0.16165521191294388,0,0,0,0,2.6944444444444446,4661_right.jpg
0.534970703125,1.0,0.5773714165261383,1,1,0,1,1.0792580101180438,2940_left.jpg
0.023603515625,0.6630119983450559,0.1556843800322061,0,1,0,0,6.21,2944_left.jpg
0.62764892578125,0.9970515588229574,0.6437424879807693,1,0,1,1,0.975,3218_left.jpg
0.00041748046875,0.2982456140350877,0.07251908396946564,1,0,0,0,7.277777777777778,2755_right.jpg
0.08755126953125,0.7345584339533198,0.4691207828054891,1,0,0,0,0.8110749185667753,3201_right.jpg
0.1231396484375,0.9964510884650462,0.2183860268966652,0,1,0,0,1.6164021164021165,3501_left.jpg
0.31645263671875,0.973506970428718,0.31645263671875,1,1,1,1,1.0,4620_left.jpg
0.077158203125,0.9644981647892672,0.13141393476706087,1,0,0,1,1.4376528117359413,2001_right.jpg
0.06864990234375,0.6643906255556741,0.16394006529850746,1,1,0,1,2.388059701492537,5093_right.jpg
0.0439306640625,0.5343447815938647,0.21163685120496806,1,0,0,0,4.276595744680851,3822_left.jpg
0.38193603515625,0.714991594275158,0.387383617274168,1,1,0,0,1.0142630744849446,974_left.jpg
0.00966796875,0.9997474747474747,0.07038873780195169,0,0,0,0,1.9239766081871346,4357_right.jpg
0.00201904296875,0.992744860943168,0.4925550923168553,1,0,0,0,0.3150684931506849,1647_right.jpg
0.1246630859375,0.17703967725510164,0.14479922867513612,1,1,0,0,1.161524500907441,4560_left.jpg
0.0226025390625,0.4832577230503348,0.07719824890556598,0,1,0,0,2.368888888888889,2520_right.jpg
0.2880322265625,0.9400057637864687,0.3650309405940594,1,1,0,1,1.2673267326732673,446_left.jpg
0.2993408203125,0.9455183100888997,0.5081647877984085,1,1,0,1,1.6976127320954908,3284_left.jpg
0.62381103515625,1.0,0.7219512884267631,1,1,0,1,1.1573236889692586,4664_left.jpg
0.0,0.0,0.0,0,0,0,0,0.0,1203_right.jpg
0.13283447265625,0.8604642614273373,0.19942966685360106,0,1,0,1,1.468677494199536,2088_right.jpg
0.02701171875,0.6603398409255242,0.08193127962085309,1,1,0,1,3.0331753554502368,4975_right.jpg
0.1520458984375,0.9839429654131475,0.18968689083820664,1,1,0,1,1.2475633528265107,924_right.jpg
0.0262060546875,0.7641140301844606,0.07693520642201834,1,1,0,0,2.9357798165137616,3712_right.jpg
0.00927001953125,0.5177771925204109,0.01722698607141237,1,0,0,1,1.0193548387096774,2405_right.jpg
0.3280126953125,0.9899072599252721,0.4156992574257426,1,1,0,1,1.2673267326732673,5304_left.jpg
0.32162353515625,0.84693745872458,0.3935737332695985,1,1,0,1,1.2237093690248566,691_left.jpg
0.99578369140625,0.9998430884123244,0.99578369140625,1,1,1,1,1.0,4239_left.jpg
2.44140625e-06,1.0,1.0,0,0,0,0,1.0,3463_right.jpg
0.10583740234375,0.9840142095914742,0.41422374254701116,1,0,0,0,2.3507109004739335,288_right.jpg
0.12115966796875,0.9968363995405727,0.44822073699421966,1,1,0,0,3.699421965317919,1242_left.jpg
0.0,0.0,0.0,0,0,0,0,0.0,3952_left.jpg
0.00106689453125,1.0,0.6129032258064516,1,0,0,0,1.3478260869565217,1135_right.jpg
0.7375390625,1.0,0.8110395189003436,1,1,0,1,1.0996563573883162,1561_right.jpg
0.079267578125,0.7578230873475422,0.2757133152173913,1,1,0,0,3.4782608695652173,2483_right.jpg
0.0105419921875,0.6419638721630384,0.07197986297487872,0,0,0,1,1.0502092050209204,2328_left.jpg
0.28886962890625,0.9688643605108138,0.425003591954023,1,1,0,0,1.471264367816092,1088_left.jpg
0.0014697265625,0.8504983388704319,0.11862068965517242,0,0,0,0,4.142857142857143,3083_right.jpg
0.710244140625,0.9998728155206313,0.8279713114754098,1,1,0,1,1.1657559198542806,692_right.jpg
0.1086279296875,0.6090034611408279,0.266367337164751,1,1,0,1,2.4521072796934864,4320_left.jpg
0.04380859375,0.9219794917521177,0.42760461347821943,0,1,0,0,1.7243589743589745,2380_left.jpg
0.3432568359375,0.9997012759783211,0.5547585227272728,1,1,0,0,1.6161616161616161,891_left.jpg
0.53849853515625,1.0,0.5901353809931507,1,1,0,0,1.095890410958904,5039_right.jpg
0.1466015625,0.8247069011457501,0.18600501812099246,0,1,0,1,1.2411764705882353,3868_left.jpg
0.49697021484375,0.9990567845194759,0.6058303571428572,1,1,0,1,1.2190476190476192,848_right.jpg
0.0060498046875,0.7029862792574657,0.05611413043478261,1,1,0,0,9.27536231884058,2376_right.jpg
0.1255126953125,0.7996693250340401,0.22755842776203966,1,1,0,0,1.8130311614730878,1999_left.jpg
0.27451416015625,0.9555589153422684,0.3754039797008547,1,1,0,0,1.3675213675213675,2301_right.jpg
0.07858642578125,0.4233744446860729,0.11251747762863534,1,1,0,1,1.4317673378076063,1594_right.jpg
0.34822021484375,0.9986749023704524,0.584936843832021,1,0,1,1,0.5953125,5187_left.jpg
0.64331298828125,0.9998937385436868,0.7002046130952381,1,1,0,1,1.08843537414966,4158_left.jpg
0.439384765625,0.9999444358011246,0.663222287735849,1,1,0,1,1.509433962264151,274_right.jpg
0.1376708984375,0.714825323638943,0.19518594411984605,1,0,0,1,0.7613636363636364,1631_right.jpg
0.7892724609375,0.9992421570992867,0.7892724609375,1,1,1,1,1.0,686_left.jpg
0.032392578125,0.4346548085619536,0.3290674603174603,0,0,0,0,4.977777777777778,5230_right.jpg
0.00481689453125,0.6741003547896605,0.10276041666666667,1,1,0,1,21.333333333333332,349_right.jpg
0.33451416015625,0.9857900844420765,0.33451416015625,1,1,1,1,1.0,846_right.jpg
0.6506005859375,0.9977784949303153,0.7395814831261102,1,1,0,1,1.1367673179396092,2156_left.jpg
0.27982666015625,0.9187206086357173,0.3810405585106383,1,1,0,0,1.3617021276595744,707_right.jpg
0.0,0.0,0.0,0,0,0,0,0.0,1228_right.jpg
0.8429541015625,0.9998030549650423,0.8429541015625,1,1,1,1,1.0,738_right.jpg
0.0,0.0,0.0,0,0,0,0,0.0,1304_left.jpg
0.83683837890625,0.9986521534911267,0.8680333265802269,1,1,0,1,1.0372771474878444,3014_right.jpg
0.0,0.0,0.0,0,0,0,0,0.0,3733_left.jpg
0.301220703125,1.0,0.3991330227743271,1,1,1,0,1.3250517598343685,5057_right.jpg
0.0418017578125,0.5800140170540825,0.22294270833333332,1,1,0,0,5.333333333333333,2697_right.jpg
0.012470703125,0.5657791699295223,0.12601455532256076,1,0,0,0,9.029850746268657,3095_right.jpg
0.01107177734375,0.9206174200661521,0.030411748927038625,1,1,0,0,2.7467811158798283,855_right.jpg
0.2503564453125,0.8897957989585161,0.2923870894160584,1,1,1,0,1.167883211678832,4652_right.jpg
0.1535107421875,0.9708324056108655,0.43073318765027846,0,1,0,0,1.9025270758122743,4398_right.jpg
0.041796875,0.7150700934579439,0.19097125391814562,0,1,0,0,3.6369426751592355,1761_right.jpg
0.52297119140625,0.9990149806964227,0.7555340011286682,1,1,0,0,1.4446952595936795,3997_right.jpg
0.0740234375,0.9945910290237467,0.2496212869656853,1,0,0,0,2.091286307053942,2240_left.jpg
0.1289453125,0.541691911541957,0.33158175597199985,1,0,0,1,1.9337979094076656,122_left.jpg
0.4268701171875,0.9972204111046292,0.4268701171875,1,1,1,1,1.0,1886_left.jpg
0.21278564453125,0.8288490884266324,0.21479938880126184,1,1,1,0,1.0094637223974763,760_right.jpg
0.00662353515625,0.6107629929966827,0.11995932083480722,1,0,0,0,11.681818181818182,3385_right.jpg
0.01392822265625,0.8254163014899211,0.05826184640522876,0,1,0,0,3.825,160_left.jpg
0.006298828125,0.7414728682170543,0.17805383022774326,1,0,0,0,3.0434782608695654,5107_left.jpg
0.682607421875,1.0,0.9197236842105263,1,1,0,1,1.3473684210526315,1339_right.jpg
0.51879150390625,0.9957881758330706,0.51879150390625,1,1,1,1,1.0,3308_right.jpg
0.09911376953125,0.9632485159001897,0.2443423935286612,1,0,0,1,1.9486301369863013,1254_right.jpg
0.000322265625,1.0,0.6875,0,0,0,0,1.3333333333333333,1322_right.jpg
0.00309814453125,0.3609141055949567,0.017930060049452492,0,1,0,0,3.1879194630872485,69_right.jpg
6.8359375e-05,0.6785714285714286,0.1037037037037037,0,0,0,0,0.8333333333333334,1954_right.jpg
0.98535400390625,1.0,0.98535400390625,1,1,1,1,1.0,1941_left.jpg
0.53767578125,0.9960587017327183,0.7464479392624729,1,1,0,1,1.3882863340563991,1139_right.jpg
0.04685546875,0.6916423509795748,0.0673552399302302,1,0,0,0,1.3885209713024282,2948_left.jpg
0.153994140625,0.5306772782040713,0.19750751503006012,1,1,1,0,1.282565130260521,4661_left.jpg
0.107685546875,0.8483495057585926,0.25525462962962964,1,1,0,1,2.3703703703703702,3924_left.jpg
0.04239501953125,0.9957961416642672,0.4177492301770593,0,0,0,0,4.510416666666667,3625_right.jpg
0.40929931640625,1.0,0.9456735108303249,1,1,0,1,2.3104693140794224,2133_left.jpg
0.4082861328125,0.9534604207278424,0.46166629858657243,1,1,0,1,1.1307420494699647,363_right.jpg
0.01496337890625,0.7482460434002284,0.09208233173076923,1,1,0,0,6.153846153846154,3200_right.jpg
0.532294921875,0.9969407599023978,0.6239354395604395,1,1,0,0,1.1721611721611722,2729_right.jpg
0.01979736328125,0.43889505487729685,0.36986863711001644,0,1,0,0,2.896551724137931,1191_left.jpg
8.544921875e-05,1.0,0.875,0,1,0,1,0.4,2213_left.jpg
0.43591796875,0.9850967785295041,0.43591796875,1,1,1,1,1.0,3513_right.jpg
0.5612841796875,0.9660725004567163,0.6627709870848708,1,1,0,1,1.1808118081180812,3443_right.jpg
0.14103515625,0.549023680930619,0.308096,1,0,0,0,2.0833333333333335,3386_left.jpg
0.0,0.0,0.0,0,0,0,0,0.0,3990_right.jpg
0.04424560546875,0.78033438172488,0.1980222902097902,1,1,0,0,4.475524475524476,455_left.jpg
0.01156982421875,0.5707955264823803,0.06723416329715542,0,0,0,0,2.0594594594594593,2617_right.jpg
0.0464013671875,0.5650320951278544,0.1487097632349029,1,0,0,1,2.2563025210084033,3501_right.jpg
0.0118359375,0.9110973597359736,0.1837059492231906,0,0,0,0,5.385714285714286,1668_left.jpg
0.04772705078125,0.8414752672770985,0.3089334534363691,0,1,0,1,1.1265822784810127,4740_right.jpg
0.19770751953125,1.0,0.5725466628959276,1,1,0,0,2.8959276018099547,2951_right.jpg
0.2154736328125,0.9954338416914047,0.3873683286516854,1,1,0,1,1.797752808988764,4571_right.jpg
0.03369384765625,0.6256068400840519,0.40217391304347827,0,1,0,0,4.054347826086956,1232_left.jpg
0.02848876953125,0.4784471677093153,0.08610537190082644,1,0,0,1,2.700892857142857,4428_left.jpg
0.01048828125,0.970437616387337,0.09829314052990436,1,0,0,0,6.5,4422_right.jpg
0.06419921875,0.9465698205050198,0.2325433321542271,0,1,0,0,1.7120622568093384,5111_right.jpg
0.04036865234375,0.7279709706682794,0.39609534075937236,0,1,0,0,1.5333333333333334,4008_left.jpg
0.36486328125,0.9964000856485199,0.4895440251572327,1,1,0,1,1.3417190775681342,2153_right.jpg
0.55173583984375,0.9986592386422468,0.6067198238831615,1,1,0,1,1.0996563573883162,2299_left.jpg
0.21203125,0.6403601694915254,0.3899425287356322,1,1,0,1,1.839080459770115,1533_right.jpg
0.006005859375,0.8166666666666667,0.41379310344827586,0,1,0,0,3.5365853658536586,4628_left.jpg
0.22501953125,0.6925180105893586,0.24163171140939596,1,1,0,1,1.0738255033557047,3106_right.jpg
0.94182373046875,1.0,0.94182373046875,1,1,1,1,1.0,2497_left.jpg
0.019921875,0.8908088235294118,0.33203125,0,0,0,0,1.5,5000_right.jpg
0.0516455078125,0.7731871040937884,0.3025025025025025,1,0,0,0,3.837037037037037,4319_left.jpg
0.29110595703125,0.8275115945553813,0.30642732319078947,1,0,1,1,0.95,3526_right.jpg
0.005224609375,0.5425233644859813,0.04174469413233458,0,1,0,0,1.6179775280898876,624_left.jpg
0.694228515625,0.9999718662521628,0.7700281629116118,1,1,0,1,1.1091854419410745,654_right.jpg
0.0084912109375,0.4353076480736055,0.14407622203811102,0,0,0,0,3.3411764705882354,1957_right.jpg
0.0901416015625,0.9986187097123667,0.3073452535544235,1,0,0,0,1.5106382978723405,5335_left.jpg
0.0485546875,0.9787811745776348,0.13560246549937272,1,0,0,1,2.3095238095238093,1211_right.jpg
0.09338623046875,0.6875898669315835,0.2621367872807018,1,1,0,1,2.807017543859649,2432_right.jpg
0.00701171875,0.9902506963788301,0.254046881910659,0,0,0,0,0.7983193277310925,1649_right.jpg
0.0796435546875,0.6786830972963032,0.1411963296398892,1,1,0,1,1.7728531855955678,369_left.jpg
0.2877685546875,0.9492237210486129,0.4459367433414044,1,1,0,0,1.549636803874092,4928_right.jpg
0.01599365234375,0.5063349107006564,0.04065636035275645,1,0,0,0,2.2267657992565058,4086_right.jpg
0.2385791015625,0.8963590593725057,0.25705492424242427,1,1,0,0,1.0774410774410774,4312_left.jpg
0.22982421875,0.8317859267442849,0.49860169491525425,1,1,0,0,2.169491525423729,2614_right.jpg
0.229345703125,0.5686182669789227,0.49588260135135137,1,1,0,0,2.1621621621621623,3925_left.jpg
0.010009765625,0.7848780487804878,0.048670465337132006,1,0,0,0,4.622222222222222,4057_left.jpg
0.03134521484375,0.646935119557598,0.10100223417980428,1,0,0,0,2.7757009345794392,307_left.jpg
0.0566748046875,0.6331954854828983,0.16996134247056757,1,0,0,0,2.1507936507936507,4378_right.jpg
0.1234521484375,0.7063441838389432,0.16882345085470085,1,1,0,0,1.3675213675213675,2161_right.jpg
0.22755859375,0.9956334220238606,0.4565438871473354,1,1,0,1,2.006269592476489,4496_left.jpg
0.50012451171875,0.9984085994210427,0.8186181265984654,1,1,0,1,1.6368286445012787,5130_right.jpg
0.00830810546875,0.5692036438436674,0.07240425531914893,1,0,0,0,1.3297872340425532,339_right.jpg
0.91798828125,1.0,0.91798828125,1,1,1,1,1.0,3898_right.jpg
0.76723388671875,0.9963533263963801,0.7907080314009662,1,1,0,1,1.0305958132045088,3010_left.jpg
0.04220947265625,0.47984267453294,0.20465198863636364,1,1,0,0,4.848484848484849,4618_left.jpg
0.5306103515625,0.9778915790151745,0.5755773305084746,1,1,0,1,1.0847457627118644,3648_right.jpg
0.05691162109375,0.9998284071897388,0.5980860016420362,0,1,0,0,5.523809523809524,4495_left.jpg
0.20360107421875,0.8721026440434079,0.34290707236842105,1,1,0,1,1.6842105263157894,1633_left.jpg
0.0127587890625,0.24875621890547264,0.023066737288135592,1,1,0,0,1.807909604519774,2763_left.jpg
0.0,0.0,0.0,0,0,0,0,0.0,1198_right.jpg
0.0942626953125,0.5413623413623414,0.16984120001759556,0,1,0,0,1.7737430167597765,899_left.jpg
0.13893798828125,0.9386388796148236,0.3934527101769911,1,1,0,0,2.831858407079646,3363_right.jpg
0.91943115234375,1.0,0.91943115234375,1,1,1,1,1.0,4216_right.jpg
0.5753271484375,1.0,0.9024739583333333,1,1,0,0,1.5686274509803921,5186_left.jpg
0.2535693359375,0.8431861508540178,0.308525427756654,1,1,0,0,1.2167300380228137,4559_right.jpg
0.0,0.0,0.0,0,0,0,0,0.0,1308_left.jpg
0.10298583984375,0.9037764028163005,0.16265457447916065,1,0,0,1,1.535279805352798,4798_right.jpg
0.19345703125,0.5752650176678445,0.2913235294117647,1,1,0,1,1.5058823529411764,4726_left.jpg
0.0075634765625,0.9845061329890252,0.07533313879972765,0,1,0,0,4.858695652173913,1763_right.jpg
0.8781103515625,0.9990213359875888,0.8781103515625,1,1,1,1,1.0,755_left.jpg
0.041064453125,0.4435790725326992,0.21025,1,1,0,0,5.12,2325_right.jpg
0.0106982421875,0.6622546782291191,0.12118362831858408,0,1,0,0,5.65,4572_left.jpg
0.0406005859375,0.6953096812988575,0.2887152777777778,1,1,0,0,7.111111111111111,3496_left.jpg
0.06439697265625,0.9196269477196042,0.1383022231543624,1,1,0,1,2.1476510067114094,1166_right.jpg
0.01217529296875,0.8600360938439944,0.24225201593315845,1,0,0,0,9.319148936170214,4896_right.jpg
0.00013671875,1.0,0.23333333333333334,0,0,0,1,1.0666666666666667,4105_right.jpg
0.86939208984375,0.9999971918237139,0.86939208984375,1,1,1,1,1.0,3054_left.jpg
0.043662109375,0.5,0.07938565340909091,1,1,0,1,1.8181818181818181,5294_left.jpg
0.222451171875,0.733120417928794,0.40910560344827585,1,1,0,1,1.839080459770115,1251_left.jpg
0.59408935546875,0.9973411578086537,0.6544185671256454,1,1,0,1,1.1015490533562822,30_right.jpg
0.4473095703125,0.9996070255105939,0.6264291575492341,1,1,0,0,1.400437636761488,1714_left.jpg
0.2464892578125,0.9017947346526416,0.28578464673913045,1,1,1,0,1.1594202898550725,5249_right.jpg
0.53880859375,0.9021368760648132,0.53880859375,1,1,1,1,1.0,2178_left.jpg
0.14088623046875,0.6614102275287227,0.22045767114914425,1,1,0,0,1.56479217603912,936_left.jpg
0.4551953125,0.9771947138076031,0.514708480565371,1,1,0,1,1.1307420494699647,1712_right.jpg
0.0010888671875,0.8497757847533632,0.055805805805805804,0,0,0,0,5.837837837837838,165_left.jpg
0.2363037109375,0.5865378654819713,0.33458932522123896,1,1,0,1,1.415929203539823,1875_right.jpg
0.22141357421875,0.8755334046377259,0.32878117749419955,1,1,0,1,1.4849187935034802,1945_left.jpg
0.06210205078125,0.9980343593977277,0.16841234110169492,1,1,0,1,2.711864406779661,1975_left.jpg
0.06673828125,1.0,0.6098382598996096,0,1,0,0,1.687116564417178,285_left.jpg
0.02495849609375,0.8673579184192507,0.20805519374796483,1,0,0,0,7.132530120481928,3189_right.jpg
0.6593603515625,0.9992779756659286,0.6593603515625,1,1,1,1,1.0,4952_left.jpg
0.43046142578125,0.9961376384580046,0.6304240560640733,1,1,0,1,1.4645308924485125,5210_right.jpg
0.09622314453125,0.7223251211529191,0.2576686715481172,1,1,0,0,2.6778242677824267,1934_right.jpg
0.1603271484375,0.6438251865387544,0.296558887283237,1,1,0,1,1.8497109826589595,4712_right.jpg
0.027041015625,0.5743950884795955,0.06009114583333333,1,1,0,0,2.2222222222222223,3358_right.jpg
0.0,0.0,0.0,0,0,0,0,0.0,4283_left.jpg
0.02576416015625,0.3984648915000474,0.08260148092487359,0,1,0,1,2.789719626168224,236_left.jpg
0.83177734375,0.9999530373118557,0.83177734375,1,1,1,1,1.0,2455_right.jpg
0.10120361328125,0.545485248353557,0.257813131658654,1,0,0,0,1.662379421221865,2046_right.jpg
0.0098681640625,1.0,0.8248979591836735,0,0,0,0,1.96,1272_left.jpg
0.43844970703125,0.9991647595342699,0.5957703025477707,1,1,0,1,1.3588110403397027,992_right.jpg
0.02144287109375,0.46145963793692363,0.15774066091954023,1,1,0,0,7.35632183908046,1470_right.jpg
0.0079345703125,0.8587692307692307,0.02116988014590933,1,0,0,1,1.063157894736842,2858_right.jpg
0.15404296875,0.6064885254215798,0.6279458598726114,1,1,0,0,4.076433121019108,3817_left.jpg
0.80848876953125,0.9969470674030747,0.80848876953125,1,1,1,1,1.0,1938_right.jpg
0.03876708984375,0.5528685685496568,0.09729779411764707,1,1,0,0,2.5098039215686274,1764_left.jpg
0.08111083984375,0.9361586852481715,0.40816502039412256,1,0,0,1,0.869281045751634,5023_right.jpg
0.04662109375,0.3744763301214914,0.11050925925925927,1,1,0,1,2.3703703703703702,5312_left.jpg
0.00320068359375,0.547673531655225,0.02734668335419274,0,1,0,0,6.635294117647059,3059_left.jpg
0.009912109375,0.5945812807881773,0.13492854769026255,0,1,0,0,4.1647058823529415,31_right.jpg
0.89093994140625,1.0,0.89093994140625,1,1,1,1,1.0,4739_left.jpg
0.59630859375,0.9979201467361043,0.8189645922746781,1,1,0,0,1.3733905579399142,325_right.jpg
0.01279541015625,0.7758061438656745,0.04993330792682927,1,1,0,0,3.902439024390244,3298_left.jpg
0.48899658203125,1.0,0.6939197616407983,1,1,0,0,1.419068736141907,679_right.jpg
0.0,0.0,0.0,0,0,0,0,0.0,3082_right.jpg
0.16765380859375,0.7063389203593948,0.4095360209923664,1,1,0,1,2.4427480916030535,2203_right.jpg
0.03302001953125,0.8879852125693161,0.07629174187725632,1,1,0,0,2.3104693140794224,3668_right.jpg
0.17904296875,0.9989364023126431,0.21458333333333332,1,1,1,0,1.198501872659176,4295_right.jpg
0.0763623046875,0.6006458213440757,0.19090576171875,1,1,0,1,2.5,468_right.jpg
0.84137451171875,0.9877635820756935,0.84137451171875,1,1,1,1,1.0,605_right.jpg
0.00695068359375,0.7309448542325254,0.30504660880745743,1,0,0,0,2.5081967213114753,425_right.jpg
0.10436279296875,0.9974969003672772,0.17897156350482316,1,0,0,1,1.6197916666666667,5167_left.jpg
0.136328125,0.8035279369627507,0.17661943319838055,1,1,0,1,1.2955465587044535,3875_left.jpg
0.17637939453125,0.8298290539137657,0.17917906746031745,1,1,0,1,1.0158730158730158,3950_right.jpg
0.08922119140625,0.5292379258448489,0.24402377136752137,1,1,0,0,2.735042735042735,1006_left.jpg
0.16656982421875,0.7868146041889574,0.18702576754385966,1,1,0,1,1.1228070175438596,3981_left.jpg
0.105927734375,0.9122568452106573,0.19880865102639297,1,1,0,1,1.8768328445747802,3882_right.jpg
0.56442626953125,0.9997794012690915,0.5931573275862069,1,1,0,1,1.0509031198686372,3605_left.jpg
0.1133984375,0.8421029968997589,0.3036610878661088,1,1,0,0,2.6778242677824267,492_right.jpg
0.1337451171875,1.0,0.5953141640042598,1,0,0,0,4.258503401360544,2974_right.jpg
0.01673828125,1.0,0.5736278447121821,0,0,0,0,2.3055555555555554,3793_right.jpg
0.0,0.0,0.0,0,0,0,0,0.0,3006_left.jpg
0.70343505859375,1.0,0.8641044865642994,1,1,0,1,1.2284069097888675,715_left.jpg
0.014501953125,0.5471380471380471,0.038692783209677103,1,0,0,0,2.6431535269709543,3862_left.jpg
0.31066162109375,0.6303252728944494,0.31066162109375,1,1,1,1,1.0,5172_right.jpg
0.00026611328125,0.8165137614678899,0.13196125907990314,1,0,0,1,4.214285714285714,640_right.jpg
0.2093359375,0.6371058033215152,0.3601478494623656,1,1,0,1,1.7204301075268817,4484_left.jpg
0.01308837890625,0.9975750792762544,0.3798894557823129,0,0,0,0,1.125,149_left.jpg
0.3040283203125,0.889938167509837,0.32538147993311034,1,1,0,1,1.0702341137123745,4557_left.jpg
0.74734375,0.9283856888981811,0.74734375,1,1,1,1,1.0,4231_left.jpg
0.37905517578125,0.9876144041323964,0.37905517578125,1,1,1,1,1.0,3527_left.jpg
0.1123046875,0.3690652173913043,0.43083666607348575,0,1,0,0,2.926701570680628,789_right.jpg
0.49697021484375,0.9927637687353543,0.547437069707401,1,1,0,1,1.1015490533562822,3120_right.jpg
0.24284912109375,0.9911230408862884,0.37784032636688925,1,0,0,1,0.9232209737827716,3452_right.jpg
0.3416552734375,0.9764688227980163,0.3638259151414309,1,1,0,1,1.064891846921797,4542_right.jpg
0.4794287109375,0.9844582276676138,0.490935,1,1,0,1,1.024,2517_right.jpg
0.08156005859375,0.8987337983057443,0.3939318900051884,0,1,0,0,1.7207207207207207,565_right.jpg
0.4490966796875,0.9623430279967382,0.4490966796875,1,1,1,1,1.0,1806_right.jpg
0.111708984375,0.8796879097823236,0.31775,1,1,0,1,2.8444444444444446,5095_left.jpg
0.120927734375,0.9493862553500767,0.25797916666666665,1,0,0,0,1.2,3864_right.jpg
0.4347265625,0.9947266151496091,0.4347265625,1,1,1,1,1.0,4829_right.jpg
0.03383056640625,0.6488417406365014,0.23033577127659574,1,1,0,0,6.808510638297872,832_right.jpg
0.567021484375,0.9979375850369426,0.7186014851485149,1,1,0,1,1.2673267326732673,709_right.jpg
0.22223388671875,0.9826095554066376,0.3529272642679901,1,1,0,0,1.588089330024814,2180_right.jpg
0.12451416015625,0.6073802474461285,0.14255646243291592,1,1,0,1,1.144901610017889,451_right.jpg
0.13070068359375,0.8642009900065378,0.21230567893401014,1,1,0,1,1.6243654822335025,988_right.jpg
0.1030908203125,0.9851513285653389,0.23106135224462102,1,0,0,1,2.1580756013745703,263_left.jpg
0.2531640625,0.9800667335287764,0.42304177545691907,1,1,0,1,1.671018276762402,5279_right.jpg
0.06740966796875,0.572706530006157,0.2353638161483906,0,1,0,0,3.3191489361702127,3718_left.jpg
0.13038818359375,0.8612166944408036,0.21287866709183673,1,1,0,1,1.6326530612244898,843_left.jpg
0.171484375,0.99498861047836,0.301510989010989,1,1,0,1,1.7582417582417582,2373_left.jpg
0.0,0.0,0.0,0,0,0,0,0.0,1038_right.jpg
0.06281982421875,0.8481598072364075,0.11230359636871508,1,1,0,0,1.7877094972067038,5105_left.jpg
0.0,0.0,0.0,0,0,0,0,0.0,1291_right.jpg
0.0015576171875,0.9937304075235109,0.021845574387947268,0,1,0,0,9.654545454545454,4782_right.jpg
0.05220703125,0.7040778151889263,0.22576013513513513,1,1,0,0,4.324324324324325,3550_left.jpg
0.0209375,0.7243470149253731,0.05937084625609216,1,0,0,1,1.6486486486486487,1596_left.jpg
0.0536962890625,0.5704737655724288,0.10639512383900929,1,1,0,1,1.9814241486068112,1374_left.jpg
0.0,0.0,0.0,0,0,0,0,0.0,173_left.jpg
0.0012939453125,0.7396226415094339,0.002287638121546961,1,1,0,0,1.7679558011049723,1660_right.jpg
0.0536962890625,0.5704737655724288,0.10639512383900929,1,1,0,1,1.9814241486068112,1375_left.jpg
0.05851318359375,0.8499186381274252,0.13818611623616237,1,1,0,1,2.3616236162361623,4269_left.jpg
0.80003173828125,0.9994232406551253,0.8407558497536946,1,1,0,1,1.0509031198686372,606_left.jpg
0.97731689453125,1.0,0.97731689453125,1,1,1,1,1.0,2792_left.jpg
0.5731201171875,0.995335463258786,0.7440098884381339,1,1,0,1,1.2981744421906694,2486_left.jpg
0.23149658203125,0.5095495723521161,0.42210202991452994,1,1,0,1,1.8233618233618234,263_right.jpg
0.56396240234375,0.9998874454001966,0.56396240234375,1,1,1,1,1.0,4173_left.jpg
0.01054931640625,0.5172413793103449,0.14243802742616032,1,0,0,0,7.40625,836_right.jpg
0.05858154296875,0.41812877682850597,0.32887883771929827,1,1,0,0,5.614035087719298,5325_left.jpg
0.9641015625,1.0,0.9641015625,1,1,1,1,1.0,668_left.jpg
0.10431884765625,0.997215006201877,0.18040151147326422,0,1,0,0,1.7024128686327078,3232_right.jpg
0.14780517578125,0.8804776928032243,0.5046176671612183,0,1,0,0,1.657992565055762,917_right.jpg
0.1701904296875,0.9957825276144026,0.8344106099779757,0,1,0,1,2.6666666666666665,1324_left.jpg
0.49894287109375,0.9740711563021427,0.49894287109375,1,1,1,1,1.0,3351_right.jpg
0.0158837890625,0.572087304027052,0.1509898117849103,0,0,0,0,1.7044025157232705,3852_right.jpg
0.21728271484375,0.9658984932414971,0.3358959842995169,1,1,0,1,1.5458937198067633,4492_left.jpg
0.04746337890625,0.5243043053340878,0.07319653614457831,1,1,0,0,1.5421686746987953,5101_left.jpg
0.3616259765625,0.992236129676888,0.659375,1,1,0,0,1.8233618233618234,4213_left.jpg
0.0054248046875,0.6327632763276327,0.10616340181557572,0,1,0,0,17.085714285714285,4058_left.jpg
0.03334716796875,0.751079874075701,0.2736068266495733,0,1,0,1,0.9519650655021834,1241_right.jpg
0.0062353515625,0.7748629600626469,0.10228683567623853,0,0,0,0,14.853658536585366,4830_right.jpg
0.5362890625,0.9945189015951635,0.589733676975945,1,1,0,0,1.0996563573883162,1699_left.jpg
0.00015380859375,0.6825396825396826,0.13968957871396895,1,0,0,0,0.2682926829268293,68_left.jpg
0.43110107421875,0.975274523018026,0.5485182654075547,1,1,0,0,1.2723658051689861,2068_right.jpg
0.0595654296875,0.7694483154356915,0.14277855805243445,1,1,0,1,2.397003745318352,445_right.jpg
0.003232421875,0.7764350453172205,0.15926861542162876,1,0,1,0,0.3128834355828221,4112_left.jpg
0.91602294921875,1.0,0.91602294921875,1,1,1,1,1.0,2782_right.jpg
0.12446533203125,0.8521998391557639,0.3572099215246637,1,1,0,0,2.8699551569506725,1499_left.jpg
0.74885986328125,0.9965866078967701,0.74885986328125,1,1,1,1,1.0,2558_left.jpg
0.00364990234375,0.611371237458194,0.04946072917355919,0,1,0,1,1.874015748031496,1972_right.jpg
0.97443603515625,1.0,0.97443603515625,1,1,1,1,1.0,615_left.jpg
0.01287109375,1.0,0.7730205278592376,1,0,0,0,0.5636363636363636,2627_right.jpg
0.0280615234375,0.5468940316686967,0.22787470261697065,0,0,0,0,4.663461538461538,2008_left.jpg
0.00203857421875,1.0,0.573489010989011,0,0,0,1,2.1538461538461537,1955_right.jpg
0.26552001953125,0.5590260856772438,0.4094920742497835,1,0,0,0,1.2885462555066078,4115_right.jpg
0.01535888671875,0.86758861866158,0.04211914677093236,0,1,0,0,1.0235602094240839,2682_left.jpg
0.015009765625,0.5902732595966168,0.020341988935652082,0,1,0,0,1.1439688715953307,2837_left.jpg
0.03205322265625,0.49181201919415035,0.19352889150943398,1,1,0,0,6.037735849056604,3435_right.jpg
0.024287109375,0.9260152794531564,0.06671137339055794,1,1,0,1,2.7467811158798283,2748_right.jpg
0.0,0.0,0.0,0,0,0,0,0.0,3476_left.jpg
0.13536376953125,0.8182342862295969,0.35360331632653064,1,1,0,1,2.6122448979591835,1771_left.jpg
0.17158447265625,0.7410110840767775,0.19893851902173912,1,1,0,1,1.1594202898550725,2509_right.jpg
0.06339111328125,0.9586366262276141,0.1861023509174312,1,1,0,0,2.9357798165137616,398_right.jpg
0.666083984375,1.0,0.819795673076923,1,1,0,0,1.2307692307692308,4462_right.jpg
0.04855712890625,0.5215948514254111,0.31654252610134964,0,1,0,0,3.3970588235294117,3272_right.jpg
0.027216796875,0.5715823466092572,0.11535596026490066,1,1,0,0,4.23841059602649,2514_left.jpg
0.24902099609375,0.9995980352748557,0.575355370036101,1,1,0,0,2.3104693140794224,3031_right.jpg
0.07952392578125,0.9667209038160439,0.34532366473718806,0,1,0,0,3.778481012658228,5066_left.jpg
0.01683349609375,0.6304568527918781,0.1464932967896828,0,1,0,0,6.218390804597701,4821_left.jpg
0.0066455078125,0.5304922850844966,0.33235653235653234,0,0,0,0,5.384615384615385,4340_left.jpg
0.32388427734375,0.9800094977499378,0.48431293808411213,1,1,0,0,1.4953271028037383,2811_right.jpg
0.0006494140625,0.7293233082706767,0.6394230769230769,1,0,0,1,0.15384615384615385,4899_left.jpg
0.03174072265625,0.5698023228982386,0.08325435450819672,1,1,0,1,2.622950819672131,67_left.jpg
0.0,0.0,0.0,0,0,0,0,0.0,175_left.jpg
0.00312744140625,0.8360655737704918,0.013899739583333333,1,1,0,0,4.444444444444445,4983_left.jpg
0.1743701171875,1.0,0.4789565450643777,1,1,0,0,2.7467811158798283,423_right.jpg
0.00105712890625,1.0,0.48272017837235226,0,0,0,0,1.6956521739130435,17_left.jpg
0.18654541015625,0.6940020154693819,0.46381852506085386,1,0,0,0,2.310861423220974,374_left.jpg
0.0047802734375,0.8564862104187947,0.2042775169535733,0,0,0,0,4.733333333333333,3532_right.jpg
0.0,0.0,0.0,0,0,0,0,0.0,2682_right.jpg
0.0272705078125,0.6766338406445838,0.09137761780104713,1,1,0,1,3.350785340314136,4978_left.jpg
0.02267333984375,0.3109723269085819,0.16997950069551213,0,1,0,0,7.218390804597701,3351_left.jpg
0.69764892578125,0.9998495224963868,0.8330136427238806,1,1,0,0,1.1940298507462686,4527_left.jpg
0.08649169921875,0.8928218590340701,0.22082252917123765,1,0,0,1,1.8310810810810811,2726_left.jpg
0.54945556640625,0.5304922752902598,0.54945556640625,1,1,1,1,1.0,4942_left.jpg
0.7202099609375,0.9937558898704398,0.7202099609375,1,1,1,1,1.0,1887_left.jpg
0.045712890625,0.7892010254219184,0.16994626778971827,0,1,0,0,3.5568181818181817,1658_left.jpg
0.77406005859375,1.0,0.9106588924632353,1,1,0,1,1.1764705882352942,538_left.jpg
0.110654296875,0.7731224075544965,0.18112212276214834,1,1,0,1,1.6368286445012787,4913_left.jpg
0.0200537109375,0.880691502313124,0.44204068453341944,0,0,0,0,5.719298245614035,2311_right.jpg
0.36681640625,0.7953250625632288,0.4585205078125,1,1,1,0,1.25,2294_right.jpg
0.17139404296875,0.9993305129410424,0.7076915322580645,1,1,0,0,4.129032258064516,1802_left.jpg
0.219482421875,0.5684538375973304,0.3135463169642857,1,1,0,1,1.4285714285714286,3244_left.jpg
0.42217041015625,0.9963046709190903,0.4816204322638146,1,1,0,1,1.1408199643493762,2908_right.jpg
0.0470263671875,0.5983802305056588,0.12645745798319327,1,1,0,1,2.689075630252101,4023_left.jpg
0.130546875,0.39274760622381805,0.5027075812274369,1,0,0,1,2.8854166666666665,5096_right.jpg
0.02059814453125,0.7482517482517482,0.17103529364065762,1,0,0,0,1.380952380952381,5337_left.jpg
0.00898193359375,0.8097309051372655,0.08838438438438438,1,0,0,0,3.3783783783783785,1164_left.jpg
0.12088623046875,0.4576592951630819,0.20686413770053477,1,1,0,1,1.7112299465240641,4722_left.jpg
0.52865478515625,0.9876141259923247,0.5583152846534654,1,1,0,1,1.056105610561056,4340_right.jpg
0.0,0.0,0.0,0,0,0,0,0.0,2995_right.jpg
0.00613525390625,1.0,0.5540123456790124,0,1,0,0,3.5,5315_right.jpg
0.90007080078125,0.9996446677100597,0.90007080078125,1,1,1,1,1.0,2560_left.jpg
0.46939697265625,0.9340545601123449,0.5040504404362416,1,1,0,1,1.0738255033557047,1550_left.jpg
0.11764892578125,0.9768826910705762,0.5699737421048896,1,0,0,0,2.1565656565656566,3958_left.jpg
0.4796630859375,0.9994706570977757,0.6042999507874016,1,1,0,1,1.2598425196850394,1640_left.jpg
0.79601318359375,0.9989878759810702,0.8010195558176101,1,1,0,1,1.0062893081761006,371_left.jpg
0.04462158203125,0.68430267549379,0.6366074538488331,1,0,0,0,2.9292929292929295,14_left.jpg
0.44631591796875,0.968317004994229,0.5600827205882353,1,1,0,1,1.2549019607843137,2483_left.jpg
0.19077392578125,0.9821220614018249,0.5368154213954,0,1,0,0,2.5062240663900415,1076_right.jpg
0.00342041015625,0.42184154175588867,0.0111781320312126,1,0,0,0,3.196969696969697,2670_right.jpg
0.54228271484375,0.9998379247160306,0.8654886221945137,1,1,0,1,1.5960099750623442,797_left.jpg
0.3542919921875,0.9989319036921678,0.4665573559670782,1,1,0,1,1.316872427983539,5276_left.jpg
0.01316162109375,0.8475236505286589,0.0545294546043049,1,0,0,0,3.5449101796407185,1441_left.jpg
0.4419091796875,0.7785764007822945,0.4419091796875,1,1,1,1,1.0,3371_right.jpg
0.0481494140625,0.6000912686340127,0.24708093209721874,1,0,0,0,4.723076923076923,2413_right.jpg
0.0,0.0,0.0,0,0,0,0,0.0,3540_right.jpg
0.25826416015625,0.512738100864962,0.4118599788979431,1,0,0,1,1.4630071599045347,4936_left.jpg
0.28352783203125,0.9292276958315036,0.38201644736842105,1,1,0,1,1.3473684210526315,2931_right.jpg
0.87356201171875,0.9998406980221402,0.87356201171875,1,1,1,1,1.0,5019_left.jpg
0.1221044921875,0.9835646019114648,0.3662097648126995,0,1,0,0,2.6271929824561404,1484_right.jpg
0.31330078125,0.9991584065831307,0.5375670241286863,1,1,0,1,1.7158176943699732,4382_left.jpg
0.784521484375,0.99391921329433,0.8481313344594594,1,1,0,1,1.0810810810810811,758_right.jpg
0.35015625,0.9980128848728246,0.48193548387096774,1,1,0,1,1.3763440860215055,3685_right.jpg
0.31209716796875,0.9994133062150429,0.7289860857664233,1,1,0,1,2.335766423357664,1758_left.jpg
0.0,0.0,0.0,0,0,0,0,0.0,164_left.jpg
0.2847119140625,0.8005539453600645,0.41506976082004554,1,1,0,1,1.457858769931663,2023_left.jpg
6.591796875e-05,0.9629629629629629,0.007692307692307693,0,0,0,0,97.5,220_right.jpg
0.02546875,0.964148773006135,0.07761904761904762,1,1,0,1,3.0476190476190474,2411_right.jpg
0.0901611328125,0.6408340102897373,0.20059968060489522,1,0,1,0,0.7276341948310139,2823_left.jpg
0.1509619140625,0.9918491444836174,0.31368709415584417,1,1,0,1,2.0779220779220777,5156_right.jpg
0.076640625,0.5301032110091743,0.20020408163265307,1,1,0,1,2.6122448979591835,2767_right.jpg
0.13804931640625,0.8571757007692988,0.2236748417721519,1,1,0,1,1.620253164556962,626_left.jpg
0.0,0.0,0.0,0,0,0,0,0.0,3798_left.jpg
0.136328125,0.8035279369627507,0.17661943319838055,1,1,0,1,1.2955465587044535,3876_left.jpg
0.0,0.0,0.0,0,0,0,0,0.0,439_left.jpg
0.36631591796875,0.9816852502282679,0.4333496996303142,1,1,0,1,1.1829944547134936,3354_right.jpg
0.2051806640625,0.7486732824064158,0.3568359375,1,1,0,0,1.7391304347826086,4785_left.jpg
0.98596435546875,0.9997424792807248,0.98596435546875,1,1,1,1,1.0,4242_left.jpg
0.1823828125,0.7663177339901478,0.7446348295007127,1,0,0,0,2.211267605633803,4592_right.jpg
0.01491455078125,0.9985267637911278,0.04242361111111111,1,1,0,1,2.8444444444444446,5274_right.jpg
4.39453125e-05,1.0,0.42857142857142855,0,0,0,0,1.1666666666666667,3426_right.jpg
0.06508544921875,0.4452154994560936,0.24217841569767443,1,1,0,0,3.7209302325581395,4586_left.jpg
0.32982666015625,0.9970317623633389,0.8580856199186991,1,1,0,1,2.6016260162601625,2982_left.jpg
0.1352685546875,0.9141970183734613,0.22711844953105528,0,1,0,1,1.6373056994818653,4778_right.jpg
0.5512158203125,0.9997431104890645,0.5512158203125,1,1,1,1,1.0,4919_right.jpg
0.06179931640625,0.4703907083316873,0.09623251216545012,1,1,0,1,1.5571776155717763,4877_right.jpg
0.0009765625,0.465,0.021940650540288518,1,0,0,1,5.237288135593221,4180_right.jpg
0.1979296875,0.9872459048746793,0.29053899082568807,1,1,0,1,1.4678899082568808,1145_right.jpg
0.15254150390625,0.865030969414702,0.2004652207392197,1,1,0,1,1.3141683778234086,3451_left.jpg
0.0,0.0,0.0,0,0,0,0,0.0,2227_right.jpg
0.6197998046875,0.9960412809705755,0.6286400554675119,1,1,0,0,1.0142630744849446,1893_left.jpg
0.5487744140625,0.9999510628264332,0.6456169577205882,1,1,0,0,1.1764705882352942,926_right.jpg
0.105849609375,0.42690746378817235,0.176416015625,1,1,0,1,1.6666666666666667,629_left.jpg
0.00150390625,0.9772727272727273,0.34375,0,0,0,0,1.75,3681_left.jpg
0.454892578125,0.9763476524763316,0.454892578125,1,1,1,1,1.0,5131_left.jpg
0.998740234375,0.9997897742272981,0.998740234375,1,1,1,1,1.0,4244_right.jpg
0.0,0.0,0.0,0,0,0,0,0.0,210_left.jpg
0.1179248046875,0.9299407892012753,0.42540336785739447,1,0,0,0,0.9707602339181286,4183_right.jpg
0.06715576171875,0.8195368451666848,0.32074393656716416,1,1,0,0,4.776119402985074,3586_right.jpg
0.0490625,0.8741540605095541,0.2162534435261708,1,0,0,0,1.5867768595041323,1492_right.jpg
0.00343017578125,0.4583629893238434,0.004064170504246407,0,1,0,1,1.1553930530164533,1276_right.jpg
0.03072509765625,0.39451728247914186,0.14766273994461915,0,1,0,0,4.1678321678321675,1494_left.jpg
0.085205078125,0.8004011461318051,0.19000435540069685,1,1,0,0,2.229965156794425,854_right.jpg
0.02320556640625,0.394634402945818,0.15174010217113665,0,0,0,0,2.9793103448275864,1246_left.jpg
0.49477294921875,0.7200173690781065,0.49477294921875,1,1,1,1,1.0,3343_right.jpg
0.03979736328125,0.6850499969327035,0.21769497863247864,1,1,0,0,5.47008547008547,4823_right.jpg
0.93365234375,0.9885519737254984,0.93365234375,1,1,1,1,1.0,927_left.jpg
0.00464111328125,0.4765912677538138,0.1514137793707686,0,1,0,0,6.2,4360_left.jpg
0.31084228515625,0.9759741126758351,0.31084228515625,1,1,1,1,1.0,2554_left.jpg
0.8563134765625,0.9998916594914838,0.8563134765625,1,1,1,1,1.0,3287_right.jpg
0.16346923828125,0.9917857729587646,0.5054121376811594,1,1,0,0,3.0917874396135265,1450_left.jpg
0.1398486328125,0.7198770992632939,0.2036331318876644,0,1,1,0,0.8362068965517241,2708_right.jpg
0.29057373046875,0.9984204202690327,0.32511746066433567,1,1,0,1,1.118881118881119,2657_left.jpg
0.005751953125,0.9711375212224108,0.12426160337552743,0,0,0,0,3.037974683544304,4062_right.jpg
0.23434326171875,0.9460968672841114,0.3204694177350427,1,1,0,1,1.3675213675213675,1830_right.jpg
0.18124755859375,0.7769097105295061,0.4199489764171489,0,1,0,0,0.7453798767967146,3943_left.jpg
0.045546875,0.7743353344768439,0.0988135593220339,1,1,0,1,2.169491525423729,880_left.jpg
0.18159423828125,0.7827267716217852,0.4257154304029304,1,1,0,1,2.3443223443223444,5280_right.jpg
0.02263671875,0.47034081104400344,0.2995799676898223,1,0,0,0,12.38,2769_right.jpg
0.3512255859375,0.9899834563679082,0.430361192047433,1,0,1,0,1.069767441860465,2312_right.jpg
0.082353515625,0.7183683149531602,0.2765348701847009,1,0,0,0,2.4529147982062782,1056_right.jpg
0.01712158203125,0.8230429202908883,0.0750535102739726,1,1,0,0,4.383561643835616,2099_left.jpg
0.00127197265625,0.7236084452975048,0.021629924855731307,0,0,0,1,0.3590733590733591,4061_left.jpg
0.965830078125,0.9998508609619721,0.965830078125,1,1,1,1,1.0,5233_right.jpg
0.16059814453125,0.9245982882595278,0.2362823275862069,1,1,0,1,1.471264367816092,4230_left.jpg
0.007275390625,0.6734899328859061,0.026306497175141243,1,1,0,0,3.615819209039548,3402_right.jpg
0.23756591796875,0.9988181734099294,0.6009572628458498,1,1,0,0,2.5296442687747036,1804_left.jpg
0.004091796875,0.6133651551312649,0.06526479750778816,0,0,0,0,7.133333333333334,5097_right.jpg
0.203798828125,0.8384206238918971,0.5720668859649123,1,1,0,0,2.807017543859649,3387_left.jpg
0.92197265625,1.0,0.92197265625,1,1,1,1,1.0,3976_right.jpg
0.00067626953125,1.0,0.6925,0,0,0,0,4.0,72_right.jpg
0.13396728515625,0.8514023290142693,0.21596741183879092,1,1,0,1,1.6120906801007557,1151_left.jpg
0.85135498046875,1.0,0.8830910656401945,1,1,0,0,1.0372771474878444,2593_left.jpg
0.04178466796875,0.9384165936313176,0.21840385891480782,1,0,0,0,4.175182481751825,4516_left.jpg
0.0114794921875,0.8913228413441089,0.32396307013917597,0,1,0,0,2.158536585365854,5091_right.jpg
3.90625e-05,1.0,0.6666666666666666,0,0,0,0,0.6666666666666666,1526_left.jpg
0.00329833984375,0.47150259067357514,0.01357379684517231,1,0,0,1,2.908108108108108,5162_left.jpg
0.11815185546875,0.46316768261184005,0.24631005700325734,1,1,0,1,2.0846905537459284,750_left.jpg
0.1107861328125,0.45317114020009697,0.24619140625,1,1,0,0,2.2222222222222223,4015_left.jpg
0.19305908203125,0.9997850196643777,0.36447732300884955,1,1,0,0,1.887905604719764,3122_right.jpg
0.3076953125,0.45928811730354197,0.3076953125,1,1,1,1,1.0,4956_right.jpg
0.0998095703125,0.46480113497382713,0.23392555717678024,1,0,0,0,1.8786885245901639,1960_left.jpg
0.0023291015625,0.4790356394129979,0.015773809523809523,1,0,0,1,1.8666666666666667,3084_left.jpg
0.326767578125,0.9905113415618182,0.600951867816092,1,1,0,1,1.839080459770115,1292_right.jpg
0.820244140625,0.999866060266927,0.820244140625,1,1,1,1,1.0,2011_right.jpg
0.05597412109375,0.3644174990186243,0.13467457706766917,1,1,0,1,2.406015037593985,4775_left.jpg
0.92248291015625,1.0,0.92248291015625,1,1,1,1,1.0,705_right.jpg
0.24713623046875,1.0,0.46383339442815247,1,1,0,0,1.8768328445747802,2786_right.jpg
0.1423486328125,0.8834082255685521,0.3338926270579814,0,1,0,0,2.309090909090909,2784_right.jpg
0.0,0.0,0.0,0,0,0,0,0.0,2870_right.jpg
0.2817626953125,0.7307512347283598,0.6196842783505154,1,1,0,1,2.1993127147766325,4264_left.jpg
0.01662841796875,0.4596975480839818,0.0679570965328012,1,0,0,1,2.251184834123223,2225_left.jpg
0.1683251953125,0.8882458735822237,0.44150870901639344,1,1,0,1,2.622950819672131,4738_right.jpg
0.40291259765625,0.8317063859955282,0.5146987275449102,1,1,0,1,1.2774451097804391,4551_right.jpg
0.67816650390625,1.0,0.7173992768595041,1,1,0,1,1.0578512396694215,920_right.jpg
0.0,0.0,0.0,0,0,0,0,0.0,1310_left.jpg
0.153125,0.847640306122449,0.28950186477604223,1,0,0,1,1.728813559322034,4869_left.jpg
0.0,0.0,0.0,0,0,0,0,0.0,3541_right.jpg
0.025673828125,0.5587675922403956,0.1975392129238283,1,0,0,1,1.863905325443787,4411_right.jpg
0.10160400390625,0.29202008794483025,0.15409138033175354,1,1,0,0,1.5165876777251184,2909_left.jpg
0.4871484375,0.9996441744848047,0.6388831967213114,1,1,0,1,1.3114754098360655,1863_left.jpg
6.34765625e-05,1.0,0.7428571428571429,0,0,0,0,1.4,2216_left.jpg
0.15748291015625,0.951662661809162,0.3054214015151515,1,1,0,0,1.9393939393939394,1767_right.jpg
0.03005859375,0.6958252111760884,0.13276970193676402,0,1,0,1,1.6234309623430963,3145_left.jpg
0.5345263671875,0.999817303212723,0.5345263671875,1,1,1,1,1.0,4850_left.jpg
0.03580078125,0.9997272231314784,0.7164354113738519,1,0,0,0,1.4453781512605042,4514_left.jpg
0.03763916015625,0.5918142310436532,0.11581280048076924,1,1,0,0,3.076923076923077,5001_left.jpg
0.1659130859375,0.7757732717266547,0.2189368556701031,1,1,0,1,1.3195876288659794,2887_left.jpg
0.1241162109375,0.782819937841772,0.24217797256097562,1,1,0,0,1.951219512195122,4901_right.jpg
0.00219482421875,0.8676307007786429,0.007393092105263158,1,1,0,0,3.3684210526315788,4578_right.jpg
0.0491455078125,0.999652260307998,0.15761656813999922,1,0,0,0,3.0390243902439025,3502_right.jpg
0.00149169921875,1.0,0.754320987654321,0,0,0,0,1.1111111111111112,100_left.jpg
0.0,0.0,0.0,0,0,0,0,0.0,1600_left.jpg
0.0,0.0,0.0,0,0,0,0,0.0,1136_right.jpg
0.0,0.0,0.0,0,0,0,0,0.0,4508_left.jpg
0.3173388671875,0.9013401855641551,0.36824182673239275,1,0,0,1,1.145945945945946,2208_left.jpg
0.2511474609375,0.8895401963643433,0.43092325737265413,1,1,0,0,1.7158176943699732,2730_right.jpg
0.158359375,0.9555685742476566,0.47555995454378824,0,1,0,0,1.3746031746031746,1050_left.jpg
0.99974609375,1.0,0.99974609375,1,1,1,1,1.0,976_left.jpg
0.347978515625,0.572909943030337,0.347978515625,1,1,1,1,1.0,4391_right.jpg
0.10897705078125,0.9903443331765127,0.2620280360664976,1,0,0,1,1.5089285714285714,97_right.jpg
0.15650146484375,0.9095206152598162,0.6124002866013852,1,0,0,1,1.490566037735849,4955_left.jpg
0.012373046875,0.6481846882399369,0.07857364341085271,0,0,0,0,0.7166666666666667,2857_right.jpg
0.08751953125,1.0,0.44454365079365077,0,1,0,0,2.1875,606_right.jpg
0.99605712890625,1.0,0.99605712890625,1,1,1,1,1.0,4254_left.jpg
0.6905224609375,0.9823856766063966,0.7977154783393502,1,1,0,1,1.1552346570397112,4654_right.jpg
0.001162109375,1.0,0.6979472140762464,0,1,0,0,0.7096774193548387,4601_left.jpg
0.56917236328125,0.9379281354420009,0.6216216936860068,1,1,0,1,1.0921501706484642,1918_left.jpg
0.16305419921875,0.474867863506371,0.25639972358722357,1,1,0,1,1.5724815724815724,3738_right.jpg
0.157890625,0.8478476001979218,0.20812790443211512,1,0,0,1,1.131679389312977,4052_right.jpg
0.01277099609375,0.7463200152934429,0.05233093237294918,0,0,0,1,3.5416666666666665,408_left.jpg
0.43833740234375,0.993745230947461,0.43833740234375,1,1,1,1,1.0,3315_right.jpg
0.0,0.0,0.0,0,0,0,0,0.0,172_right.jpg
0.0,0.0,0.0,0,0,0,0,0.0,1289_right.jpg
0.02334228515625,0.5961719485409476,0.29848276723276723,0,1,0,0,5.402597402597403,1306_right.jpg
0.14297119140625,0.8502245521763631,0.23522252570694088,1,1,0,0,1.6452442159383034,4118_left.jpg
0.26438232421875,0.9981254213184845,0.5405900559105431,1,1,0,0,2.0447284345047922,4960_right.jpg
0.48870849609375,0.77870363431997,0.5028511856913184,1,1,0,1,1.0289389067524115,2073_left.jpg
0.8491064453125,0.9996865960884892,0.8491064453125,1,1,1,1,1.0,3013_right.jpg
0.35262939453125,0.8374100819042212,0.4559248737373737,1,1,0,1,1.292929292929293,1558_right.jpg
0.04441650390625,0.41620403451877097,0.14315277602920812,0,1,0,0,2.9375,3824_right.jpg
0.1043115234375,0.612343771942143,0.15069836343115123,1,1,0,1,1.4446952595936795,388_left.jpg
0.05502685546875,0.9684546785571676,0.45096038415366146,0,1,0,0,4.533333333333333,4783_left.jpg
0.0513671875,0.4493346007604563,0.10708469055374593,1,1,0,0,2.0846905537459284,3297_left.jpg
0.00155029296875,0.35118110236220473,0.0031200864779874216,1,0,1,1,0.496875,1165_left.jpg
0.2531787109375,0.9892576806618966,0.2851094364729591,0,0,1,0,0.8963893249607535,2341_left.jpg
0.0112158203125,0.9046582498911624,0.4325800376647834,1,0,0,0,8.194444444444445,2403_right.jpg
0.8817333984375,0.9999086272490156,0.9087107487922705,1,1,0,1,1.0305958132045088,3015_right.jpg
0.8285498046875,0.9983823156753316,0.8285498046875,1,1,1,1,1.0,1931_right.jpg
0.07018798828125,0.7086855194963303,0.18113029233870967,1,1,0,0,2.5806451612903225,2727_right.jpg
0.01979736328125,0.43889505487729685,0.36986863711001644,0,1,0,0,2.896551724137931,1196_left.jpg
0.3879345703125,0.9031328273483619,0.5733905889145496,1,1,0,1,1.4780600461893765,2523_right.jpg
0.06080322265625,0.9869905641437462,0.5160588479071695,1,0,0,0,8.355263157894736,930_right.jpg
0.06437255859375,0.9554367201426025,0.13824979026845638,1,1,0,0,2.1476510067114094,3560_left.jpg
0.2012109375,0.9414798097456805,0.39260670731707314,1,1,0,1,1.951219512195122,1033_right.jpg
0.5338623046875,0.9998216490602277,0.8541796875,1,1,0,1,1.6,883_left.jpg
0.00045654296875,1.0,0.7030075187969925,0,1,1,0,0.7368421052631579,3089_left.jpg
0.31283447265625,0.9985640369292242,0.356887811942959,1,1,0,1,1.1408199643493762,4069_left.jpg
0.0228759765625,0.99957310565635,0.06290617111552715,1,0,0,0,0.7944572748267898,2683_left.jpg
0.045830078125,0.8784892392925634,0.05878006012024048,1,1,0,0,1.282565130260521,3650_right.jpg
0.04341796875,0.4454003598740441,0.12805299539170506,1,1,0,0,2.9493087557603688,276_left.jpg
0.157265625,0.8755433432687532,0.2977810650887574,1,1,0,1,1.893491124260355,1789_left.jpg
0.375068359375,1.0,0.8422587719298246,1,1,0,1,2.245614035087719,1964_right.jpg
0.03462158203125,0.3879134052605599,0.09543582427048562,0,1,0,0,2.358565737051793,2323_left.jpg
8.544921875e-05,1.0,0.8333333333333334,1,0,0,1,0.8571428571428571,4736_left.jpg
0.12474365234375,0.9482532537430277,0.21694916693557975,1,0,0,0,1.5644329896907216,4798_left.jpg
0.4682275390625,0.5819142168875726,0.4682275390625,1,1,1,1,1.0,3260_left.jpg
0.1632421875,0.9509601579325198,0.1875673249551167,1,1,0,1,1.1490125673249552,5062_right.jpg
0.11928955078125,0.9486502527578232,0.18023571072871133,1,0,0,0,1.253763440860215,2269_right.jpg
0.000146484375,0.5666666666666667,0.19480519480519481,1,0,0,0,6.285714285714286,5110_left.jpg
0.79805908203125,0.9999541123024916,0.79805908203125,1,1,1,1,1.0,2944_right.jpg
0.9510205078125,1.0,0.9510205078125,1,1,1,1,1.0,2067_left.jpg
0.022431640625,0.5140400522420548,0.10479014598540146,1,1,0,0,4.671532846715328,3833_left.jpg
0.0,0.0,0.0,0,0,0,0,0.0,2672_left.jpg
0.34661376953125,0.91798440548555,0.3498940260252366,1,1,1,0,1.0094637223974763,4356_left.jpg
0.022626953125,0.5047475183426845,0.07333438835258743,1,0,0,1,1.5669014084507042,4374_left.jpg
0.02313232421875,0.5347757255936676,0.0649328399122807,1,1,0,1,2.807017543859649,454_right.jpg
0.15076171875,0.8194876279310792,0.40203125,1,1,0,0,2.6666666666666665,4152_right.jpg
0.12224365234375,0.4977931337500749,0.35724172374429225,1,1,0,0,2.922374429223744,388_right.jpg
0.2155810546875,0.636452175488664,0.41557793674698795,1,1,0,1,1.927710843373494,265_right.jpg
0.00330078125,0.9866863905325444,0.1723610402855686,0,0,0,0,2.792452830188679,4094_left.jpg
0.92920654296875,1.0,0.92920654296875,1,1,1,1,1.0,1545_left.jpg
0.00873046875,1.0,0.6174033149171271,0,0,0,0,5.65625,2268_right.jpg
0.479736328125,0.9925648854961832,0.479736328125,1,1,1,1,1.0,3756_right.jpg
0.238740234375,0.9862662085327443,0.28559579439252336,1,1,0,0,1.1962616822429906,5298_right.jpg
0.004091796875,0.9468973747016707,0.44574468085106383,0,0,0,0,1.702127659574468,2876_left.jpg
0.018720703125,0.5252999478351591,0.17459016393442622,1,0,0,0,8.472222222222221,3964_right.jpg
0.0573974609375,0.6294768183751595,0.3807904114026563,1,0,0,0,6.428571428571429,2947_left.jpg
0.0,0.0,0.0,0,0,0,0,0.0,211_right.jpg
0.31019287109375,0.5310298689543899,0.5051486959287532,1,1,0,0,1.6284987277353689,2018_left.jpg
0.6014697265625,0.9400394541365957,0.6014697265625,1,1,1,1,1.0,4546_left.jpg
0.15020751953125,0.8604144656643641,0.15020751953125,1,1,1,1,1.0,1039_left.jpg
0.2962109375,0.8983334432282738,0.2962109375,1,1,1,1,1.0,4684_right.jpg
0.0281591796875,0.9008149817929599,0.19768956533662416,0,0,0,0,5.394230769230769,2722_left.jpg
0.41396728515625,0.7674937043305949,0.4239025,1,1,0,1,1.024,3773_right.jpg
0.006484375,0.5707831325301205,0.02064676616915423,1,1,0,1,3.18407960199005,101_left.jpg
0.00473388671875,0.9664775657555441,0.46376464960535757,0,0,0,0,3.054054054054054,3705_right.jpg
0.31218505859375,0.6297987815845657,0.33467074958123955,1,1,0,1,1.0720268006700167,5179_left.jpg
0.35963134765625,0.9926818505821255,0.7377053285256411,1,1,0,1,2.051282051282051,2326_right.jpg
0.2365673828125,0.8503477883960453,0.32629983836206894,1,1,0,1,1.3793103448275863,4853_right.jpg
0.10298583984375,0.9037764028163005,0.16265457447916065,1,0,0,1,1.535279805352798,4797_right.jpg
0.09403076171875,0.33052057639880567,0.14859182098765433,1,1,0,0,1.5802469135802468,3869_right.jpg
0.0518359375,0.6000376789751318,0.19865269461077845,1,1,0,0,3.8323353293413174,4427_right.jpg
0.7322265625,0.9988530274739931,0.7322265625,1,1,1,1,1.0,327_right.jpg
0.0,0.0,0.0,0,0,0,0,0.0,2202_left.jpg
0.5012841796875,0.9995908944799977,0.66837890625,1,1,0,0,1.3333333333333333,2891_left.jpg
0.05955322265625,0.9337924814495961,0.14450829383886257,1,0,0,0,0.9478672985781991,2813_right.jpg
0.0,0.0,0.0,0,0,0,0,0.0,5022_left.jpg
0.46938232421875,0.9999635907811858,0.6068781565656566,1,1,0,0,1.292929292929293,319_right.jpg
0.23394287109375,0.9999791281842564,0.6631578947368421,0,1,0,0,2.3684210526315788,4710_right.jpg
0.2880517578125,0.9983048836302613,0.39731276939655175,1,1,0,1,1.3793103448275863,5054_right.jpg
0.29677734375,0.8790473840078973,0.4643948655256724,1,1,0,0,1.56479217603912,2930_right.jpg
0.12370849609375,0.6370507785518343,0.36152254566210046,1,1,0,0,2.922374429223744,1519_right.jpg
0.902109375,1.0,0.92376,1,1,0,1,1.024,4188_right.jpg
0.03254638671875,0.774435526217088,0.07182650862068965,1,1,0,1,2.206896551724138,4182_right.jpg
0.22918701171875,0.9946737683089214,0.6012887274776939,1,0,0,0,2.5180722891566263,1521_right.jpg
0.33254638671875,0.9995374822885082,0.4636812363834423,1,1,0,1,1.3943355119825709,1809_left.jpg
0.06155029296875,0.6751814684066479,0.15327699416342414,1,1,0,1,2.490272373540856,3568_left.jpg
0.01578857421875,0.8569661357661976,0.03921295173417415,1,0,0,1,2.1035714285714286,1655_right.jpg
0.16028564453125,0.560827380317731,0.20273283102766798,1,1,0,1,1.2648221343873518,4746_left.jpg
0.00139892578125,0.48342059336823734,0.2907153729071537,1,0,0,0,0.3698630136986301,138_right.jpg
0.09165283203125,0.9986414853093951,0.5284487612612613,1,0,0,0,1.2333333333333334,3888_left.jpg
0.001171875,1.0,0.6060606060606061,1,0,0,0,1.6363636363636365,3597_left.jpg
0.00012451171875,0.5686274509803921,0.009695817490494297,0,0,0,0,13.15,4007_left.jpg
0.04441162109375,0.7168929690506294,0.06126875599939374,1,0,0,1,1.1923847695390781,1752_left.jpg
0.0,0.0,0.0,0,0,0,0,0.0,4065_left.jpg
0.6901123046875,0.9988113347719956,0.6955462598425197,1,1,0,1,1.0078740157480315,2564_left.jpg
0.28681640625,0.7741913517194416,0.32035340314136124,1,1,0,1,1.1169284467713787,4774_left.jpg
0.0073779296875,0.4669093315684977,0.10248236570808464,0,0,0,0,3.134020618556701,4343_left.jpg
0.21376708984375,0.9871743624299044,0.36097872691292876,1,1,0,1,1.6886543535620053,1768_right.jpg
0.04526611328125,0.28267083760314976,0.10094185540069686,1,0,0,0,1.79375,4069_right.jpg
0.61689208984375,0.9998575267434175,0.6217495078740157,1,1,0,1,1.0078740157480315,1380_left.jpg
0.04276123046875,0.7105338281473023,0.22089239771982042,1,0,0,0,2.6802325581395348,2238_right.jpg
0.02849365234375,0.9097763687773113,0.08983220443349754,1,1,0,1,3.1527093596059115,1302_left.jpg
0.47262939453125,0.9937703071972065,0.6906000285388127,1,1,0,1,1.461187214611872,4179_left.jpg
0.0551318359375,0.6009210875918873,0.07911294843049327,1,1,0,1,1.4349775784753362,2570_left.jpg
0.0087548828125,0.42024539877300615,0.0437744140625,1,1,0,0,5.0,3764_left.jpg
0.0,0.0,0.0,0,0,0,0,0.0,1082_left.jpg
0.06585693359375,0.9336051899907322,0.22958423762713306,0,1,0,0,1.1841269841269841,2228_left.jpg
0.00025390625,1.0,0.8,0,1,0,0,0.7692307692307693,2740_left.jpg
0.019736328125,0.4069767441860465,0.061986259354680405,0,0,0,0,2.985645933014354,3832_left.jpg
0.00310302734375,0.995279307631786,0.024839743589743588,1,0,0,0,1.1826923076923077,2396_right.jpg
0.02752197265625,0.6954670451521334,0.03787970430107527,1,1,0,1,1.3763440860215055,2334_right.jpg
0.867255859375,1.0,0.867255859375,1,1,1,1,1.0,2780_right.jpg
0.032314453125,1.0,0.4571704890853827,1,0,0,1,13.106382978723405,2735_right.jpg
0.53268310546875,0.9979467154321752,0.53268310546875,1,1,1,1,1.0,2810_left.jpg
0.01427490234375,0.5322387549170515,0.08945427841439346,1,0,0,0,2.460122699386503,159_right.jpg
0.0227197265625,0.7927143778207608,0.08716421265595145,1,0,0,0,2.2672811059907834,295_right.jpg
0.01619873046875,0.29163526752072344,0.20133515399787588,1,0,0,0,7.8,526_right.jpg
0.0188232421875,0.8320363164721142,0.16481754633489387,0,0,0,0,5.408602150537634,499_right.jpg
0.003427734375,1.0,0.8210526315789474,1,0,0,0,0.8444444444444444,2478_right.jpg
0.30468505859375,0.9485092027980994,0.5064894480519481,1,1,0,1,1.6623376623376624,2202_right.jpg
0.10831298828125,0.9863180435027612,0.14234150410677618,1,1,0,1,1.3141683778234086,3498_left.jpg
0.26715576171875,0.5626764875213612,0.3288070913461538,1,1,0,1,1.2307692307692308,5263_left.jpg
0.01853759765625,0.5112603713947057,0.057990606025890706,1,0,0,0,2.832558139534884,4925_right.jpg
0.00848876953125,0.9925222893298821,0.061042837078651685,1,1,0,0,7.191011235955056,80_right.jpg
0.7942626953125,1.0,0.7942626953125,1,1,1,1,1.0,1936_left.jpg
0.1883984375,0.6694873522703711,0.3827777777777778,1,1,0,1,2.0317460317460316,1992_left.jpg
0.00374267578125,0.7488584474885844,0.11012931034482759,0,0,0,0,4.137931034482759,503_right.jpg
0.01847412109375,0.9996035416941985,0.655605614278288,0,1,0,0,3.4310344827586206,2391_left.jpg
0.74637451171875,0.9994275714309079,0.74637451171875,1,1,1,1,1.0,2568_right.jpg
0.14509521484375,0.7369049822483216,0.4299117476851852,1,1,0,0,2.962962962962963,391_right.jpg
0.00632568359375,0.8587417985333848,0.389039039039039,0,0,0,0,4.864864864864865,3494_left.jpg
0.24456787109375,0.9976940354379835,0.38083561435523117,1,1,0,1,1.5571776155717763,1932_right.jpg
0.083193359375,0.24917830731306492,0.08424643987341772,1,1,0,1,1.0126582278481013,4433_left.jpg
0.018427734375,0.338102808691044,0.10400132275132275,1,0,0,0,4.571428571428571,2459_left.jpg
0.01235595703125,0.993479549496147,0.07556212487682523,0,0,0,0,0.5,4574_right.jpg
0.0302783203125,0.5220125786163522,0.3278957248235201,0,0,0,0,3.18348623853211,3468_left.jpg
0.99567626953125,1.0,0.99567626953125,1,1,1,1,1.0,2361_left.jpg
0.16492919921875,0.9990230182814004,0.20575962475633527,1,1,0,0,1.2475633528265107,2645_left.jpg
0.35491455078125,1.0,0.6841726280120481,1,1,0,0,1.927710843373494,2592_right.jpg
0.55525146484375,0.9998592979848834,0.55525146484375,1,1,1,1,1.0,1115_left.jpg
0.0014794921875,1.0,0.4580498866213152,0,0,0,0,0.5510204081632653,2183_right.jpg
0.06263427734375,0.6106801793022802,0.0879077576754386,1,1,0,1,1.4035087719298245,3575_left.jpg
0.17610107421875,0.6418183582648237,0.18445939034369885,1,1,1,0,1.0474631751227497,4725_left.jpg
0.6139794921875,0.9757362238852262,0.6139794921875,1,1,1,1,1.0,1987_right.jpg
0.00684814453125,0.8470588235294118,0.03254437869822485,0,0,0,0,2.9823529411764707,4907_left.jpg
0.0333203125,0.6713804220398594,0.11403743315508022,1,1,0,0,3.4224598930481283,4856_right.jpg
0.0656298828125,0.479465813555539,0.08468371975806452,1,1,0,1,1.2903225806451613,3631_right.jpg
0.00013427734375,0.7818181818181819,0.009548611111111112,1,1,0,1,71.11111111111111,1269_right.jpg
0.05711669921875,0.746441547339175,0.13075676279901632,1,0,0,1,2.2183098591549295,3003_left.jpg
0.31680908203125,0.8078064192964205,0.3507920631487889,1,1,0,0,1.1072664359861593,3331_left.jpg
0.0120556640625,0.6261644390441474,0.047503607503607506,0,1,0,0,3.8181818181818183,5026_left.jpg
0.6741943359375,0.997700525076951,0.7543433129370629,1,1,0,1,1.118881118881119,333_left.jpg
0.00040771484375,1.0,0.6549019607843137,0,1,0,0,0.8823529411764706,638_left.jpg
0.05728515625,0.7514064098192976,0.28228387189913623,0,1,0,0,4.302158273381295,5088_right.jpg
0.52525390625,0.5327036775369055,0.52525390625,1,1,1,1,1.0,4537_left.jpg
0.02541259765625,0.2319146892112595,0.25021634615384614,1,1,0,0,9.846153846153847,4700_right.jpg
0.3920849609375,0.9751553568537591,0.4417858714788732,1,1,0,1,1.1267605633802817,660_left.jpg
0.52391357421875,0.9961881684102611,0.5514879728618421,1,1,0,1,1.0526315789473684,3606_right.jpg
0.38811279296875,0.5954796786835335,0.39116879921259845,1,1,1,0,1.0078740157480315,4522_right.jpg
0.1280029296875,0.9572572954415411,0.31911526616270436,1,0,0,0,2.1258992805755397,2380_right.jpg
2.44140625e-05,1.0,0.8333333333333334,1,0,0,0,3.0,4262_right.jpg
0.32906494140625,0.9753459212820418,0.3996234582542694,1,1,0,1,1.2144212523719164,5265_left.jpg
0.054521484375,0.6633530360021493,0.1282858455882353,1,1,0,0,2.3529411764705883,2460_left.jpg
0.32292724609375,0.39173363775884357,0.32292724609375,1,1,1,1,1.0,4992_right.jpg
0.10607421875,0.8993739642791383,0.2901175213675214,1,1,0,0,2.735042735042735,4315_right.jpg
0.52380859375,0.7608272120511578,0.52380859375,1,1,1,1,1.0,333_right.jpg
0.00582763671875,0.9463762044407206,0.47436406995230523,0,1,0,0,3.675675675675676,545_left.jpg
0.024375,0.8430488782051282,0.04517013450601952,1,0,0,1,1.6233062330623307,2854_left.jpg
0.00075439453125,1.0,0.515,1,0,0,0,4.166666666666667,348_left.jpg
0.42880859375,0.5955363242997039,0.42880859375,1,1,1,1,1.0,530_left.jpg
0.69421630859375,0.9996377716273197,0.7905666147686833,1,1,0,1,1.1387900355871887,731_left.jpg
0.2513037109375,1.0,0.6382316468253968,1,1,0,0,2.5396825396825395,989_left.jpg
0.00241943359375,0.8183652875882946,0.0684203258768296,0,1,0,0,12.529411764705882,961_right.jpg
0.91338134765625,1.0,0.91338134765625,1,1,1,1,1.0,3228_right.jpg
0.022001953125,0.7108300044385264,0.2895979947941772,0,1,0,0,2.0569105691056913,3549_right.jpg
0.00653564453125,0.6204706761299963,0.18695439625672183,1,0,0,0,7.744186046511628,1120_right.jpg
0.62337646484375,0.9977049758160847,0.62337646484375,1,1,1,1,1.0,4194_left.jpg
0.00111572265625,1.0,0.8059964726631393,0,1,0,0,0.7777777777777778,4344_right.jpg
0.0506396484375,0.35444990839841867,0.15263816322025167,0,1,0,0,2.967289719626168,404_left.jpg
0.13291259765625,0.8750941386087692,0.21426715994962217,1,1,0,1,1.6120906801007557,4870_left.jpg
0.31886474609375,0.9996324852419854,0.5140388853904282,1,1,0,1,1.6120906801007557,3238_left.jpg
0.45101318359375,0.9226838444257991,0.45101318359375,1,1,1,1,1.0,4949_left.jpg
0.05946044921875,0.5930609731061384,0.36242559523809526,1,1,0,0,6.095238095238095,2688_left.jpg
0.09539794921875,0.9458989123480486,0.3354653159340659,1,1,0,0,3.5164835164835164,1585_left.jpg
0.00252685546875,1.0,0.7986111111111112,0,0,0,0,0.5625,5318_right.jpg
0.04182861328125,0.9014183155314306,0.18473830626900434,1,0,0,0,3.0632183908045976,577_right.jpg
0.0239404296875,0.9648174586987559,0.5386432298819006,0,0,0,0,6.0181818181818185,834_left.jpg
0.18568603515625,0.9911513733121212,0.20896215399409301,0,1,0,1,1.1008695652173912,4769_left.jpg
0.17025634765625,0.8213573856059194,0.3158378623188406,1,1,0,0,1.855072463768116,2946_right.jpg
0.17541015625,0.6293007460193742,0.3301838235294118,1,1,0,1,1.8823529411764706,1476_left.jpg
0.016865234375,0.8222350897510133,0.1800083385449239,0,0,0,0,5.7073170731707314,5332_right.jpg
0.38414306640625,0.6272077282404906,0.44297578828828826,1,1,0,1,1.1531531531531531,5053_right.jpg
0.61093994140625,0.9990489168441622,0.6473535802980133,1,1,0,1,1.0596026490066226,849_right.jpg
0.571162109375,0.9950459076375947,0.571162109375,1,1,1,1,1.0,4981_right.jpg
0.0125244140625,0.9417153996101365,0.534988007091459,0,1,0,0,5.186046511627907,292_left.jpg
0.00045654296875,0.5240641711229946,0.22,0,1,0,0,0.34,4936_right.jpg
0.0491943359375,0.9185111662531017,0.1244441699604743,1,1,0,0,2.5296442687747036,1066_right.jpg
0.1717822265625,0.9927944060714591,0.28189903846153846,1,1,0,1,1.641025641025641,4054_left.jpg
0.12229248046875,0.6740332594677687,0.4001805530034912,1,0,0,0,3.1608040201005023,1398_left.jpg
0.96520751953125,1.0,0.96520751953125,1,1,1,1,1.0,4306_left.jpg
0.04661376953125,0.5193002671136019,0.10216716609589041,1,1,0,1,2.191780821917808,2606_right.jpg
0.17489990234375,0.6043216683649967,0.2186248779296875,1,1,0,0,1.25,1409_left.jpg
0.07473388671875,0.43559504753193296,0.1708203125,1,1,0,1,2.2857142857142856,2714_left.jpg
0.10526123046875,0.9254551780122927,0.17089596017250128,1,0,0,1,1.3518518518518519,5100_left.jpg
0.64496337890625,0.9990877328457815,0.64496337890625,1,1,1,1,1.0,4952_right.jpg
0.21884033203125,0.41540881555607617,0.26426002358490563,1,1,1,0,1.2075471698113207,2469_left.jpg
0.00978515625,1.0,0.6179463459759482,0,1,0,0,0.7340425531914894,221_left.jpg
0.4429833984375,0.9897765726442027,0.6750223214285714,1,1,0,1,1.5238095238095237,4715_right.jpg
0.1437646484375,0.6186699724892164,0.14792504019292604,1,1,0,0,1.0289389067524115,4902_left.jpg
0.2944580078125,0.7990216399966835,0.35224883177570093,1,1,0,1,1.1962616822429906,4327_right.jpg
0.00315185546875,0.9674670797831139,0.291553748870822,1,0,0,1,2.6341463414634148,2993_right.jpg
0.0522607421875,0.5644211903204709,0.12574013157894737,1,1,0,0,2.406015037593985,1827_left.jpg
0.16708251953125,0.9538261466750442,0.349453635620915,1,1,0,0,2.0915032679738563,3065_left.jpg
0.0,0.0,0.0,0,0,0,0,0.0,1287_left.jpg
0.00036865234375,1.0,0.7864583333333334,1,0,0,0,0.75,4578_left.jpg
0.0284423828125,0.6840343347639485,0.11594347133757962,1,1,0,0,4.076433121019108,3168_left.jpg
0.19724853515625,0.9718787518720681,0.27503063725490196,1,1,0,0,1.3943355119825709,3737_right.jpg
0.0561181640625,0.5208822761681023,0.1386703667953668,1,1,0,1,2.471042471042471,4897_left.jpg
0.08294677734375,0.38863870493009567,0.25769872572815533,1,1,0,0,3.1067961165048543,792_right.jpg
0.2215673828125,0.8635652423033695,0.29665925732217574,1,1,0,1,1.3389121338912133,2490_right.jpg
0.003056640625,1.0,0.7766749379652605,0,1,0,0,2.3846153846153846,490_left.jpg
0.006240234375,0.5907668231611893,0.06874663797740721,0,1,0,0,0.3254437869822485,514_right.jpg
0.7170263671875,0.9982566889347416,0.7170263671875,1,1,1,1,1.0,4026_right.jpg
0.04963623046875,0.99734395750332,0.07817691029900332,1,0,0,1,0.9767441860465116,2338_left.jpg
0.7146484375,0.9986676687619568,0.7146484375,1,1,1,1,1.0,4764_left.jpg
0.01254638671875,1.0,0.6585928489042676,0,0,0,0,3.0,380_right.jpg
0.2261572265625,0.6078005915754474,0.2261572265625,1,1,1,1,1.0,1995_right.jpg
0.52073486328125,1.0,0.7213643127705628,1,1,0,0,1.3852813852813852,611_left.jpg
0.86094970703125,0.9988175076918714,0.86094970703125,1,1,1,1,1.0,2882_left.jpg
0.243828125,0.8009652355014418,0.243828125,1,1,1,1,1.0,4951_left.jpg
0.0261328125,0.3710762331838565,0.0261328125,1,1,1,1,1.0,2707_right.jpg
0.112587890625,0.918943533697632,0.2501953125,1,1,0,1,2.2222222222222223,8_left.jpg
0.04960693359375,0.8422658595403317,0.2838166275561515,0,1,0,0,5.508771929824562,4787_right.jpg
0.419111328125,0.9674138453293567,0.419111328125,1,1,1,1,1.0,4381_left.jpg
0.4114501953125,1.0,0.6827388958208424,1,0,0,0,1.5123762376237624,4994_left.jpg
0.03406982421875,0.4191329272662128,0.285799131645777,0,1,0,0,8.025641025641026,2711_right.jpg
0.313330078125,0.9646719650927225,0.33930837563451777,1,1,0,1,1.0829103214890017,2290_right.jpg
0.4900048828125,1.0,0.5786035516605166,1,1,0,0,1.1808118081180812,2306_left.jpg
0.46166015625,0.9992437703600288,0.6066991786447639,1,1,0,1,1.3141683778234086,697_left.jpg
0.00565185546875,0.6012958963282937,0.19655289522839192,0,1,0,0,1.935897435897436,2327_right.jpg
0.49010986328125,0.967955008493193,0.5307450296108291,1,1,0,1,1.0829103214890017,1386_right.jpg
0.07265380859375,0.8108807419604154,0.38932715831338227,1,0,0,0,2.6140350877192984,255_left.jpg
0.2161865234375,0.8370073404856013,0.2906709558823529,1,1,0,1,1.3445378151260505,1324_right.jpg
0.00752197265625,0.42778318727685816,0.05262438724443609,0,0,0,0,3.62992125984252,870_left.jpg
4.150390625e-05,0.5294117647058824,0.00040865384615384613,0,0,0,1,1.04,4671_left.jpg
0.052275390625,0.568092658322436,0.12042744656917885,0,1,0,1,2.267857142857143,1180_left.jpg
0.06947265625,0.7061428169806017,0.2555316091954023,1,1,0,0,3.67816091954023,35_left.jpg
0.05137939453125,0.4802565930149679,0.41103515625,1,1,0,0,8.0,2224_right.jpg
0.0517578125,0.6481603773584905,0.1403601694915254,1,1,0,1,2.711864406779661,1325_right.jpg
0.05927734375,0.5357907742998352,0.14591346153846155,1,1,0,0,2.4615384615384617,3390_right.jpg
0.0003125,1.0,0.6736842105263158,0,1,0,0,1.9,3840_right.jpg
0.02452880859375,0.8219368965860456,0.06855212882096069,1,1,0,1,2.7947598253275108,2308_right.jpg
0.236552734375,0.9966870329851794,0.2872746679316888,1,1,0,0,1.2144212523719164,4322_right.jpg
0.00943115234375,0.6111830183794978,0.2143729189789123,0,1,0,0,3.8970588235294117,5337_right.jpg
0.0808935546875,0.8657270477455182,0.20800532348989917,1,0,0,1,2.0611510791366907,411_right.jpg
0.96376708984375,1.0,0.96376708984375,1,1,1,1,1.0,2140_right.jpg
0.66794921875,0.9961183075528525,0.7566150442477876,1,1,0,1,1.1327433628318584,362_left.jpg
0.590068359375,0.9997600251559836,0.6916552197802198,1,1,1,0,1.1721611721611722,2917_right.jpg
0.2507275390625,0.98999006796627,0.38388905502392345,1,1,0,1,1.5311004784688995,4833_left.jpg
0.2400048828125,0.6323215266616483,0.2400048828125,1,1,1,1,1.0,4541_right.jpg
0.1151123046875,0.9898833510074231,0.3785689051610624,0,1,0,0,1.2087227414330217,543_left.jpg
0.07567626953125,0.5862502822853825,0.2589989973262032,1,1,0,0,3.4224598930481283,4367_left.jpg
0.442216796875,0.9994092705871961,0.442216796875,1,1,1,1,1.0,1622_left.jpg
0.011328125,0.40926724137931036,0.15917667238421956,0,0,0,0,9.636363636363637,3994_right.jpg
0.38599365234375,0.9973688038810142,0.39336932722929935,1,1,0,1,1.019108280254777,3758_right.jpg
0.0316650390625,0.9928296067848882,0.11163903665065675,1,0,0,0,2.8756218905472637,2255_right.jpg
0.010078125,0.9416182170542635,0.18702428416092787,1,0,0,1,0.3588709677419355,3971_right.jpg
0.00846435546875,0.49524084222670894,0.02188127185287101,1,0,0,0,1.3008595988538683,4206_left.jpg
0.0724609375,0.5073450134770889,0.26053370786516855,1,1,0,0,3.595505617977528,860_left.jpg
0.2027294921875,0.5877068330162094,0.2664206878850103,1,1,0,1,1.3141683778234086,4760_left.jpg
0.0,0.0,0.0,0,0,0,0,0.0,3001_left.jpg
0.06642333984375,0.8800676296541331,0.23749127094972067,1,1,0,0,3.5754189944134076,3751_left.jpg
0.18758056640625,0.9979826376687101,0.5943146658415842,1,1,0,0,3.1683168316831685,4420_left.jpg
0.66297119140625,0.999388701284832,0.66297119140625,1,1,1,1,1.0,3291_right.jpg
0.1466455078125,0.7192421669496887,0.45559769417475726,1,1,0,1,3.1067961165048543,1737_right.jpg
0.0848583984375,0.6115426664365038,0.17334969178287152,1,0,0,1,1.7243401759530792,2117_left.jpg
0.99543212890625,0.9998651064800395,0.99543212890625,1,1,1,1,1.0,4249_right.jpg
0.39984130859375,0.5202564493970386,0.5398701213080169,1,1,0,0,1.350210970464135,3048_left.jpg
0.0,0.0,0.0,0,0,0,0,0.0,3937_right.jpg
0.10831298828125,0.9863180435027612,0.14234150410677618,1,1,0,1,1.3141683778234086,3497_left.jpg
0.0,0.0,0.0,0,0,0,0,0.0,4622_left.jpg
0.3335498046875,0.4685702156314503,0.46814007675438596,1,1,0,1,1.4035087719298245,5118_left.jpg
0.65067626953125,0.9993546377904599,0.6589126780063291,1,1,1,0,1.0126582278481013,300_right.jpg
0.0250732421875,0.9953261927945473,0.587663080796521,1,0,0,0,15.117647058823529,3595_right.jpg
0.202021484375,0.7122709914439019,0.39418826219512193,1,1,0,1,1.951219512195122,2791_left.jpg
0.3582958984375,0.9978944929748294,0.4254348330241187,1,1,0,1,1.1873840445269017,4536_left.jpg
0.02196044921875,0.4556976097832129,0.12942818498374054,1,0,0,1,1.2692307692307692,3924_right.jpg
0.12916015625,0.764800393164978,0.282452936968105,0,0,0,1,1.8522012578616351,1435_right.jpg
0.04900634765625,0.8074527972898919,0.21780598958333333,1,1,0,0,4.444444444444445,5129_left.jpg
0.10435546875,0.37864963503649635,0.15110294117647058,1,1,0,1,1.4479638009049773,1682_left.jpg
0.690498046875,0.9923451709165995,0.690498046875,1,1,1,1,1.0,2315_right.jpg
0.02232177734375,0.7417696598490648,0.395937987181708,0,1,0,0,2.7282608695652173,3532_left.jpg
0.0004833984375,0.5959595959595959,0.17662801070472792,1,0,0,1,3.1052631578947367,1206_right.jpg
0.47322021484375,0.952716541729651,0.47322021484375,1,1,1,1,1.0,1993_left.jpg
0.01588134765625,0.9686395080707149,0.15739934185056137,0,0,0,0,1.5365853658536586,5009_right.jpg
0.0015234375,1.0,0.7959183673469388,1,0,0,1,4.0,635_right.jpg
0.15426025390625,0.7904249426287885,0.24497906327543426,1,1,0,0,1.588089330024814,1498_right.jpg
0.07442626953125,0.2577661144825324,0.5121807795698925,1,1,0,0,6.881720430107527,4334_left.jpg
0.50326904296875,0.99999514890438,0.50326904296875,1,1,1,1,1.0,4761_left.jpg
0.00810546875,0.8292168674698795,0.08741442864665613,0,0,0,0,4.688888888888889,968_left.jpg
0.5391162109375,0.9946518009980889,0.5979798526863085,1,1,0,1,1.1091854419410745,1697_left.jpg
0.00191650390625,0.5363057324840764,0.010854535398230088,1,1,0,0,5.663716814159292,3478_left.jpg
0.0544091796875,0.8406174279816926,0.1525205655702925,0,1,0,0,1.6904761904761905,3934_left.jpg
0.06185546875,0.5700189453741712,0.20405927835051546,1,1,0,0,3.2989690721649483,4266_right.jpg
0.58691162109375,0.9966846783888452,0.58691162109375,1,1,1,1,1.0,3630_right.jpg
0.00146728515625,0.7953410981697171,0.00595255781706532,0,1,0,0,3.993710691823899,2101_right.jpg
0.0382080078125,0.8723322683706071,0.3132819537583825,0,1,0,0,4.70873786407767,497_right.jpg
0.22145263671875,0.9959319567398327,0.3297045609851844,0,1,0,0,1.4472477064220184,5328_left.jpg
0.07783203125,0.7844416562107904,0.17478070175438595,1,1,0,1,2.245614035087719,3726_left.jpg
0.0754736328125,0.2353949666817623,0.1437593005952381,1,1,0,1,1.9047619047619047,2503_left.jpg
0.00521728515625,1.0,0.5653439153439154,1,0,0,0,1.05,1295_left.jpg
0.03622802734375,0.6408787654154593,0.15419385676877675,1,0,0,1,2.5051020408163267,1299_left.jpg
0.2209033203125,0.9861408899007538,0.37600565159574467,1,1,0,1,1.702127659574468,3454_left.jpg
0.66710693359375,1.0,0.8471199156746032,1,1,0,1,1.2698412698412698,4940_left.jpg
0.49404296875,0.5488831784937734,0.6413539553752535,1,1,0,1,1.2981744421906694,3041_right.jpg
0.03597412109375,0.26874787919918564,0.12581113387978143,1,1,0,0,3.4972677595628414,4480_right.jpg
0.65046875,0.9993093922651933,0.65046875,1,1,1,1,1.0,1946_right.jpg
0.2877685546875,0.966505472130313,0.5262053571428571,1,1,0,1,1.8285714285714285,2332_right.jpg
0.221943359375,1.0,0.6958025900866424,1,0,0,0,0.9700272479564033,1856_right.jpg
0.7097119140625,0.9975232027740129,0.7097119140625,1,1,1,1,1.0,1643_right.jpg
0.04923583984375,0.5715277433430852,0.07177890091116174,1,1,0,1,1.457858769931663,5292_right.jpg
0.07243408203125,0.5872459469479928,0.23895779639175257,1,1,0,0,3.2989690721649483,948_left.jpg
0.8506982421875,0.997457281759584,0.8506982421875,1,1,1,1,1.0,1915_right.jpg
0.07738037109375,0.34566966398485566,0.15982149610468194,1,0,0,0,1.7256637168141593,4113_right.jpg
0.02076171875,0.6127704609595485,0.08797939146897857,0,1,0,0,3.638036809815951,135_left.jpg
0.126025390625,0.8190236342502906,0.49482361963190186,1,1,0,0,3.9263803680981595,2108_right.jpg
0.00015380859375,1.0,0.7875,0,1,0,0,1.25,2366_left.jpg
0.03189208984375,0.4776085125928194,0.15119212962962963,1,1,0,0,4.7407407407407405,5087_left.jpg
0.05390380859375,0.9948820145839938,0.12507080869190854,1,0,0,1,2.219858156028369,4363_right.jpg
0.98791259765625,1.0,0.98791259765625,1,1,1,1,1.0,759_right.jpg
0.33375732421875,0.9996635139385693,0.5505275451030928,1,1,0,1,1.6494845360824741,5113_right.jpg
0.01028564453125,1.0,0.8101923076923077,0,1,0,0,0.8125,1222_left.jpg
0.99464111328125,1.0,0.99464111328125,1,1,1,1,1.0,3114_right.jpg
0.1396142578125,0.9997202112405135,0.5295,1,0,0,1,2.7,2278_right.jpg
0.00954345703125,0.7515988743924278,0.20025614754098361,1,0,0,1,19.0625,83_left.jpg
0.22571533203125,0.9987561247336485,0.2482092998281787,1,1,0,1,1.0996563573883162,4849_right.jpg
0.453662109375,0.9698094930577978,0.6138345665961945,1,1,0,0,1.3530655391120507,4549_right.jpg
0.168017578125,0.8085004359197907,0.19270833333333334,1,1,0,1,1.146953405017921,3641_left.jpg
0.0097705078125,0.9992503748125937,0.30798830229336616,1,0,0,0,0.4101123595505618,1627_left.jpg
0.1994140625,0.9973310479921645,0.6648758648758649,0,1,0,1,2.4266666666666667,3656_right.jpg
0.10033203125,0.9466371423009539,0.23959888059701492,1,1,0,1,2.388059701492537,2631_right.jpg
0.06983642578125,0.5691662296801259,0.3604460685483871,1,1,0,0,5.161290322580645,4385_right.jpg
0.0060595703125,0.4057211925866237,0.015031492248062016,1,1,0,1,2.4806201550387597,3590_left.jpg
0.02988525390625,0.43297116248672496,0.16805326743547502,1,0,0,0,5.058333333333334,2004_left.jpg
0.36215087890625,0.9985236320001079,0.5402717074592075,1,1,0,1,1.491841491841492,1559_left.jpg
0.09404541015625,0.8271592118584669,0.21298323602264685,1,0,0,1,2.1805555555555554,262_left.jpg
0.24126953125,0.8601149518335627,0.2963771593090211,1,1,0,1,1.2284069097888675,5187_right.jpg
0.046845703125,0.5806754221388368,0.2939338235294118,1,1,0,0,6.2745098039215685,2281_left.jpg
0.227509765625,0.9966841224191956,0.5433069029850747,1,1,0,1,2.388059701492537,2204_left.jpg
0.1776611328125,0.5502542256424351,0.3202904929577465,1,1,0,0,1.8028169014084507,4878_left.jpg
0.11771240234375,0.49432749144457117,0.20984940807799443,1,1,0,1,1.7827298050139275,5196_left.jpg
0.12020263671875,0.870681425814969,0.1709548611111111,1,1,0,1,1.4222222222222223,3448_left.jpg
0.0283544921875,0.5551059066643705,0.34202079100038285,0,0,0,0,8.555555555555555,508_right.jpg
0.56092041015625,0.9981893598777818,0.5734649560702876,1,1,0,1,1.0223642172523961,3322_left.jpg
0.0,0.0,0.0,0,0,0,0,0.0,1205_right.jpg
0.05167724609375,0.9946142580431804,0.13021038385826772,1,0,0,1,2.48046875,130_left.jpg
0.0316455078125,0.6085480635704367,0.19288690476190476,1,1,0,0,6.095238095238095,827_right.jpg
0.108427734375,0.46073133387372783,0.1840683023872679,1,1,0,1,1.6976127320954908,4313_right.jpg
0.055107421875,0.6528885344674819,0.1671504739336493,1,1,0,0,3.0331753554502368,4051_right.jpg
0.07619384765625,0.7965010093242334,0.12900545634920635,1,1,0,1,1.693121693121693,4323_right.jpg
0.05947509765625,0.6026846188580107,0.12521073190789472,1,1,0,1,2.1052631578947367,344_right.jpg
0.007236328125,0.7304318488529015,0.035901162790697674,1,1,0,1,4.961240310077519,224_left.jpg
0.00069091796875,0.6501766784452296,0.31030701754385964,1,0,0,0,2.526315789473684,561_right.jpg
0.3393603515625,0.9709572524136343,0.3393603515625,1,1,1,1,1.0,4419_right.jpg
0.433740234375,0.8847574017786783,0.433740234375,1,1,1,1,1.0,2494_left.jpg
0.0945703125,0.28214064436183395,0.2010797342192691,1,1,0,1,2.12624584717608,1250_left.jpg
0.53061767578125,0.9745101016375189,0.6632720947265625,1,1,0,1,1.25,802_left.jpg
0.26087646484375,0.4948668756726405,0.2778052204658902,1,1,0,1,1.064891846921797,1634_right.jpg
0.33487548828125,0.8181168665475886,0.33487548828125,1,1,1,1,1.0,4380_right.jpg
0.0781494140625,0.5009372071227741,0.2660405585106383,1,1,0,0,3.404255319148936,2376_left.jpg
0.20739013671875,0.6434247236512178,0.3587288851351351,1,1,0,0,1.7297297297297298,558_left.jpg
0.17541748046875,0.6664068697721675,0.23126713960165313,1,0,0,1,1.2134387351778657,3363_left.jpg
0.3546435546875,0.9996626784706255,0.47384525052192067,1,1,0,1,1.336116910229645,3606_left.jpg
0.00490234375,1.0,0.7309792500910084,1,0,0,0,1.6341463414634145,79_right.jpg
0.03089111328125,0.8603493242709239,0.21500424808836024,0,1,0,0,4.863636363636363,4796_left.jpg
0.08165283203125,0.7400807295559875,0.17595223063973064,1,1,0,1,2.154882154882155,5128_right.jpg
0.02232177734375,0.7417696598490648,0.395937987181708,0,1,0,0,2.7282608695652173,3534_left.jpg
0.00074951171875,0.739413680781759,0.02220936120957824,1,0,0,1,26.130434782608695,4983_right.jpg
0.0353125,0.3642146017699115,0.09730042447848344,0,0,0,1,2.397590361445783,217_right.jpg
0.709267578125,1.0,0.7826400862068965,1,1,0,0,1.103448275862069,4762_right.jpg
0.7748974609375,0.9999401382491383,0.7748974609375,1,1,1,1,1.0,768_left.jpg
0.1809716796875,0.8409734775922079,0.2378272587268994,1,1,0,1,1.3141683778234086,2775_left.jpg
0.1750048828125,0.9990095142434642,0.5542522674378146,1,0,0,0,0.6192560175054704,1160_left.jpg
0.0440625,0.48781028368794327,0.32045454545454544,1,1,0,0,7.2727272727272725,4022_left.jpg
0.080791015625,0.3668258189290463,0.2462202380952381,1,1,0,0,3.0476190476190474,4450_left.jpg
0.19733642578125,0.7564116839253239,0.30654202063106795,1,1,0,1,1.5533980582524272,593_left.jpg
0.00580322265625,0.5755153554901136,0.06509118790733337,1,0,0,0,9.5,378_left.jpg
0.96815673828125,1.0,0.96815673828125,1,1,1,1,1.0,736_right.jpg
0.76345703125,0.9950241755992735,0.76345703125,1,1,1,1,1.0,779_left.jpg
0.0011572265625,0.9767932489451476,0.10604026845637583,0,1,0,0,0.20134228187919462,2846_left.jpg
0.0244140625,0.8333,0.04154307601552049,0,0,0,1,1.607235142118863,2937_right.jpg
0.03712890625,0.9441741188847975,0.1105457505887826,1,0,0,0,1.294478527607362,2953_right.jpg
0.1453759765625,0.9872199643972727,0.1942393006263048,1,1,0,1,1.336116910229645,3558_left.jpg
0.4172802734375,0.5334078329959395,0.5694229744136461,1,1,0,1,1.3646055437100213,3336_left.jpg
0.019306640625,0.4515680323722812,0.2703589743589744,0,1,0,0,3.611111111111111,1203_left.jpg
0.10177001953125,0.49749310303466476,0.2178354933110368,1,1,0,1,2.140468227424749,963_left.jpg
0.336259765625,0.9650916272180757,0.5236161800486618,1,1,0,1,1.5571776155717763,4553_right.jpg
0.86626953125,0.9985993055712128,0.86626953125,1,1,1,1,1.0,2594_right.jpg
0.20987548828125,0.9500029081602978,0.447734375,1,1,0,0,2.1333333333333333,2545_right.jpg
0.00169677734375,1.0,0.6329690346083788,0,0,0,1,3.388888888888889,2047_right.jpg
0.35348388671875,0.9802261252736779,0.43173604484732825,1,1,0,1,1.2213740458015268,1998_right.jpg
0.1271923828125,0.9595569887519675,0.35703125,1,1,0,0,2.807017543859649,107_left.jpg
0.00185302734375,0.9723320158102767,0.16063492063492063,1,0,0,0,10.714285714285714,3155_right.jpg
0.82993896484375,1.0,0.8364739173228346,1,1,0,1,1.0078740157480315,3221_left.jpg
0.0191650390625,1.0,0.518117615998944,1,0,0,0,0.7841726618705036,647_left.jpg
0.0771484375,0.5409493670886076,0.18917624521072796,1,1,0,0,2.4521072796934864,832_left.jpg
0.28475341796875,0.5049942127148798,0.375757087628866,1,1,0,1,1.3195876288659794,4070_left.jpg
0.19840087890625,0.9861071802128838,0.19840087890625,1,1,1,1,1.0,1008_right.jpg
0.28719482421875,0.9997874782165171,0.48369654605263157,1,1,0,1,1.6842105263157894,5018_left.jpg
0.238251953125,0.8929786449153585,0.48406746031746034,1,1,0,1,2.0317460317460316,1113_left.jpg
0.02439208984375,0.9803823441096987,0.22261586452762924,1,0,0,0,5.795454545454546,3346_left.jpg
0.056591796875,0.9771354616048318,0.10528706395348837,1,1,0,1,1.8604651162790697,2762_right.jpg
0.7067138671875,0.9966455936711922,0.7067138671875,1,1,1,1,1.0,4613_right.jpg
0.29916259765625,0.9202934623827905,0.30782003617363346,1,1,0,1,1.0289389067524115,907_right.jpg
0.54098876953125,0.9978202889132584,0.6658323317307693,1,1,0,1,1.2307692307692308,1144_right.jpg
0.08155029296875,0.3981079543753555,0.36758297385333216,0,1,0,0,4.148648648648648,2825_left.jpg
0.0607861328125,0.5525343401076391,0.14044449458483754,1,1,0,0,2.3104693140794224,2167_right.jpg
0.2021923828125,0.9950010867202782,0.6426725643114888,1,0,0,1,0.35206611570247937,4990_left.jpg
0.0,0.0,0.0,0,0,0,0,0.0,3477_left.jpg
0.111064453125,0.6261980128374219,0.111064453125,1,1,1,1,1.0,3749_left.jpg
0.62239990234375,0.9995018338007727,0.62239990234375,1,1,1,1,1.0,3211_left.jpg
0.0,0.0,0.0,0,0,0,0,0.0,2739_left.jpg
0.9445703125,0.999932798478144,0.9445703125,1,1,1,1,1.0,1430_left.jpg
0.15055419921875,0.5583050902427554,0.1958428607723577,1,1,0,1,1.3008130081300813,1501_left.jpg
0.016845703125,1.0,0.6341911764705882,0,0,0,0,2.3529411764705883,1449_right.jpg
0.16346923828125,0.9616768971130726,0.3229021990740741,1,1,0,0,1.9753086419753085,1401_left.jpg
0.16363525390625,0.992704214845207,0.5691661005434783,1,1,0,0,3.4782608695652173,4564_right.jpg
0.019306640625,0.4515680323722812,0.2703589743589744,0,1,0,0,3.611111111111111,1200_left.jpg
0.8605517578125,0.9998950301008278,0.8605517578125,1,1,1,1,1.0,2559_left.jpg
0.01210693359375,0.3042952208106473,0.10993371610986721,0,1,0,0,7.227848101265823,5150_right.jpg
0.0302783203125,0.5220125786163522,0.3278957248235201,0,0,0,0,3.18348623853211,3469_left.jpg
0.02920654296875,0.48081584886734097,0.14835069444444443,1,1,0,0,5.079365079365079,4571_left.jpg
0.01103759765625,0.9869497898694979,0.37782049139227813,1,0,0,0,3.1129032258064515,2757_right.jpg
0.0291845703125,0.6307512129831019,0.07881065400843881,1,1,0,1,2.70042194092827,2651_left.jpg
0.27468017578125,0.915242336168662,0.27468017578125,1,1,1,1,1.0,251_left.jpg
0.122041015625,0.9990197647435385,0.2693318965517241,1,1,0,1,2.206896551724138,916_left.jpg
0.019248046875,0.8573059360730594,0.10977443609022557,1,0,0,0,3.9407407407407407,4513_left.jpg
0.38373046875,0.9995737262686415,0.43854910714285716,1,1,0,1,1.1428571428571428,4826_right.jpg
0.048134765625,0.8751775207952932,0.31444976076555026,0,0,0,0,5.181818181818182,919_left.jpg
0.06307373046875,0.8310431585059028,0.08221423116089613,1,1,0,1,1.3034623217922607,3068_right.jpg
0.0001123046875,1.0,0.8214285714285714,0,1,1,0,0.875,4103_left.jpg
0.15672119140625,0.832349321577119,0.26052353896103897,1,1,0,1,1.6623376623376624,582_right.jpg
0.18960205078125,0.5829566964113262,0.36549792921686747,1,1,0,0,1.927710843373494,4713_left.jpg
0.00161865234375,1.0,0.6138888888888889,0,0,0,0,1.4814814814814814,2534_right.jpg
0.1683203125,1.0,0.6469059347877082,1,0,0,0,3.48,4353_right.jpg
0.1598583984375,0.9183695286966614,0.16317284688995215,1,1,1,0,1.0207336523125996,3421_left.jpg
0.029677734375,0.5536360644948997,0.17123056118999325,0,0,0,0,2.3448275862068964,1923_left.jpg
0.298720703125,0.9998610611657786,0.4791510025062657,1,1,0,0,1.6040100250626566,4927_right.jpg
0.639189453125,0.957431286572044,0.639189453125,1,1,1,1,1.0,195_left.jpg
0.1692041015625,0.9950797910714801,0.518136961722488,1,1,0,0,3.062200956937799,559_left.jpg
0.1207177734375,0.705213768555596,0.31925361570247934,1,1,0,0,2.644628099173554,4769_right.jpg
0.22514404296875,0.5644281547186588,0.319991533422163,1,0,0,1,1.3859649122807018,1722_left.jpg
0.0016943359375,0.4495677233429395,0.0069511217948717945,1,1,0,1,4.102564102564102,2855_right.jpg
0.04943359375,0.5093836428289213,0.10918895599654875,1,0,0,1,2.0065789473684212,4702_left.jpg
0.85222412109375,1.0,0.9244465042372881,1,1,0,1,1.0847457627118644,3227_left.jpg
0.01090087890625,0.4777155655095185,0.07192332474226804,1,1,0,0,6.597938144329897,1487_left.jpg
0.01291748046875,0.46116046116046117,0.038613109920744966,1,0,0,1,1.9961832061068703,2053_left.jpg
0.81685791015625,1.0,0.9171737938596491,1,1,0,0,1.1228070175438596,5182_left.jpg
0.03802001953125,0.9377127078918641,0.2027734375,1,1,0,0,5.333333333333333,2772_right.jpg
0.2393505859375,0.9982455782451702,0.34210599779462053,1,0,0,0,1.1417165668662674,3750_right.jpg
0.42276611328125,0.9632258250801259,0.42276611328125,1,1,1,1,1.0,328_right.jpg
0.007783203125,0.5755959849435383,0.01923262548262548,1,1,0,0,2.471042471042471,413_right.jpg
0.0196142578125,0.3567338810057257,0.0663265306122449,1,0,0,1,3.1530612244897958,3906_left.jpg
0.027626953125,0.9589077412513256,0.09273433530559061,1,0,0,0,3.2422680412371134,476_right.jpg
0.006083984375,1.0,0.712,0,0,0,0,1.4,4511_right.jpg
0.1203271484375,0.663332386478919,0.2163184691011236,1,1,0,1,1.797752808988764,3381_left.jpg
0.13826416015625,0.9527130824784137,0.22865390826873386,1,1,0,1,1.6537467700258397,4314_right.jpg
0.0013818359375,1.0,0.6835748792270532,0,0,0,0,1.565217391304348,80_left.jpg
0.05484619140625,0.8052526151791676,0.13296046401515152,1,1,0,1,2.4242424242424243,4970_right.jpg
0.3002685546875,0.792145702902675,0.6363307119205298,1,1,0,0,2.119205298013245,2416_left.jpg
0.04696533203125,0.5839268077143006,0.11560697115384615,1,1,0,0,2.4615384615384617,1022_left.jpg
0.04165283203125,0.813023855577047,0.1356200317965024,0,1,0,0,3.145,1709_left.jpg
0.01235595703125,0.993479549496147,0.07556212487682523,0,0,0,0,0.5,4576_right.jpg
0.18295166015625,0.9022779134472957,0.35473136094674557,1,0,0,1,0.5408,3511_right.jpg
0.0,0.0,0.0,0,0,0,0,0.0,1260_right.jpg
6.103515625e-05,0.52,0.13297872340425532,0,1,0,0,11.75,2994_left.jpg
0.008310546875,0.5061692126909518,0.23573407202216065,0,0,0,0,2.5,1826_right.jpg
0.16602294921875,0.5340940840845256,0.29271263774104683,1,1,0,1,1.7630853994490359,1618_right.jpg
0.1035107421875,0.8915750742959574,0.17626467555792064,1,0,0,1,1.3130841121495327,2340_right.jpg
0.056767578125,0.5909169103733012,0.11144555214723927,1,1,0,1,1.9631901840490797,3169_left.jpg
0.31613037109375,0.9947330620062246,0.31613037109375,1,1,1,1,1.0,2313_left.jpg
0.10492431640625,0.8644623868580869,0.1674367685330923,1,0,0,1,1.5121359223300972,2269_left.jpg
0.03124267578125,0.8682503711807454,0.27858324625566006,0,1,0,1,1.4829545454545454,2189_right.jpg
0.0010693359375,0.6757990867579908,0.13773584905660377,0,0,0,0,1.1320754716981132,284_right.jpg
0.02539306640625,0.5905201422940102,0.14600353743788427,0,0,0,0,2.0591397849462365,3428_right.jpg
0.2385791015625,0.8963590593725057,0.25705492424242427,1,1,0,0,1.0774410774410774,4313_left.jpg
0.00877197265625,0.42805455051489005,0.16734199618089515,1,0,0,0,8.254901960784315,2843_left.jpg
0.36413818359375,0.9890781825130237,0.390365891959799,1,1,0,1,1.0720268006700167,5251_left.jpg
0.295830078125,0.9926385633644736,0.42738431151241535,1,1,0,1,1.4446952595936795,1867_right.jpg
0.0308447265625,0.47585879373120155,0.1891883797544175,0,0,0,0,2.641509433962264,386_left.jpg
0.04279052734375,0.990072459633708,0.5090322955390335,1,0,0,0,8.40625,4827_left.jpg
0.04416259765625,0.6743877494609984,0.10566868785998855,1,0,0,1,2.2310469314079424,4378_left.jpg
0.17488525390625,0.5398629123448689,0.30007121313672924,1,1,0,0,1.7158176943699732,944_left.jpg
0.014931640625,0.6885219097449313,0.1303939962476548,1,0,0,0,4.336538461538462,3161_right.jpg
0.524296875,0.9993527417672478,0.6403625954198473,1,1,0,1,1.2213740458015268,20_right.jpg
0.46736572265625,0.9967717164752159,0.745920355361596,1,1,0,0,1.5960099750623442,1696_right.jpg
0.28154541015625,0.9999219569722774,0.5119007457386363,1,1,0,1,1.8181818181818181,3383_left.jpg
0.00781005859375,0.5736167552360113,0.022515484234234235,1,1,0,1,2.8828828828828827,3990_left.jpg
0.15486572265625,0.7296044645531505,0.2942161410018553,1,0,0,1,1.76,2138_left.jpg
0.049404296875,0.9974303221980628,0.2996949142501703,0,1,0,0,6.009433962264151,4469_left.jpg
0.00202392578125,1.0,0.2467261904761905,0,0,0,0,2.1,3617_right.jpg
0.12988037109375,0.757081900035715,0.24163789970930233,1,1,0,0,1.8604651162790697,2892_left.jpg
0.13001220703125,0.5742587272078569,0.27643791528239203,1,1,0,1,2.12624584717608,3256_right.jpg
0.34865966796875,0.9976402377968083,0.37005337893864015,1,1,0,1,1.0613598673300166,2792_right.jpg
0.0,0.0,0.0,0,0,0,0,0.0,2868_right.jpg
0.2478369140625,1.0,0.6855070702159556,1,0,0,0,0.789838337182448,1486_right.jpg
0.213212890625,0.9068153712270416,0.47711975524475525,1,1,0,1,2.237762237762238,1654_right.jpg
0.10800537109375,0.5974140464296209,0.24599088078291814,1,1,0,1,2.2775800711743774,2983_right.jpg
0.001005859375,0.7063106796116505,0.389413988657845,0,0,0,0,0.5,3638_right.jpg
0.01389892578125,0.6072369576673108,0.15279119699409555,0,1,0,0,10.35,505_right.jpg
0.27692138671875,0.524346055172049,0.27692138671875,1,1,1,1,1.0,3050_left.jpg
0.3382861328125,0.9813440914536453,0.41004379734848484,1,1,1,0,1.2121212121212122,1620_right.jpg
0.6516357421875,0.9999213217938631,0.717808734939759,1,1,0,1,1.1015490533562822,2906_left.jpg
0.25790771484375,0.9228788610267041,0.2850793393782383,1,1,0,1,1.1053540587219344,2154_right.jpg
0.69438232421875,0.8546123852485242,0.8696764921722113,1,1,0,1,1.2524461839530332,4531_right.jpg
0.03740966796875,0.46276838739150294,0.102756169527897,1,1,0,1,2.7467811158798283,2003_left.jpg
0.00134033203125,1.0,0.8605015673981191,1,0,0,1,5.2727272727272725,2215_right.jpg
0.487421875,0.9246924587273602,0.6841008771929824,1,1,0,1,1.4035087719298245,2772_left.jpg
0.00106689453125,0.4439359267734554,0.07999267801574227,0,0,0,1,67.44444444444444,1079_left.jpg
0.337412109375,0.9450160632109056,0.337412109375,1,1,1,1,1.0,5140_right.jpg
0.01939697265625,0.7721837633731907,0.04761819140774837,1,0,0,0,1.6708860759493671,234_right.jpg
0.0169091796875,0.6357204735778227,0.040837264150943395,1,1,0,1,2.4150943396226414,4974_left.jpg
0.21973388671875,0.8056064797840072,0.3596667199488491,1,1,0,0,1.6368286445012787,4968_left.jpg
0.20407958984375,0.986828725580505,0.5909997171945701,1,1,0,0,2.8959276018099547,4569_right.jpg
0.12460693359375,0.6814984619604616,0.2387677769461078,1,1,0,1,1.9161676646706587,906_left.jpg
0.02031982421875,0.6399134927309864,0.15481770833333333,1,1,0,0,7.619047619047619,4513_right.jpg
0.3591748046875,0.6809907693144279,0.48292410714285716,1,1,0,0,1.3445378151260505,1871_right.jpg
0.0,0.0,0.0,0,0,0,0,0.0,636_left.jpg
0.173486328125,0.6652687869406135,0.39939298561151076,1,1,0,1,2.302158273381295,2889_right.jpg
0.2116796875,0.9430937442332533,0.6102477477477477,1,1,0,1,2.8828828828828827,641_left.jpg
0.202568359375,0.5627320059779203,0.24835967432950193,1,1,0,0,1.2260536398467432,5179_right.jpg
0.09334716796875,0.5724597881522165,0.23155886627906977,1,1,0,0,2.4806201550387597,905_right.jpg
0.17875244140625,1.0,0.7131572282936902,1,0,0,1,1.7676348547717842,3076_left.jpg
0.3114404296875,0.8520452158098553,0.31840555111821084,1,1,0,1,1.0223642172523961,5262_right.jpg
0.20156494140625,0.9984375189254006,0.3524632855191257,1,1,0,0,1.7486338797814207,982_left.jpg
0.14409912109375,0.4430645680497433,0.4027224344978166,1,1,0,0,2.7947598253275108,4354_left.jpg
0.58075439453125,0.9969480025391274,0.5985230475040257,1,1,0,1,1.0305958132045088,4027_right.jpg
0.70904541015625,0.9887716277868641,0.70904541015625,1,1,1,1,1.0,4025_right.jpg
0.1555322265625,0.8696826044642577,0.3231838474025974,1,1,0,1,2.0779220779220777,1227_right.jpg
0.01137939453125,0.4217978974468998,0.09387146798783558,1,0,0,0,7.567901234567901,3922_left.jpg
0.26208251953125,0.993944983185684,0.6524347255311908,1,0,0,1,2.3969465648854964,1221_left.jpg
0.99749267578125,1.0,0.99749267578125,1,1,1,1,1.0,2406_right.jpg
0.6558740234375,0.9999962776292965,0.6558740234375,1,1,1,1,1.0,4293_right.jpg
0.03212890625,0.7758358662613982,0.4373546028580924,0,0,0,0,2.1610169491525424,2257_right.jpg
0.00891845703125,0.451683547768957,0.019365543857417008,1,0,0,1,2.1241610738255035,3861_right.jpg
0.353896484375,0.9982615414332625,0.37938651591289785,1,1,0,1,1.0720268006700167,4167_right.jpg
0.0095703125,0.8627551020408163,0.30153846153846153,1,0,0,0,3.076923076923077,4165_left.jpg
0.0525537109375,0.7388739199108055,0.501631245339299,0,1,0,0,1.9328859060402686,4195_right.jpg
0.01475341796875,0.908820122455734,0.07263221153846154,1,1,0,0,4.923076923076923,3712_left.jpg
0.0566748046875,0.6331954854828983,0.16996134247056757,1,0,0,0,2.1507936507936507,4377_right.jpg
0.51157470703125,0.9991839305911492,0.6878315388655463,1,1,0,0,1.3445378151260505,999_right.jpg
0.09442626953125,0.5391317837474469,0.5165197649572649,1,1,0,0,5.47008547008547,4331_left.jpg
0.11996337890625,0.5325111423163807,0.2647467672413793,1,1,0,1,2.206896551724138,4352_right.jpg
0.02060302734375,0.945135679582889,0.06400940533980583,1,1,0,1,3.1067961165048543,2750_right.jpg
0.1836279296875,0.8877203712074879,0.4937893907563025,1,1,0,1,2.689075630252101,1967_right.jpg
0.02485107421875,0.5079084389429217,0.1559283088235294,1,1,0,0,6.2745098039215685,4932_left.jpg
0.03966552734375,0.9503908413861021,0.06751579122340426,1,1,0,1,1.702127659574468,4828_left.jpg
0.5128125,0.9935728976234004,0.5819148936170213,1,1,0,1,1.1347517730496455,997_right.jpg
0.99681640625,1.0,0.99681640625,1,1,1,1,1.0,4233_left.jpg
0.1476171875,0.9981145805768722,0.5288458174439352,1,0,0,1,1.4275618374558303,3279_left.jpg
0.51990234375,0.9974876967579548,0.51990234375,1,1,1,1,1.0,951_right.jpg
0.066572265625,0.5327856828516943,0.2709998012323594,0,1,0,0,3.4011627906976742,2424_right.jpg
0.02524658203125,0.5654192051058892,0.03211012023052464,0,1,1,0,1.228515625,3485_left.jpg
0.0,0.0,0.0,0,0,0,0,0.0,3000_right.jpg
0.3708203125,0.9991901927736226,0.7207432926192713,0,0,0,0,1.812316715542522,41_left.jpg
0.0,0.0,0.0,0,0,0,0,0.0,77_right.jpg
0.13291259765625,0.8750941386087692,0.21426715994962217,1,1,0,1,1.6120906801007557,4871_left.jpg
0.7756103515625,1.0,0.7756103515625,1,1,1,1,1.0,3296_left.jpg
0.35010009765625,1.0,0.4342326792635659,1,1,1,0,1.2403100775193798,3057_right.jpg
0.019921875,0.8908088235294118,0.33203125,0,0,0,0,1.5,5001_right.jpg
0.0238525390625,0.9502558853633573,0.3161812297734628,1,0,0,0,8.583333333333334,3146_left.jpg
0.05667236328125,1.0,0.5159820396550191,0,0,0,0,1.6932515337423313,2247_right.jpg
0.00785888671875,0.2516309412861137,0.0437625754527163,1,0,0,0,3.358108108108108,2700_right.jpg
0.75232177734375,0.9988187609321404,0.79453125,1,1,0,1,1.056105610561056,1562_right.jpg
0.01088623046875,0.6725723256335501,0.22779054916985952,0,0,0,0,3.48,2866_right.jpg
0.04109619140625,0.6738549278203528,0.12644981971153846,1,1,0,0,3.076923076923077,1757_right.jpg
0.1750146484375,0.8551879027983149,0.1750146484375,1,1,1,1,1.0,3452_left.jpg
0.01000732421875,1.0,0.847601323407775,0,1,0,0,0.5591397849462365,5031_right.jpg
0.0956689453125,0.936303781962946,0.20733333333333334,1,0,0,1,0.6857142857142857,2821_right.jpg
0.1496044921875,0.5392800026110512,0.24804889896373056,1,1,0,1,1.6580310880829014,3774_right.jpg
0.078828125,0.852886521308226,0.31980982567353405,1,0,0,0,3.94375,489_right.jpg
0.227783203125,0.9905037513397642,0.645049778761062,1,1,0,0,2.831858407079646,4166_left.jpg
0.41727783203125,0.9997367143116249,0.6268962734741784,1,0,1,1,0.665625,3896_left.jpg
1.220703125e-05,1.0,1.0,0,0,0,1,0.2,1675_right.jpg
0.2990478515625,0.9833455792309577,0.33636313708260107,1,1,0,1,1.124780316344464,584_right.jpg
0.0558056640625,0.5284801819931753,0.15461309523809524,1,1,0,1,2.7705627705627704,2109_left.jpg
0.00310302734375,0.995279307631786,0.024839743589743588,1,0,0,0,1.1826923076923077,2397_right.jpg
0.03662109375,0.41286666666666666,0.1264520915175937,1,0,0,1,1.7683397683397684,1207_left.jpg
0.99677978515625,0.9997109833668478,0.99677978515625,1,1,1,1,1.0,4255_left.jpg
0.36844482421875,0.9998277175893715,0.4773374240890688,1,1,0,1,1.2955465587044535,2572_right.jpg
0.00960693359375,1.0,0.7439969748534695,1,0,0,0,2.86046511627907,462_right.jpg
0.05557373046875,0.6287835522558538,0.14447194719471948,1,0,0,0,2.330769230769231,1629_right.jpg
0.6247705078125,0.9891835283268074,0.6247705078125,1,1,1,1,1.0,1925_right.jpg
0.008193359375,0.6641835518474374,0.12360957642725598,0,0,0,0,4.826666666666667,148_right.jpg
0.30701171875,0.958648769005662,0.30701171875,1,1,1,1,1.0,1367_right.jpg
0.0001953125,0.95,0.01408698714562423,0,1,0,1,70.11111111111111,1270_left.jpg
0.00348876953125,0.9972008397480756,0.6186147186147186,1,0,0,0,1.8857142857142857,169_left.jpg
0.02541015625,0.4074750192159877,0.08396527800187163,0,1,0,0,1.7518796992481203,3740_right.jpg
0.0,0.0,0.0,0,0,0,0,0.0,1262_right.jpg
0.172353515625,0.9748994277296165,0.19262315210451353,1,0,0,1,0.9627228525121556,2836_right.jpg
0.0,0.0,0.0,0,0,0,0,0.0,2734_left.jpg
0.013115234375,0.5813477289650038,0.28863099075865034,0,0,0,0,8.425531914893616,86_right.jpg
0.142548828125,0.9987839967116531,0.6248715753424657,1,1,0,0,4.383561643835616,4446_right.jpg
0.011201171875,1.0,0.574217772215269,0,0,0,0,1.1058823529411765,3600_right.jpg
0.0232861328125,1.0,0.5847946045370938,1,0,0,0,0.30042918454935624,4311_left.jpg
0.10124755859375,0.5411733500518434,0.13049812769438937,1,0,0,1,1.1102803738317757,3939_left.jpg
0.0005712890625,0.5555555555555556,0.03636363636363636,0,0,0,0,0.3146853146853147,2166_right.jpg
0.05797607421875,0.7780351202257128,0.39004319760852785,0,0,0,0,5.317757009345795,871_right.jpg
0.74276123046875,0.9910891251828357,0.8125934829059829,1,1,0,1,1.0940170940170941,4685_left.jpg
0.0,0.0,0.0,0,0,0,0,0.0,2671_left.jpg
0.46947021484375,0.9998543903897658,0.5365373883928571,1,1,0,1,1.1428571428571428,3604_left.jpg
0.1596435546875,0.9595350971096498,0.587194683908046,1,1,0,0,3.67816091954023,3362_right.jpg
0.58294921875,0.9906816430462023,0.58294921875,1,1,1,1,1.0,1711_right.jpg
0.0523193359375,0.30205319645356976,0.13556427125506074,1,1,0,1,2.591093117408907,2771_right.jpg
0.166396484375,0.9932067609601503,0.4712112831858407,1,1,0,1,2.831858407079646,1967_left.jpg
0.1064306640625,0.7697848327751525,0.23816652097902097,1,1,0,0,2.237762237762238,2162_right.jpg
0.00045654296875,0.7005347593582888,0.0017764857881136951,1,0,0,1,3.558139534883721,634_left.jpg
0.041083984375,0.9055146184929879,0.11023694260839945,1,0,0,1,1.7781569965870307,2080_left.jpg
0.0,0.0,0.0,0,0,0,0,0.0,3627_left.jpg
0.738017578125,0.9960435605308774,0.7781404448105437,1,1,0,1,1.0543657331136738,1035_left.jpg
0.000654296875,0.417910447761194,0.005634987384356602,1,0,0,1,2.2620689655172415,4988_left.jpg
0.3134521484375,0.8441701067061298,0.3134521484375,1,1,1,1,1.0,2783_left.jpg
0.0312646484375,0.5620021864750898,0.25257386296398565,0,0,0,0,1.2425742574257426,544_right.jpg
0.0448095703125,0.65800370491446,0.09612947153407007,0,1,0,0,2.0524590163934424,3714_left.jpg
0.20701416015625,0.7234795325085798,0.45372966609589044,1,1,0,1,2.191780821917808,213_left.jpg
0.09578125,0.835542414355628,0.20993150684931508,1,1,0,1,2.191780821917808,4475_left.jpg
0.0250048828125,0.973345049794962,0.133359375,1,1,0,0,5.333333333333333,4360_right.jpg
0.666357421875,0.9998571114530667,0.735290948275862,1,1,0,1,1.103448275862069,2496_right.jpg
0.00717529296875,0.6740387887036406,0.16518660071942445,0,1,0,0,1.0859375,5304_right.jpg
0.29655029296875,0.8973383717388261,0.4968381871727749,1,1,0,1,1.675392670157068,4137_right.jpg
0.01150390625,0.9159592529711376,0.3642547928262214,1,0,0,0,2.9696969696969697,2123_right.jpg
0.044912109375,0.6430745814307458,0.4004702194357367,1,0,0,0,4.686868686868687,809_right.jpg
0.61337646484375,0.9998447693232341,0.806079953798768,1,1,0,1,1.3141683778234086,3104_left.jpg
0.823671875,0.9988025230010433,0.823671875,1,1,1,1,1.0,2301_left.jpg
0.0200048828125,0.6066634122528679,0.05590884279475983,1,1,0,0,2.7947598253275108,400_right.jpg
0.00322021484375,0.7968157695223654,0.027402667553080982,0,0,0,0,7.158536585365853,1085_left.jpg
0.0674169921875,0.6284493372926776,0.20743689903846155,1,1,0,0,3.076923076923077,25_left.jpg
0.0772802734375,0.4838251089909648,0.3990519773583954,0,1,0,0,4.226277372262774,4508_right.jpg
0.0,0.0,0.0,0,0,0,0,0.0,1295_right.jpg
0.00368896484375,0.9636002647253474,0.013592040875071962,1,0,0,0,2.9844559585492227,3473_left.jpg
0.286875,1.0,0.5230769230769231,1,1,0,0,1.8233618233618234,1567_right.jpg
0.99730712890625,1.0,0.99730712890625,1,1,1,1,1.0,4252_right.jpg
0.42231689453125,0.9980691521034102,0.4596646471088435,1,1,0,1,1.08843537414966,5014_right.jpg
0.0861083984375,0.6271051885455061,0.10805759803921569,1,1,0,0,1.2549019607843137,4138_right.jpg
0.14686767578125,0.7875725185763918,0.1590445219966159,1,1,0,1,1.0829103214890017,254_right.jpg
0.01103271484375,0.9245408276167294,0.24239660998766294,1,0,0,1,1.7572815533980584,219_left.jpg
0.065693359375,0.5143451761557901,0.16303136057389367,1,0,0,1,2.1666666666666665,1978_right.jpg
0.0,0.0,0.0,0,0,0,0,0.0,156_left.jpg
0.04611083984375,0.8568856885688569,0.18796775477707006,1,1,0,0,4.076433121019108,500_left.jpg
0.08979736328125,0.8638427448954623,0.30569315159574467,1,1,0,0,3.404255319148936,3496_right.jpg
0.184638671875,0.9876500766911726,0.3255337465564738,1,1,0,1,1.7630853994490359,4489_left.jpg
0.012958984375,0.5553880934438583,0.031621212662782526,0,1,0,1,2.187725631768953,4261_right.jpg
0.22901123046875,0.9912902572412396,0.27654186320754715,1,1,0,1,1.2075471698113207,2808_left.jpg
0.05208251953125,0.8444194440538133,0.3937430786267996,0,0,0,0,3.255813953488372,3923_left.jpg
0.4753564453125,0.9768163282076566,0.4753564453125,1,1,1,1,1.0,4680_left.jpg
0.11470703125,0.9143538225778989,0.24970238095238095,1,1,0,1,2.17687074829932,3012_right.jpg
0.04123291015625,0.6496536206998638,0.17476200331125827,1,1,0,0,4.23841059602649,2647_left.jpg
0.03642578125,0.7379356568364611,0.0907101167315175,1,1,0,0,2.490272373540856,4030_right.jpg
0.480791015625,0.995912294599151,0.5726548664846333,1,0,0,1,1.0926916221033869,1538_right.jpg
0.0,0.0,0.0,0,0,0,0,0.0,3791_left.jpg
0.00212890625,0.9839449541284404,0.061634153237206675,0,0,0,0,10.916666666666666,3583_right.jpg
0.29452880859375,0.9654920879649201,0.3131203280730897,1,1,1,0,1.06312292358804,1925_left.jpg
0.0,0.0,0.0,0,0,0,0,0.0,3004_right.jpg
0.0485693359375,0.6361717100633357,0.3147784810126582,0,1,0,0,6.32,2654_left.jpg
0.001357421875,0.6061151079136691,0.37567567567567567,0,0,0,0,3.7,222_left.jpg
0.0277783203125,0.39400597644577257,0.34667885435709933,0,1,0,0,9.116666666666667,1047_right.jpg
0.03702880859375,0.6025581855343839,0.1314150052420438,1,0,0,1,2.406392694063927,2871_right.jpg
0.07554443359375,0.977700933975374,0.25144031918610793,1,0,0,1,0.847769028871391,382_right.jpg
0.01382568359375,0.7043969627405968,0.15523574561403508,1,1,0,0,11.228070175438596,2696_left.jpg
0.34093994140625,0.9744717112188416,0.5283330811138015,1,1,0,1,1.549636803874092,3062_right.jpg
0.99116455078125,1.0,0.99116455078125,1,1,1,1,1.0,684_left.jpg
0.442724609375,0.7336219256644976,0.442724609375,1,1,1,1,1.0,3768_left.jpg
0.8353857421875,1.0,0.8540684904153355,1,1,0,1,1.0223642172523961,2536_left.jpg
0.2258251953125,0.5644770697744816,0.3577428836633663,1,1,0,1,1.5841584158415842,918_right.jpg
0.041904296875,0.5022139361454206,0.15687206390407077,1,0,0,0,2.1233480176211454,1161_right.jpg
0.112783203125,0.9288250064940687,0.321332183300409,1,0,0,1,1.795053003533569,127_left.jpg
0.116982421875,0.5801402454295016,0.1566291841004184,1,1,0,1,1.3389121338912133,1418_right.jpg
0.0791357421875,0.5387795397050658,0.42861487603305787,0,1,0,0,5.1652892561983474,385_right.jpg
0.0018798828125,0.4116883116883117,0.011419080244991177,1,0,0,1,0.9047619047619048,3300_right.jpg
0.02378662109375,0.6219850148824797,0.2624730603448276,1,1,0,0,11.03448275862069,2096_right.jpg
0.12319091796875,0.8920311540062229,0.3285091145833333,1,1,0,0,2.6666666666666665,3179_left.jpg
0.51534423828125,0.9962242698439018,0.611911525974026,1,1,0,1,1.1873840445269017,995_right.jpg
0.019306640625,0.4515680323722812,0.2703589743589744,0,1,0,0,3.611111111111111,1197_left.jpg
0.1258154296875,0.4026079869600652,0.16500384221311476,1,1,0,0,1.3114754098360655,1542_left.jpg
0.04216552734375,0.2556887267674136,0.14508568548387096,1,1,0,1,3.4408602150537635,599_right.jpg
0.0,0.0,0.0,0,0,0,0,0.0,1979_left.jpg
2.44140625e-06,1.0,1.0,0,0,0,0,1.0,1726_right.jpg
0.0014990234375,1.0,0.7831632653061225,1,0,0,1,4.0,1132_right.jpg
0.69535400390625,1.0,0.7594309940273037,1,1,0,1,1.0921501706484642,653_right.jpg
0.01991455078125,0.58808385435822,0.06969412166780588,1,0,0,1,1.2337662337662338,4585_left.jpg
0.14544677734375,0.738665547629039,0.4245198988135533,1,0,0,0,2.8733031674208145,3258_right.jpg
0.00754150390625,0.7232113952735513,0.12069706560387607,0,1,0,0,7.87719298245614,4016_right.jpg
0.461884765625,0.9986838488699071,0.49849283305227654,1,1,1,0,1.0792580101180438,1728_left.jpg
0.3673095703125,0.988494516450648,0.6529947916666666,1,1,0,1,1.7777777777777777,2658_right.jpg
0.050546875,0.46396831530139104,0.09751778060383402,1,0,0,1,1.8694362017804154,4040_right.jpg
0.5252880859375,0.9989821433551158,0.6960339026915114,1,1,0,1,1.3250517598343685,4552_left.jpg
0.03243896484375,0.7273274629336945,0.2875974025974026,0,0,0,0,3.8181818181818183,3497_right.jpg
0.0,0.0,0.0,0,0,0,0,0.0,4080_right.jpg
0.01483642578125,0.9907849267730788,0.12135553957983865,1,0,0,1,2.0576923076923075,5151_left.jpg
0.022841796875,0.8808251389482685,0.09743701898543027,1,0,0,1,1.8634361233480177,639_left.jpg
0.31931640625,0.9346137378432932,0.43297139830508474,1,1,0,1,1.3559322033898304,1892_right.jpg
0.03182373046875,0.8227080935941695,0.1424278846153846,1,1,0,0,4.475524475524476,1431_right.jpg
0.14519775390625,0.901804180048089,0.24253311366305624,1,0,0,0,1.6288659793814433,3605_right.jpg
0.833623046875,0.9974403430057519,0.833623046875,1,1,1,1,1.0,1921_right.jpg
0.07427734375,0.6462003681304234,0.15091269841269842,1,1,0,1,2.0317460317460316,275_left.jpg
0.83345703125,1.0,0.83345703125,1,1,1,1,1.0,5038_right.jpg
0.36845703125,1.0,0.813146551724138,1,1,0,0,2.206896551724138,2447_left.jpg
0.0073486328125,0.9182724252491694,0.048802633072295994,1,0,0,1,1.155844155844156,2364_left.jpg
0.00572998046875,0.9982956966340009,0.5997955532839254,0,0,0,0,2.116279069767442,5336_right.jpg
0.004267578125,0.6367276887871853,0.01114795918367347,1,1,0,0,2.6122448979591835,149_right.jpg
0.1080078125,0.9111663652802894,0.22965116279069767,1,1,0,1,2.12624584717608,4362_right.jpg
0.14876708984375,0.5715434479363256,0.15088896592709986,1,1,0,1,1.0142630744849446,913_right.jpg
0.032001953125,0.9353066829417149,0.07642257462686568,1,1,0,1,2.388059701492537,1028_right.jpg
0.22197265625,0.501528816542015,0.24037648054145516,1,1,0,1,1.0829103214890017,3643_left.jpg
0.9646484375,0.9999974691233043,0.9646484375,1,1,1,1,1.0,2925_left.jpg
0.1862353515625,0.7531265567237356,0.554375,1,1,0,0,2.9767441860465116,3039_left.jpg
0.0859423828125,0.951167547298449,0.27767085252729223,1,0,0,1,1.4180602006688963,4807_right.jpg
0.09807861328125,0.4712617927463719,0.1168907122905028,1,1,0,1,1.191806331471136,4794_right.jpg
0.65430908203125,0.9981492882595474,0.65430908203125,1,1,1,1,1.0,3211_right.jpg
0.05175048828125,0.9647119875454073,0.3763671875,1,1,0,0,7.2727272727272725,3495_left.jpg
0.2103076171875,0.5900257714007104,0.4578125,1,1,0,1,2.17687074829932,4436_left.jpg
0.2939306640625,0.9976909148296427,0.5516587243401759,1,1,0,1,1.8768328445747802,1114_left.jpg
0.039541015625,0.47382069646826375,0.26360677083333334,1,1,0,0,6.666666666666667,3995_left.jpg
0.73646728515625,0.9999038643227242,0.7517369417862839,1,1,1,0,1.0207336523125996,5078_right.jpg
0.9248193359375,0.9998812056831201,0.9248193359375,1,1,1,1,1.0,1095_right.jpg
0.01821533203125,0.43586650583031766,0.10997936320754717,1,1,0,0,6.037735849056604,3457_right.jpg
0.11837158203125,0.803238114880891,0.26760975394363556,1,0,0,1,1.8375796178343948,2710_left.jpg
0.09051025390625,0.9918808836619643,0.22109375,1,1,0,1,2.4427480916030535,2394_left.jpg
0.0967822265625,0.9999243226880581,0.2165756118881119,1,1,0,0,2.237762237762238,4639_left.jpg
0.0706005859375,0.7989141711045024,0.33100211755279574,0,0,0,0,2.9190751445086707,1517_left.jpg
0.0500390625,0.9766295862607338,0.19976608187134504,1,0,0,0,2.565,353_right.jpg
0.069638671875,0.9489552657411303,0.15263270547945204,1,1,0,1,2.191780821917808,2665_right.jpg
0.96349853515625,1.0,0.96349853515625,1,1,1,1,1.0,3310_right.jpg
0.0891015625,0.5831871985971065,0.1648121387283237,1,1,0,1,1.8497109826589595,761_right.jpg
0.27321044921875,0.5514847149865514,0.3280575750469043,1,1,0,1,1.200750469043152,3745_left.jpg
0.0027880859375,0.9439579684763573,0.16893491124260354,1,0,0,0,10.0,3470_right.jpg
0.24809814453125,0.9833794196081519,0.2815298093971631,1,1,0,1,1.1347517730496455,2552_right.jpg
0.03991455078125,0.9812832589149183,0.13100160256410256,1,1,0,0,3.282051282051282,841_right.jpg
0.0774365234375,0.6012358912920108,0.31566480891719745,1,1,0,0,4.076433121019108,491_right.jpg
0.45909912109375,0.9994416289544635,0.7495495854591837,1,1,0,1,1.6326530612244898,3902_right.jpg
0.464453125,0.9967619848612279,0.5298573975044564,1,1,0,1,1.1408199643493762,2706_left.jpg
0.28697998046875,0.5889388925280952,0.3458892419962335,1,1,1,0,1.2052730696798493,2471_left.jpg
0.02414306640625,0.44979269895843865,0.050312385526476454,0,1,0,1,2.032154340836013,1189_right.jpg
0.0002880859375,1.0,0.7662337662337663,1,0,0,1,1.2727272727272727,131_left.jpg
0.0806494140625,0.9922806805109887,0.20471601648436774,0,1,0,1,1.8542372881355933,618_right.jpg
0.34052734375,0.9998135933467164,0.7240448504983389,1,1,0,1,2.12624584717608,859_right.jpg
0.05836181640625,0.6525831416021752,0.1224641393442623,1,1,0,1,2.098360655737705,1141_right.jpg
0.59548095703125,0.9982124480851465,0.59548095703125,1,1,1,1,1.0,722_left.jpg
0.0,0.0,0.0,0,0,0,0,0.0,4280_left.jpg
0.05322509765625,1.0,0.5141745283018868,0,0,0,0,1.65625,3426_left.jpg
0.154794921875,0.4726673396000252,0.3561262202451162,1,0,0,1,1.246031746031746,3219_right.jpg
0.14371826171875,0.884978001257071,0.26205039173789174,1,1,0,1,1.8233618233618234,4435_right.jpg
0.14272705078125,0.7168539710234173,0.14272705078125,1,1,1,1,1.0,3061_left.jpg
0.20174072265625,0.7652995776505754,0.27296841966173363,1,1,0,1,1.3530655391120507,5058_left.jpg
0.72576171875,0.9998620791732824,0.8665811567164179,1,1,0,1,1.1940298507462686,4625_right.jpg
0.00293212890625,0.8434637801831807,0.15358056265984654,1,0,0,0,0.591304347826087,1616_left.jpg
0.3544482421875,0.982050116405615,0.39867640597539544,1,1,0,0,1.124780316344464,3483_right.jpg
0.14720458984375,0.9710921303590679,0.31551543694400835,1,0,0,0,1.2564102564102564,4404_right.jpg
0.0,0.0,0.0,0,0,0,0,0.0,4077_right.jpg
0.1,0.6501220703125,0.41025641025641024,1,1,0,0,4.102564102564102,1788_right.jpg
0.0860791015625,0.3177718531964377,0.2014017810730994,0,1,0,1,2.2170818505338077,3035_left.jpg
0.09418701171875,0.6612146504575028,0.15896542062236288,1,0,0,0,1.6458333333333333,3934_right.jpg
0.28142822265625,0.5692139529638337,0.4247973172169811,1,1,0,0,1.509433962264151,4657_left.jpg
2.9296875e-05,1.0,1.0,1,0,0,1,1.3333333333333333,645_right.jpg
0.1011572265625,0.5953323357629,0.2589625,1,1,0,0,2.56,3893_right.jpg
0.00949951171875,0.9642765355949627,0.09365071724270722,1,0,0,0,8.985294117647058,303_left.jpg
0.07825927734375,0.5403525191077835,0.16853312302839116,1,0,0,1,1.8927444794952681,4219_left.jpg
0.21015869140625,0.928195536761887,0.31647426470588236,1,1,0,1,1.5058823529411764,1693_right.jpg
0.797783203125,1.0,0.8208701768488746,1,1,0,1,1.0289389067524115,435_right.jpg
0.08650390625,0.9514563106796117,0.3275887573964497,1,1,0,1,3.78698224852071,3709_right.jpg
0.0827783203125,0.9524272990031263,0.3462622549019608,1,1,0,0,4.183006535947713,863_left.jpg
0.0002734375,0.6964285714285714,0.2018018018018018,0,0,0,1,2.466666666666667,3313_right.jpg
0.0,0.0,0.0,0,0,0,0,0.0,2800_left.jpg
0.1613037109375,0.9879673074012411,0.2754351224596144,1,0,0,1,0.9405940594059405,3358_left.jpg
0.02428466796875,0.7656579873328642,0.06317962398373984,1,1,0,1,2.6016260162601625,937_right.jpg
0.09324951171875,0.42411310380939915,0.13625499429223745,1,1,0,1,1.461187214611872,5295_left.jpg
0.17165283203125,0.9689513433557582,0.22283531947261664,1,1,0,0,1.2981744421906694,2105_left.jpg
0.01817626953125,0.5587642713230356,0.11077879951194834,0,1,0,0,0.28336755646817247,799_right.jpg
0.9992626953125,1.0,0.9992626953125,1,1,1,1,1.0,4243_left.jpg
0.00322021484375,0.9363153904473086,0.2529242569511026,0,0,0,0,4.257142857142857,2826_left.jpg
0.71805908203125,1.0,0.7436210558252427,1,1,0,0,1.035598705501618,2595_right.jpg
0.1162939453125,0.9682789604064324,0.20689745037571125,1,0,0,1,1.5532467532467533,4588_left.jpg
0.29110595703125,0.8275115945553813,0.30642732319078947,1,0,1,1,0.95,3528_right.jpg
0.40347900390625,0.9987656188545669,0.40347900390625,1,1,1,1,1.0,2584_right.jpg
0.003994140625,0.9883863080684596,0.03852130915940664,1,0,0,1,1.767741935483871,3080_left.jpg
0.17301025390625,0.5026035419459536,0.48281383069323797,1,0,0,1,1.8070175438596492,4278_right.jpg
0.03169189453125,0.9103304830136353,0.03506842949843582,0,1,0,1,1.0351170568561874,4980_right.jpg
0.148583984375,0.9992605980939862,0.6425253378378378,1,1,0,1,4.324324324324325,190_left.jpg
0.01302001953125,0.6624789049315583,0.15217143183244877,1,0,0,1,3.5757575757575757,2832_right.jpg
0.9177392578125,1.0,0.9382637779552716,1,1,0,1,1.0223642172523961,2458_right.jpg
0.0132373046875,0.99944669863519,0.045266321589580896,0,0,0,1,2.3451327433628317,92_right.jpg
0.7432177734375,1.0,0.8062023305084746,1,1,0,1,1.0847457627118644,3691_right.jpg
0.667822265625,1.0,0.7929615027829313,1,1,0,0,1.1873840445269017,3109_left.jpg
0.55751220703125,0.9946399716233791,0.7893978152654867,1,1,0,1,1.415929203539823,345_left.jpg
0.17746826171875,0.5553369743159401,0.21229848130841122,1,1,0,1,1.1962616822429906,1229_left.jpg
0.382568359375,0.3929036375239311,0.38802496038034867,1,1,0,1,1.0142630744849446,4559_left.jpg
0.1118408203125,0.6172014843920541,0.29990180032733227,0,1,0,0,2.444,3660_left.jpg
0.09783935546875,0.9892701185277605,0.4030635849777724,1,0,0,0,0.48237885462555063,3968_left.jpg
0.0070556640625,0.28996539792387543,0.12446167097329888,1,0,0,0,7.962962962962963,2701_right.jpg
0.87531494140625,0.8529909714416407,0.87531494140625,1,1,1,1,1.0,2013_right.jpg
0.1008984375,0.39089721254355403,0.21669463087248322,1,1,0,1,2.1476510067114094,5308_right.jpg
0.331123046875,0.8184519420768572,0.39834351503759396,1,1,0,1,1.2030075187969924,186_right.jpg
0.0412841796875,0.5890597279716144,0.10182207931404073,0,1,0,0,2.3295880149812733,2137_left.jpg
0.9591650390625,1.0,0.9591650390625,1,1,1,1,1.0,2092_right.jpg
0.0055419921875,0.23127753303964757,0.012992216117216118,1,1,0,0,2.3443223443223444,918_left.jpg
0.8473388671875,1.0,0.8473388671875,1,1,1,1,1.0,953_right.jpg
0.0100439453125,0.37287311618862423,0.12726991492652745,1,0,0,0,5.746666666666667,3970_left.jpg
0.76501708984375,0.9999712782151645,0.76501708984375,1,1,1,1,1.0,2581_right.jpg
0.08201904296875,0.7732995981544872,0.22822690217391303,1,1,0,0,2.782608695652174,1454_right.jpg
0.19345703125,0.5752650176678445,0.2913235294117647,1,1,0,1,1.5058823529411764,4723_left.jpg
0.051591796875,0.836409237175847,0.25989423195178946,0,1,0,0,0.6791907514450867,5278_right.jpg
0.9961328125,1.0,0.9961328125,1,1,1,1,1.0,4250_left.jpg
0.7902099609375,0.9999938208669323,0.8304341133004927,1,1,0,1,1.0509031198686372,437_right.jpg
0.40917724609375,0.9959546298008938,0.5185612623762377,1,1,0,1,1.2673267326732673,1154_right.jpg
0.001552734375,1.0,0.6794871794871795,0,0,0,0,1.625,3252_right.jpg
0.7739794921875,0.9956186006018509,0.809390318627451,1,1,0,1,1.0457516339869282,539_left.jpg
0.014931640625,0.6885219097449313,0.1303939962476548,1,0,0,0,4.336538461538462,3162_right.jpg
0.243935546875,0.9980984026582329,0.56360559566787,1,1,0,0,2.3104693140794224,2972_right.jpg
0.0,0.0,0.0,0,0,0,0,0.0,4079_right.jpg
1.953125e-05,1.0,1.0,1,0,0,0,2.0,3067_right.jpg
0.3722021484375,0.9972778674223044,0.3956966362126246,1,1,0,1,1.06312292358804,5200_right.jpg
0.2902734375,0.9987720360651325,0.3773038842345773,1,0,0,1,1.2356435643564356,4618_right.jpg
0.0024609375,0.44543650793650796,0.03076923076923077,0,0,0,0,2.393162393162393,2773_left.jpg
0.0092578125,0.692246835443038,0.03821656050955414,0,1,0,1,4.025477707006369,4529_left.jpg
0.53401123046875,0.996022511669585,0.6270957568807339,1,1,0,1,1.1743119266055047,1718_left.jpg
0.03597412109375,0.26874787919918564,0.12581113387978143,1,1,0,0,3.4972677595628414,4481_right.jpg
0.85813232421875,0.9881334088212785,0.85813232421875,1,1,1,1,1.0,3267_right.jpg
0.4693017578125,0.9967590232330694,0.7083800117924528,1,1,0,0,1.509433962264151,19_right.jpg
0.03877685546875,0.9569980482276648,0.24330575980392158,1,1,0,0,6.2745098039215685,387_right.jpg
0.582314453125,0.9998406815475691,0.6788365209471767,1,1,0,1,1.1657559198542806,1863_right.jpg
0.001923828125,0.8451776649746193,0.05910591059105911,0,0,0,0,6.886363636363637,3616_left.jpg
0.29316162109375,0.9696699672715462,0.5387704373732479,0,1,0,1,0.6109271523178808,2602_left.jpg
0.0024365234375,0.5571142284569138,0.3080246913580247,0,0,0,0,3.6,761_left.jpg
0.0,0.0,0.0,0,0,0,0,0.0,2425_left.jpg
0.28668212890625,0.9928039173940814,0.5995966094771242,1,1,0,1,2.0915032679738563,1300_right.jpg
0.92136474609375,1.0,0.92136474609375,1,1,1,1,1.0,4184_left.jpg
0.0,0.0,0.0,0,0,0,0,0.0,2873_right.jpg
0.0668896484375,0.5435068253157165,0.4520674520674521,0,1,0,0,3.8174603174603177,4817_left.jpg
0.20359619140625,0.5839938603959565,0.5765555862831858,1,1,0,1,2.831858407079646,1122_left.jpg
0.238984375,0.917691647597254,0.46069277108433737,1,1,0,1,1.927710843373494,873_right.jpg
0.00662353515625,0.5963877626244011,0.09021381305489974,0,1,0,0,8.081967213114755,3710_right.jpg
0.26523193359375,0.9981682452894448,0.3893312786697248,1,1,0,1,1.4678899082568808,4124_left.jpg
0.23919921875,0.7673511880460521,0.4625,1,1,0,1,1.933534743202417,2093_left.jpg
0.114892578125,0.7988950276243094,0.1884480466434944,1,0,0,1,1.422434367541766,1574_left.jpg
0.56511962890625,0.9998012727186324,0.6048103051839465,1,1,0,1,1.0702341137123745,4523_right.jpg
0.181298828125,1.0,0.4716717479674797,1,1,0,0,2.6016260162601625,2694_right.jpg
0.0373388671875,0.5675428272525174,0.10083069620253164,1,1,0,0,2.70042194092827,1231_right.jpg
0.012255859375,0.2252988047808765,0.037879645349933974,1,0,0,1,2.617777777777778,3154_left.jpg
0.2445361328125,0.9778059543539466,0.39822678117048343,1,1,0,1,1.6284987277353689,713_left.jpg
0.54519775390625,0.9987461545006336,0.54519775390625,1,1,1,1,1.0,4784_left.jpg
0.91565673828125,1.0,0.9287168185419968,1,1,0,1,1.0142630744849446,590_left.jpg
0.03310791015625,0.7714032888430057,0.09719753440366972,1,1,0,1,2.9357798165137616,4485_right.jpg
0.44852783203125,1.0,0.7654875,1,1,0,0,1.7066666666666668,523_left.jpg
0.1860693359375,0.8243629779305639,0.1860693359375,1,1,1,1,1.0,933_right.jpg
0.01628173828125,0.4726345778977358,0.1787935656836461,0,1,0,0,3.73,610_right.jpg
0.1292333984375,0.6045641742547323,0.29225927561837456,1,1,0,1,2.2614840989399294,4437_left.jpg
0.799072265625,1.0,0.8248487903225806,1,1,0,1,1.032258064516129,2478_left.jpg
0.03627197265625,0.5829575284377735,0.18781603964401294,1,0,0,0,4.828125,2324_left.jpg
0.01979736328125,0.43889505487729685,0.36986863711001644,0,1,0,0,2.896551724137931,1195_left.jpg
0.32792724609375,0.6992607151631564,0.38368087294332726,1,1,0,1,1.170018281535649,4417_left.jpg
0.07671142578125,0.6915120460838293,0.17917997262773722,1,1,0,1,2.335766423357664,1438_right.jpg
0.01752685546875,1.0,0.5539351851851851,0,1,0,1,1.40625,1335_right.jpg
0.02828857421875,0.9957711228100458,0.08082449776785715,1,1,0,1,2.857142857142857,1057_left.jpg
0.50302978515625,0.9999951465970365,0.6193331770279126,1,0,1,0,1.1666666666666667,4367_right.jpg
0.0709228515625,1.0,0.5059212817833507,0,1,0,0,1.1863636363636363,3424_left.jpg
0.04477783203125,0.862984570088872,0.10732509421154882,1,0,0,0,1.047029702970297,4088_left.jpg
0.496513671875,0.6836683515921562,0.496513671875,1,1,1,1,1.0,1917_right.jpg
0.32981201171875,0.8049092833719492,0.32981201171875,1,1,1,1,1.0,5306_right.jpg
0.00029296875,0.625,0.008014961261020572,1,0,0,1,10.368421052631579,2852_right.jpg
0.00070068359375,0.34843205574912894,0.0179375,1,1,0,1,25.6,2075_left.jpg
0.02726806640625,0.8802041364491002,0.26082387557797393,0,0,0,0,3.128205128205128,2721_left.jpg
0.23226318359375,0.4775739738266674,0.4587914737654321,1,1,0,0,1.9753086419753085,2929_left.jpg
0.5490673828125,1.0,0.6389147727272727,1,1,0,0,1.1636363636363636,2251_right.jpg
0.540419921875,0.9982336146298271,0.5569545088566827,1,1,0,1,1.0305958132045088,4212_right.jpg
0.46536865234375,0.9995383364373213,0.5535983968401487,1,1,0,1,1.1895910780669146,5289_left.jpg
0.37956787109375,0.7073666471560612,0.37956787109375,1,1,1,1,1.0,4397_right.jpg
0.02495849609375,0.8673579184192507,0.20805519374796483,1,0,0,0,7.132530120481928,3190_right.jpg
0.1059814453125,0.8542962451048146,0.17090685753431129,1,0,0,1,1.5036496350364963,2266_left.jpg
0.0722412109375,0.6599188915174046,0.21126810844001456,0,0,0,1,2.7180616740088106,2236_left.jpg
0.65480224609375,0.853124638805102,0.65480224609375,1,1,1,1,1.0,819_left.jpg
0.20677734375,0.49756777179559836,0.38137608069164264,1,1,0,1,1.8443804034582132,902_left.jpg
5.859375e-05,1.0,0.75,1,0,0,0,0.5,4110_right.jpg
0.371943359375,0.9945913303751936,0.4848141547861507,1,1,0,1,1.3034623217922607,4296_left.jpg
0.794736328125,1.0,0.8784650259067357,1,1,0,1,1.1053540587219344,2477_left.jpg
0.02533203125,0.4116229760986893,0.07369318181818182,1,1,0,0,2.909090909090909,134_right.jpg
0.80230712890625,0.9962175732217573,0.80230712890625,1,1,1,1,1.0,2359_right.jpg
0.80458251953125,0.9989804495125274,0.80458251953125,1,1,1,1,1.0,3210_right.jpg
0.624248046875,0.9999178699372683,0.6984593531468531,1,1,0,0,1.118881118881119,28_right.jpg
0.1466015625,0.8247069011457501,0.18600501812099246,0,1,0,1,1.2411764705882353,3866_left.jpg
0.02115966796875,0.9959616937810084,0.05956701030927835,1,0,0,1,1.7182130584192439,2907_right.jpg
0.37078857421875,0.6779983539094651,0.45114959600760457,1,1,0,1,1.2167300380228137,1385_right.jpg
0.4869921875,0.6583380123526109,0.49868,1,1,0,1,1.024,5061_right.jpg
0.11630615234375,0.4660887088309998,0.1263768039049236,1,1,0,1,1.0865874363327674,4610_right.jpg
0.302509765625,0.9741178939212964,0.3983667695473251,1,1,0,1,1.316872427983539,3248_left.jpg
0.00490478515625,0.5370831259333001,0.07214680744092508,0,0,0,0,7.015873015873016,4483_right.jpg
0.0282421875,0.7406639004149378,0.4511524511524512,0,1,0,0,2.6161616161616164,3242_left.jpg
0.015556640625,0.5955743879472694,0.1085334695963209,0,1,0,0,6.505263157894737,5075_right.jpg
0.005947265625,0.6313628899835796,0.04193565046738625,1,0,0,1,1.4378109452736318,3863_right.jpg
0.136904296875,0.9904950424423996,0.32893779769586334,1,0,0,1,1.1150895140664963,4128_right.jpg
0.04876953125,0.5503103724469364,0.26228991596638657,1,1,0,0,5.378151260504202,2958_right.jpg
0.0,0.0,0.0,0,0,0,0,0.0,4645_left.jpg
0.120869140625,0.33136058818776765,0.120869140625,1,1,1,1,1.0,1995_left.jpg
0.01961181640625,0.6480766836798207,0.5762967214290838,0,1,0,0,4.962264150943396,4624_left.jpg
0.022744140625,0.39555603263203093,0.17029833284586135,0,1,0,0,5.0576923076923075,3353_right.jpg
0.17301025390625,0.5026035419459536,0.48281383069323797,1,0,0,1,1.8070175438596492,4279_right.jpg
0.19920654296875,0.981212084073779,0.20866151800327332,1,1,0,1,1.0474631751227497,2339_left.jpg
0.11447265625,0.9761132912472275,0.41626420454545454,1,1,0,0,3.6363636363636362,1755_right.jpg
0.02356689453125,0.9734797472288408,0.07635658914728682,1,0,0,1,2.1061224489795918,4455_right.jpg
0.00306884765625,1.0,0.5901408450704225,0,0,0,0,0.4225352112676056,2670_left.jpg
0.0038232421875,0.8652618135376756,0.015099360735876892,1,0,0,1,2.842931937172775,1127_right.jpg
0.37593017578125,0.9957072625843448,0.46002927820267686,1,1,0,1,1.2237093690248566,882_left.jpg
0.33481201171875,0.829224363601893,0.4089307013358779,1,1,0,0,1.2213740458015268,1907_right.jpg
0.17899169921875,0.8578871990724954,0.570669095211408,1,0,0,0,2.858490566037736,4421_left.jpg
0.0,0.0,0.0,0,0,0,0,0.0,133_left.jpg
0.85612060546875,0.9987994307990201,0.85612060546875,1,1,1,1,1.0,2561_right.jpg
0.001396484375,1.0,0.7944444444444444,0,1,0,0,0.5555555555555556,1404_left.jpg
0.1673388671875,0.9990370867497301,0.32064932634730536,1,1,0,1,1.9161676646706587,815_right.jpg
0.0399658203125,0.5515577275503971,0.24382978089578028,0,0,0,0,2.590062111801242,4402_right.jpg
0.308193359375,0.5184258056338921,0.7251608455882353,1,1,0,1,2.3529411764705883,320_left.jpg
0.00021728515625,0.4157303370786517,0.12447552447552447,1,0,0,1,4.230769230769231,4097_left.jpg
0.21384033203125,0.9955131352110425,0.3117811847037173,0,1,0,1,1.2771855010660982,2614_left.jpg
0.3913037109375,0.6077814796790576,0.4629101201478743,1,1,0,1,1.1829944547134936,2473_left.jpg
0.2887939453125,0.9985121312029758,0.38346084024896265,1,1,0,1,1.3278008298755186,1369_right.jpg
0.4776220703125,0.6365509062841838,0.4776220703125,1,1,1,1,1.0,5062_left.jpg
0.38777587890625,0.9986023055662236,0.4517126248492708,1,0,0,1,1.1539855072463767,1500_right.jpg
0.999140625,1.0,0.999140625,1,1,1,1,1.0,975_left.jpg
0.1125390625,0.45366192294342245,0.36731051188882513,0,1,0,1,2.0240963855421685,4268_right.jpg
0.91079345703125,1.0,0.91079345703125,1,1,1,1,1.0,1928_right.jpg
0.10883544921875,0.7549743152605487,0.18378545514511874,1,1,0,0,1.6886543535620053,1845_left.jpg
0.866396484375,1.0,0.866396484375,1,1,1,1,1.0,2195_left.jpg
0.03248291015625,0.9898534385569335,0.08846409574468085,1,1,0,1,2.723404255319149,1219_right.jpg
0.587578125,0.9216901010503923,0.5940758293838863,1,1,0,1,1.0110584518167456,1543_left.jpg
0.00314208984375,1.0,0.6415752741774676,0,0,0,0,1.7352941176470589,4045_right.jpg
0.0005908203125,0.8305785123966942,0.0010896974063400577,1,1,0,1,1.8443804034582132,109_right.jpg
0.0021337890625,1.0,0.6356363636363637,0,0,0,0,2.2,558_right.jpg
0.043583984375,1.0,0.7653262453914087,1,0,0,1,0.5093457943925234,625_left.jpg
0.04890380859375,0.3993310368928161,0.26750801282051284,1,1,0,0,5.47008547008547,2719_right.jpg
0.500244140625,0.9982869692532943,0.5291838842975206,1,1,0,1,1.0578512396694215,893_right.jpg
0.28504150390625,0.9698337515952481,0.28504150390625,1,1,1,1,1.0,2291_left.jpg
0.18856689453125,0.638774162642257,0.27058926569506725,1,1,0,0,1.4349775784753362,4855_right.jpg
0.57584716796875,0.9986517825723819,0.57584716796875,1,1,1,1,1.0,276_right.jpg
0.2611962890625,0.9972519768941731,0.6418261443397925,1,0,0,1,1.0683544303797468,2333_right.jpg
0.0180322265625,1.0,0.5402677199912223,0,0,0,0,3.4444444444444446,1818_right.jpg
0.54281005859375,0.995169451503362,0.54281005859375,1,1,1,1,1.0,585_right.jpg
0.05331298828125,0.5626230709346522,0.1723248106060606,1,1,0,0,3.2323232323232323,4403_right.jpg
0.033388671875,0.9969289265867213,0.15792512529157718,1,0,0,1,1.0812720848056536,3562_left.jpg
0.11491455078125,0.7546368097898829,0.27038717830882353,1,1,0,0,2.3529411764705883,2811_left.jpg
0.05415771484375,0.2936032096650588,0.11553645833333333,1,1,0,1,2.1333333333333333,4432_left.jpg
0.09852783203125,0.8409445697152911,0.373123150887574,1,1,0,0,3.78698224852071,1060_left.jpg
0.31309326171875,0.9877342233104341,0.45437570861678006,1,1,0,1,1.4512471655328798,2426_left.jpg
0.64496337890625,0.9990877328457815,0.64496337890625,1,1,1,1,1.0,4953_right.jpg
0.1171630859375,0.47105647009793705,0.3988530585106383,1,1,0,1,3.404255319148936,207_left.jpg
0.09623046875,0.8757611122386848,0.21091609589041097,1,1,0,1,2.191780821917808,487_right.jpg
0.0859423828125,0.951167547298449,0.27767085252729223,1,0,0,1,1.4180602006688963,4806_right.jpg
0.0,0.0,0.0,0,0,0,0,0.0,3466_left.jpg
0.05466552734375,0.4246348979500692,0.06728064903846154,1,1,0,0,1.2307692307692308,4273_left.jpg
0.9998388671875,1.0,0.9998388671875,1,1,1,1,1.0,3276_left.jpg
0.357275390625,0.9993713270466038,0.36410230891719747,1,1,1,0,1.019108280254777,4160_left.jpg
0.1852490234375,0.6484356466960121,0.30322090792838874,1,1,0,1,1.6368286445012787,1006_right.jpg
0.3322998046875,0.9907721695687312,0.4779143258426966,1,1,0,1,1.4382022471910112,3116_right.jpg
0.0296337890625,1.0,0.5813218390804598,1,0,0,0,1.5517241379310345,85_left.jpg
0.0087646484375,0.992757660167131,0.140234375,1,1,0,0,16.0,4889_right.jpg
0.68844482421875,0.9995425321025437,0.68844482421875,1,1,1,1,1.0,2351_left.jpg
0.03131591796875,0.8688703516020894,0.08419318420499895,1,0,0,0,1.8368055555555556,3874_left.jpg
0.0317822265625,0.6380396374251037,0.1303886217948718,1,1,0,0,4.102564102564102,4478_right.jpg
0.02256103515625,0.48631100530245647,0.07323780690770182,1,0,0,1,2.8341232227488153,432_right.jpg
0.02173828125,0.40779424977538187,0.17228768793173507,1,0,0,0,4.514018691588785,5180_right.jpg
0.9906494140625,1.0,0.9906494140625,1,1,1,1,1.0,4773_left.jpg
0.08461669921875,0.7848755013127904,0.18295502533783783,1,1,0,1,2.1621621621621623,4333_left.jpg
0.0,0.0,0.0,0,0,0,0,0.0,2766_left.jpg
0.780546875,0.9910544490041037,0.780546875,1,1,1,1,1.0,1365_left.jpg
0.09628662109375,0.8965237455310733,0.15140893734643734,1,1,0,0,1.5724815724815724,132_right.jpg
0.18696533203125,0.9126023426176205,0.3739306640625,1,1,0,1,2.0,1666_right.jpg
0.01908935546875,0.9946284691136974,0.2469053934571176,1,0,0,0,3.8241758241758244,2335_right.jpg
0.03044921875,0.23644964720974984,0.07795,1,1,0,0,2.56,3066_left.jpg
0.0,0.0,0.0,0,0,0,0,0.0,399_left.jpg
0.3510302734375,0.9997287560334395,0.38207376700680273,1,1,0,0,1.08843537414966,2603_left.jpg
0.7466455078125,0.9477055580624276,0.7466455078125,1,1,1,1,1.0,4310_right.jpg
4.8828125e-06,1.0,0.5,0,0,0,0,1.0,70_left.jpg
0.36322265625,0.9960141420659246,0.3861503322259136,1,1,1,0,1.06312292358804,3521_left.jpg
0.1755419921875,0.8875552835804289,0.3757420568561873,1,1,0,1,2.140468227424749,4733_right.jpg
0.18890869140625,0.9296819468317459,0.3386598389355742,1,1,0,1,1.792717086834734,4876_left.jpg
0.3654443359375,0.9977753430514544,0.3654443359375,1,1,1,1,1.0,5073_left.jpg
0.0,0.0,0.0,0,0,0,0,0.0,2477_right.jpg
0.0837158203125,0.9881306503353747,0.12857142857142856,0,1,0,1,1.5119047619047619,1288_right.jpg
0.092841796875,0.9886662459240559,0.18453027950310558,1,1,0,1,1.9875776397515528,4197_right.jpg
0.05717529296875,0.8864597121994962,0.5115105713786475,0,1,0,0,3.288135593220339,1836_left.jpg
0.3951953125,0.7550904418305822,0.3951953125,1,1,1,1,1.0,1904_left.jpg
0.9746826171875,0.9998396914059565,0.9746826171875,1,1,1,1,1.0,817_left.jpg
0.08425048828125,0.8886957025703439,0.14772688356164385,1,1,0,1,1.7534246575342465,3847_right.jpg
0.00926025390625,0.5214869496440812,0.023801455823293172,1,1,0,1,2.570281124497992,3989_left.jpg
0.100009765625,0.7989942388438629,0.17971869049812664,1,0,0,1,1.4104477611940298,3884_right.jpg
0.21450439453125,0.7857069689623383,0.35992380484207936,1,0,0,1,1.5645569620253164,1183_left.jpg
0.042587890625,0.8181036459527631,0.32066176470588237,1,1,0,0,7.529411764705882,4566_right.jpg
0.2297802734375,0.8096857136785737,0.2900579388560158,1,1,0,0,1.26232741617357,4407_right.jpg
0.000537109375,1.0,0.5978260869565217,0,0,0,0,0.6956521739130435,4670_left.jpg
0.0,0.0,0.0,0,0,0,0,0.0,2995_left.jpg
0.09466552734375,0.44655061250805933,0.29544883077696754,0,1,0,1,1.5498281786941581,4898_left.jpg
0.23607177734375,1.0,0.4796378968253968,0,1,0,0,1.96875,4459_left.jpg
0.400654296875,0.9993418967996686,0.5562228850325379,1,1,0,0,1.3882863340563991,1712_left.jpg
0.3208837890625,0.98942434986381,0.6112072172619047,1,1,0,0,1.9047619047619047,4629_right.jpg
0.00422607421875,0.4667822068168689,0.014500523560209424,0,1,0,1,3.2722513089005236,225_right.jpg
0.01139404296875,0.9457895864581102,0.05409446537235584,1,0,0,0,2.0935960591133007,2049_left.jpg
0.0090087890625,0.5775067750677507,0.09723320158102766,0,1,0,0,2.869565217391304,4328_left.jpg
0.4237841796875,0.9973557166065606,0.7044724025974026,1,1,0,1,1.6623376623376624,4718_left.jpg
0.00168212890625,0.5820029027576198,0.053032635467980295,0,0,0,0,3.8620689655172415,2988_right.jpg
0.053359375,0.36754209370424595,0.18763736263736264,1,1,0,0,3.5164835164835164,1814_left.jpg
0.00794189453125,0.9566553950199815,0.09302525093654379,0,0,0,0,1.0,1446_left.jpg
0.83254150390625,1.0,0.8444161053882726,1,1,0,1,1.0142630744849446,648_right.jpg
0.0,0.0,0.0,0,0,0,0,0.0,1333_right.jpg
0.6219140625,1.0,0.9567908653846153,1,1,0,1,1.5384615384615385,522_right.jpg
0.8060888671875,0.9999787990574667,0.8060888671875,1,1,1,1,1.0,4776_right.jpg
0.11490478515625,0.39381706151067675,0.13668970724907062,1,1,0,1,1.1895910780669146,1786_left.jpg
0.26455078125,0.6569029162052418,0.4363724226804124,1,1,0,1,1.6494845360824741,3895_left.jpg
0.0,0.0,0.0,0,0,0,0,0.0,248_right.jpg
0.07520751953125,0.4589190066547638,0.20055338541666667,1,1,0,0,2.6666666666666665,3157_left.jpg
0.16677978515625,0.8846486027549662,0.30067341549295773,1,1,0,1,1.8028169014084507,1170_left.jpg
0.06251708984375,0.4671769438044285,0.2260504943502825,1,1,0,0,3.615819209039548,4453_right.jpg
0.303232421875,0.7100012882032785,0.303232421875,1,1,1,1,1.0,3418_left.jpg
0.012998046875,0.41078136739293764,0.07494369369369369,1,1,0,0,5.7657657657657655,877_left.jpg
0.0633056640625,0.8539529502506749,0.15656321700277745,1,0,0,0,2.45,218_right.jpg
0.001015625,1.0,0.6956521739130435,0,0,0,0,1.1304347826086956,2386_left.jpg
0.30052001953125,0.9603064349719318,0.5495223214285714,1,1,0,0,1.8285714285714285,2456_left.jpg
0.51091796875,0.9506431820788256,0.51091796875,1,1,1,1,1.0,3515_right.jpg
0.62888427734375,0.9998369508251453,0.62888427734375,1,1,1,1,1.0,4703_right.jpg
0.17863037109375,0.5828037229898725,0.2908993320610687,1,1,0,1,1.6284987277353689,1104_left.jpg
0.3279931640625,0.5995489259077308,0.3279931640625,1,1,1,1,1.0,3783_left.jpg
0.97544189453125,1.0,0.97544189453125,1,1,1,1,1.0,3261_right.jpg
0.559326171875,0.9728240942819729,0.559326171875,1,1,1,1,1.0,4441_right.jpg
0.37696044921875,1.0,0.8435478583916084,1,0,1,1,0.446875,46_left.jpg
0.00070068359375,0.3797909407665505,0.04076704545454545,1,1,0,1,58.18181818181818,2851_right.jpg
0.07597412109375,0.5443941000674829,0.07958009410801964,1,0,1,1,0.9546875,1676_right.jpg
0.12181884765625,0.7246728260216045,0.2195716555114039,1,0,0,1,1.7632311977715878,1870_left.jpg
0.023056640625,0.9901524777636594,0.38931486519910957,0,0,0,0,3.9871794871794872,3557_right.jpg
0.0,0.0,0.0,0,0,0,0,0.0,1288_left.jpg
0.5866162109375,0.9999667052331049,0.8417811098654708,1,1,0,0,1.4349775784753362,3936_right.jpg
0.0,0.0,0.0,0,0,0,0,0.0,2674_right.jpg
0.4614892578125,0.9996402611280988,0.5668965930902111,1,1,0,0,1.2284069097888675,3609_left.jpg
0.73495361328125,0.9995914123513057,0.7685789419934641,1,1,0,1,1.0457516339869282,4401_left.jpg
0.012158203125,0.8471887550200803,0.4506787330316742,0,1,0,0,9.558823529411764,2410_left.jpg
0.00937255859375,0.8181818181818182,0.697746274082152,0,0,0,0,3.119047619047619,4674_left.jpg
0.3362109375,0.9937042523527362,0.5284623354695115,1,0,0,0,1.017786561264822,1487_right.jpg
0.10009765625,0.7380243902439024,0.1423611111111111,1,1,0,0,1.4222222222222223,2282_left.jpg
0.0850341796875,0.804306632213609,0.5224944120250221,0,1,0,0,5.822429906542056,4302_left.jpg
0.5756005859375,0.9995291942010298,0.6613723070017953,1,1,0,1,1.1490125673249552,4947_right.jpg
0.76866943359375,1.0,0.8960809426229508,1,1,0,1,1.1657559198542806,34_left.jpg
0.0,0.0,0.0,0,0,0,0,0.0,2392_right.jpg
0.00133056640625,0.47706422018348627,0.003533454356846473,1,1,0,0,2.6556016597510372,1049_left.jpg
0.1774462890625,0.9190721223961916,0.32718416882742724,1,0,0,0,1.752808988764045,4639_right.jpg
0.01728271484375,0.4989405283232095,0.07628561575929997,0,1,0,1,2.124401913875598,4904_right.jpg
0.06876953125,0.8039974439079807,0.44440237283857126,0,1,0,0,3.2805755395683454,2388_left.jpg
0.00072509765625,0.6026936026936027,0.09936433589829374,0,0,0,0,1.2448979591836735,158_left.jpg
0.32988525390625,0.6883904056364296,0.32988525390625,1,1,1,1,1.0,1984_left.jpg
0.1666748046875,0.8054636004101362,0.27142970737913485,1,1,0,1,1.6284987277353689,5254_right.jpg
0.0647021484375,0.6195381480642971,0.1251038519637462,1,1,0,1,1.933534743202417,2350_right.jpg
0.0124658203125,0.33607520564042304,0.205456301303718,0,1,0,0,7.649122807017544,88_right.jpg
0.10066162109375,0.8974800514176227,0.19346377627627628,1,1,0,0,1.921921921921922,2262_left.jpg
0.001484375,1.0,0.8444444444444444,0,1,0,0,0.8,3476_right.jpg
0.151572265625,0.9659493589330584,0.24746492346938775,1,1,0,1,1.6326530612244898,632_right.jpg
0.0022998046875,0.994692144373673,0.2489429175475687,0,0,0,0,1.9545454545454546,2089_right.jpg
0.03310791015625,0.7714032888430057,0.09719753440366972,1,1,0,1,2.9357798165137616,4484_right.jpg
0.2360693359375,0.7716094069952634,0.3425949546485261,1,1,0,1,1.4512471655328798,1104_right.jpg
0.1958349609375,0.5753983095220285,0.3500960195530726,1,1,0,1,1.7877094972067038,3235_left.jpg
0.074013671875,0.9650019791529225,0.1130519093078759,1,1,0,0,1.5274463007159904,4501_right.jpg
0.09533447265625,0.8631719122128607,0.5259124579124579,1,0,0,1,3.3,2052_right.jpg
0.094501953125,0.9454634700837036,0.17893860946745563,1,1,0,1,1.893491124260355,934_left.jpg
0.13865478515625,0.6444632261018083,0.24048526422764227,1,1,0,1,1.7344173441734418,5339_left.jpg
0.15605712890625,0.5225669185400729,0.4076594387755102,1,1,0,0,2.6122448979591835,3612_left.jpg
0.85587158203125,0.9998174375650736,0.85587158203125,1,1,1,1,1.0,693_right.jpg
0.199423828125,0.8308114196170608,0.22669849023090585,1,1,0,1,1.1367673179396092,5338_right.jpg
0.38915283203125,0.9959158578894207,0.48080658783783786,1,1,0,1,1.2355212355212355,4304_right.jpg
0.00531005859375,0.9416091954022988,0.22813089993706734,0,1,0,0,5.404761904761905,4629_left.jpg
0.2084814453125,0.9967679228048809,0.6234959112149533,1,1,0,0,2.9906542056074765,2316_left.jpg
0.1088916015625,0.878503206134254,0.1644464927643101,1,0,0,1,1.2021052631578948,2625_right.jpg
0.01616455078125,0.5219755323969189,0.04210492845786963,0,1,0,1,2.516,2853_right.jpg
0.12192626953125,0.8591938487415149,0.15181481031128405,1,1,0,0,1.245136186770428,2345_right.jpg
0.00699462890625,0.9993019197207679,0.2132966051220965,0,1,0,0,6.3478260869565215,4347_left.jpg
0.12829833984375,0.9609902761127286,0.1800845061734741,1,0,0,0,1.3731019522776573,2280_right.jpg
0.58298583984375,0.9951966363891437,0.58298583984375,1,1,1,1,1.0,4539_left.jpg
0.00133056640625,1.0,0.6550480769230769,0,0,0,0,1.2307692307692308,1824_left.jpg
0.0060302734375,0.9672064777327936,0.4717341482047364,0,0,0,0,2.7045454545454546,1465_left.jpg
0.315810546875,0.833366832616964,0.3302593954248366,1,1,0,1,1.0457516339869282,5299_right.jpg
0.02330810546875,0.9930868335602807,0.1258834388185654,1,0,0,0,2.9625,1889_right.jpg
0.2735546875,0.5404201770669713,0.4109741784037559,1,1,0,1,1.5023474178403755,5178_left.jpg
0.2859375,0.8754439890710383,0.29516129032258065,1,1,0,1,1.032258064516129,5264_right.jpg
0.67395751953125,1.0,0.7348088798977853,1,1,0,1,1.090289608177172,3734_right.jpg
0.18957763671875,0.591595729610694,0.18957763671875,1,1,1,1,1.0,1178_right.jpg
0.85138671875,0.9998738271661581,0.8608017377567141,1,1,0,1,1.0110584518167456,1906_right.jpg
0.9722119140625,0.9999924664379812,0.9722119140625,1,1,1,1,1.0,332_left.jpg
0.85909912109375,1.0,0.8797175,1,1,0,1,1.024,3053_left.jpg
0.03847900390625,0.9310957426559229,0.1816515876217369,0,0,0,0,1.2934362934362935,2899_left.jpg
0.17279052734375,0.9242811727304839,0.2571765988372093,1,1,0,1,1.4883720930232558,5049_left.jpg
0.033779296875,0.8290690951141949,0.2039504716981132,1,1,0,0,6.037735849056604,4809_right.jpg
0.77960693359375,0.9954404106135717,0.77960693359375,1,1,1,1,1.0,2987_left.jpg
0.0068603515625,0.46441281138790036,0.2491797463864503,0,0,0,0,2.8412698412698414,4392_left.jpg
0.27912841796875,0.9250072158907033,0.42432823634204275,1,1,0,1,1.520190023752969,4483_left.jpg
0.09555908203125,0.5340691346669733,0.3218832236842105,1,1,0,0,3.3684210526315788,581_left.jpg
0.37001953125,0.9918580100290314,0.5905548628428927,1,1,0,1,1.5960099750623442,3387_right.jpg
0.08657958984375,0.9829117671939768,0.4559515544241302,1,0,0,0,3.5033557046979866,2942_left.jpg
0.27540283203125,0.9832986126501485,0.500732421875,1,1,0,1,1.8181818181818181,4564_left.jpg
0.03561279296875,0.5311578803043806,0.16561644924327576,0,1,0,0,3.573248407643312,810_left.jpg
0.12794921875,0.9403907800335827,0.6021139705882353,1,1,0,0,4.705882352941177,1505_left.jpg
0.02227294921875,0.3668749314918338,0.06514381194481735,1,0,0,1,2.8161434977578477,2327_left.jpg
0.2638818359375,0.8209018744333216,0.5117708333333333,1,1,0,1,1.9393939393939394,5209_left.jpg
0.41637451171875,0.9997420066022856,0.832176089703866,0,1,0,1,0.56738768718802,370_left.jpg
0.6341455078125,0.976642566199287,0.6341455078125,1,1,1,1,1.0,1700_right.jpg
0.026787109375,0.4335581480131243,0.13129898881110513,0,1,0,0,4.5851851851851855,2270_right.jpg
0.12542236328125,0.8105619683491329,0.169704677589852,1,1,0,1,1.3530655391120507,1819_right.jpg
0.13822265625,0.9652395082662145,0.21735257985257986,1,1,0,1,1.5724815724815724,4589_left.jpg
0.058935546875,0.41975973487986745,0.2993551587301587,1,1,0,0,5.079365079365079,4454_right.jpg
0.0954248046875,0.3575704855958655,0.32734795062059263,0,1,0,1,1.726235741444867,1029_right.jpg
0.08036376953125,1.0,0.28573784722222223,1,1,0,0,3.5555555555555554,2527_right.jpg
0.35245361328125,0.9991202853877325,0.3999473625886525,1,1,0,0,1.1347517730496455,5057_left.jpg
0.64436279296875,1.0,0.9205182756696428,1,1,0,0,1.4285714285714286,4532_left.jpg
0.08144775390625,0.7145769011720272,0.2779110644607721,0,1,0,0,2.0329218106995883,1611_left.jpg
0.01012451171875,0.9498432601880877,0.3396396396396396,0,0,0,0,2.803030303030303,3704_left.jpg
0.046162109375,0.29855087793526547,0.38643749105847247,0,0,0,0,3.831858407079646,2894_left.jpg
7.080078125e-05,1.0,0.725,0,0,0,0,1.6,5272_right.jpg
0.0,0.0,0.0,0,0,0,0,0.0,4605_left.jpg
0.03402099609375,0.5600287047003947,0.09880596168299842,0,1,0,0,1.5463576158940397,40_left.jpg
0.086904296875,0.7672491291156309,0.24077380952380953,1,1,0,0,2.7705627705627704,2627_left.jpg
0.2181396484375,0.9709681029658646,0.5376926456163156,1,0,0,0,2.0174216027874565,1601_right.jpg
0.005732421875,0.946763202725724,0.2991082802547771,0,0,0,0,3.14,4520_right.jpg
0.58377685546875,0.9966376011542564,0.58377685546875,1,1,1,1,1.0,616_right.jpg
0.26797607421875,0.8431074223554386,0.2858411458333333,1,1,0,1,1.0666666666666667,2151_left.jpg
0.0549169921875,0.761403040810883,0.1058640813253012,1,1,0,1,1.927710843373494,3576_left.jpg
0.611171875,0.9982223891090375,0.7047747747747748,1,1,0,0,1.1531531531531531,1389_right.jpg
0.1518798828125,0.9216524674489632,0.40166580578512395,1,1,0,0,2.644628099173554,4711_right.jpg
0.02232177734375,0.7417696598490648,0.395937987181708,0,1,0,0,2.7282608695652173,3535_left.jpg
0.0,0.0,0.0,0,0,0,0,0.0,352_left.jpg
0.00160400390625,1.0,0.48167155425219943,0,0,0,0,1.4193548387096775,2365_left.jpg
0.02334716796875,0.9572309944578061,0.20038135948369792,0,1,0,0,1.774390243902439,3911_right.jpg
0.1036181640625,0.9798077376183969,0.27178534836065577,1,1,0,0,2.622950819672131,1506_left.jpg
0.0,0.0,0.0,0,0,0,0,0.0,1740_right.jpg
0.2514306640625,0.8624279028217428,0.3575902777777778,1,1,0,1,1.4222222222222223,4150_left.jpg
0.4553564453125,1.0,0.6955325178997613,1,1,0,0,1.5274463007159904,2901_right.jpg
0.04013916015625,0.7720941548567606,0.19170942164179106,1,1,0,0,4.776119402985074,1659_right.jpg
0.99474853515625,1.0,0.99474853515625,1,1,1,1,1.0,323_left.jpg
0.02016845703125,0.6349110277206149,0.1317123724489796,1,1,0,0,6.530612244897959,4810_left.jpg
0.0,0.0,0.0,0,0,0,0,0.0,10_right.jpg
0.0169091796875,0.6357204735778227,0.040837264150943395,1,1,0,1,2.4150943396226414,4973_left.jpg
0.39034912109375,0.997029151838486,0.6438748389175257,1,1,0,1,1.6494845360824741,3404_left.jpg
0.49148193359375,0.9997913675854772,0.6393260924796748,1,1,0,1,1.3008130081300813,5102_left.jpg
0.32372314453125,0.9641847100613136,0.4751899369266055,1,1,0,0,1.4678899082568808,3127_right.jpg
0.70704833984375,0.9999412997614008,0.70704833984375,1,1,1,1,1.0,2504_right.jpg
0.33836181640625,0.728810257372306,0.4322386477045908,1,1,0,1,1.2774451097804391,1009_right.jpg
0.212021484375,0.8102114135691585,0.21402799684542587,1,1,0,1,1.0094637223974763,877_right.jpg
0.022021484375,1.0,0.6732348111658456,0,0,0,0,1.7701149425287357,4179_right.jpg
0.72228759765625,1.0,0.8656630383895131,1,1,0,1,1.198501872659176,657_right.jpg
0.00148193359375,0.6754530477759473,0.0850140056022409,1,0,0,0,0.9882352941176471,4346_right.jpg
0.03103515625,0.7761957205789805,0.07495283018867925,1,1,0,1,2.4150943396226414,4270_left.jpg
0.99868408203125,1.0,0.99868408203125,1,1,1,1,1.0,775_right.jpg
2.44140625e-05,1.0,0.8333333333333334,1,0,0,0,1.3333333333333333,248_left.jpg
0.00156005859375,1.0,0.7830882352941176,0,0,0,1,3.1875,441_left.jpg
0.0,0.0,0.0,0,0,0,0,0.0,4100_right.jpg
0.1711083984375,0.9985589133350455,0.493285472972973,1,1,0,0,2.8828828828828827,3957_left.jpg
0.01527587890625,0.6135528208406584,0.17895037895037896,1,0,0,0,3.1714285714285713,2753_left.jpg
0.0351611328125,0.3955006249132065,0.10091511694718107,0,1,0,0,1.7447552447552448,2165_left.jpg
0.15482177734375,0.9951431049436253,0.31159099842767296,1,1,0,1,2.0125786163522013,4229_left.jpg
0.08376708984375,0.9939669493748361,0.26151676829268294,1,1,0,1,3.1219512195121952,1294_left.jpg
0.0777783203125,0.8195429719379748,0.21456088362068965,1,1,0,0,2.7586206896551726,2628_left.jpg
0.00029296875,0.8583333333333333,0.5555555555555556,1,0,0,1,2.6666666666666665,4082_right.jpg
0.27234130859375,0.9286156107968553,0.3257914719626168,1,1,1,0,1.1962616822429906,5251_right.jpg
0.04592041015625,0.7419320538040299,0.12934704122683355,0,1,0,1,2.7729257641921397,1046_right.jpg
0.0417041015625,0.7164266479334972,0.19770833333333335,1,1,0,0,4.7407407407407405,2244_right.jpg
0.06610595703125,0.5270155482512834,0.2917780172413793,1,1,0,1,4.413793103448276,1275_right.jpg
0.0995166015625,0.8986310779647712,0.23943843984962407,1,1,0,0,2.406015037593985,4071_left.jpg
0.02741455078125,0.941312672544305,0.17921667517875384,0,1,0,0,2.022727272727273,899_right.jpg
0.3360302734375,1.0,0.8591099182323201,1,0,0,0,1.1702702702702703,787_right.jpg
0.08178955078125,0.5828781230411032,0.1557896205357143,1,1,0,1,1.9047619047619047,2097_left.jpg
0.114853515625,0.41775784372077207,0.5444907407407408,1,1,0,0,4.7407407407407405,3019_left.jpg
0.10206298828125,0.9050113622772396,0.39113959580838326,1,1,0,0,3.8323353293413174,4557_right.jpg
0.08141845703125,0.9874958769378392,0.384205069124424,1,0,0,0,2.834285714285714,478_right.jpg
0.24614013671875,0.9859451095527628,0.2565630089576547,1,1,0,1,1.0423452768729642,1596_right.jpg
0.00140380859375,0.9356521739130435,0.34348864994026285,1,0,0,1,2.2962962962962963,157_right.jpg
0.9993212890625,1.0,0.9993212890625,1,1,1,1,1.0,4237_left.jpg
0.02093017578125,0.996383996267351,0.5461205249076315,0,0,0,0,1.7765957446808511,4223_left.jpg
0.0510009765625,0.6763523216850168,0.17134186351706038,0,1,0,0,3.3072916666666665,2719_left.jpg
0.20953125,0.7227232475764355,0.5610878661087866,1,1,0,0,2.6778242677824267,4156_right.jpg
0.80127197265625,0.9996099950944696,0.80127197265625,1,1,1,1,1.0,279_right.jpg
0.7353173828125,0.995829819447119,0.7517621805111822,1,1,0,1,1.0223642172523961,670_left.jpg
0.0,0.0,0.0,0,0,0,0,0.0,1981_left.jpg
0.41545166015625,0.9849620083563987,0.41938337933753944,1,1,0,1,1.0094637223974763,35_right.jpg
0.05834228515625,0.5637109260576642,0.08697471957140465,1,0,1,0,1.0731225296442688,5032_left.jpg
0.020732421875,0.41957136128120587,0.21611441950425,0,1,0,0,7.175675675675675,3963_right.jpg
0.0,0.0,0.0,0,0,0,0,0.0,1576_right.jpg
0.157412109375,0.7468825609529127,0.2359338407494145,1,1,0,0,1.4988290398126465,5212_right.jpg
0.54905517578125,0.9363919730716385,0.54905517578125,1,1,1,1,1.0,2565_right.jpg
0.090419921875,0.9773193649422184,0.18849755700325732,1,1,0,1,2.0846905537459284,2653_right.jpg
0.1141357421875,0.9969411764705882,0.16474725832370105,1,0,1,0,0.7104430379746836,3152_right.jpg
0.028349609375,0.6911815363417154,0.2113732343090141,0,1,0,0,1.9464285714285714,2510_right.jpg
0.01363525390625,0.5919427036705461,0.21913132185035508,0,0,0,0,4.298701298701299,621_right.jpg
0.754228515625,0.9999449717089846,0.8251388888888889,1,1,0,1,1.0940170940170941,1101_left.jpg
0.0176025390625,0.9958391123439667,0.08393285371702638,1,0,0,0,4.446043165467626,4606_right.jpg
0.08661865234375,0.9216437892838016,0.2320693873012343,1,0,0,1,1.0,3027_left.jpg
0.10657958984375,0.400274882602222,0.2573997641509434,1,1,0,1,2.4150943396226414,196_right.jpg
0.014697265625,0.3142857142857143,0.4653679653679654,0,1,0,0,11.878787878787879,5177_right.jpg
0.1117919921875,0.9493120768726796,0.23928720735785952,1,1,0,1,2.140468227424749,4021_right.jpg
0.38063720703125,0.9960746332796695,0.4951378302845528,1,1,0,1,1.3008130081300813,1108_left.jpg
0.0,0.0,0.0,0,0,0,0,0.0,4699_right.jpg
0.003828125,0.9987244897959183,0.6222222222222222,0,1,0,0,4.375,3008_right.jpg
0.23155517578125,0.9951183509937266,0.3093847860125261,1,1,0,1,1.336116910229645,3355_right.jpg
0.49187255859375,0.9626447478793474,0.6007603769083969,1,1,0,0,1.2213740458015268,2038_left.jpg
0.21214111328125,0.5227003325929591,0.2407275044326241,1,1,0,1,1.1347517730496455,2287_left.jpg
0.4114501953125,1.0,0.6827388958208424,1,0,0,0,1.5123762376237624,4997_left.jpg
0.0,0.0,0.0,0,0,0,0,0.0,5285_left.jpg
0.107255859375,0.7999863425293635,0.29975436681222706,1,1,0,1,2.7947598253275108,5256_right.jpg
0.31157470703125,0.8423613668596861,0.31157470703125,1,1,1,1,1.0,5123_left.jpg
0.00754150390625,0.7232113952735513,0.12069706560387607,0,1,0,0,7.87719298245614,4014_right.jpg
0.85833740234375,1.0,0.85833740234375,1,1,1,1,1.0,3051_left.jpg
0.0001123046875,1.0,0.8363636363636363,0,0,0,1,2.2,1676_left.jpg
0.736279296875,1.0,0.736279296875,1,1,1,1,1.0,1722_right.jpg
0.314423828125,1.0,0.723853417266187,1,1,0,0,2.302158273381295,4003_right.jpg
0.9328564453125,1.0,0.9328564453125,1,1,1,1,1.0,2794_right.jpg
0.043642578125,0.36512642649362276,0.22078130596415824,0,1,0,0,4.313868613138686,5175_left.jpg
0.18134521484375,0.9761978486517051,0.43468515917602996,1,1,0,0,2.397003745318352,1454_left.jpg
0.60875,0.7115310574948666,0.6907801418439716,1,1,0,0,1.1347517730496455,1691_left.jpg
0.18057861328125,0.9539917528560806,0.18731006888168558,1,0,1,1,0.9640625,3341_left.jpg
0.0082568359375,0.25221762270845655,0.05621675531914894,1,1,0,0,6.808510638297872,612_right.jpg
0.13220458984375,0.3794205093165408,0.25954275306748464,1,1,0,0,1.9631901840490797,650_left.jpg
0.22015380859375,0.9974826725810924,0.29232040975103735,1,1,0,1,1.3278008298755186,3444_right.jpg
0.319794921875,0.971150029010291,0.38616745283018866,1,1,0,1,1.2075471698113207,3057_left.jpg
0.0005908203125,0.8305785123966942,0.0010896974063400577,1,1,0,1,1.8443804034582132,111_right.jpg
0.9949462890625,1.0,0.9949462890625,1,1,1,1,1.0,1839_left.jpg
0.0,0.0,0.0,0,0,0,0,0.0,441_right.jpg
0.05771728515625,0.5218053381836639,0.16867151826484017,1,1,0,0,2.922374429223744,4497_right.jpg
0.0137353515625,0.6116246000710984,0.05642249679075738,0,1,0,0,3.707317073170732,379_left.jpg
0.027763671875,0.7688181498417165,0.32106154714850366,0,1,0,0,1.3664596273291925,3382_right.jpg
0.95484375,0.9997366429389625,0.95484375,1,1,1,1,1.0,3352_right.jpg
0.43662109375,0.9970140908074256,0.43662109375,1,1,1,1,1.0,4417_right.jpg
0.09665283203125,0.9777463436813256,0.31721955128205126,1,1,0,1,3.282051282051282,3572_left.jpg
0.11125732421875,0.4366153913673169,0.2570566335740072,1,1,0,0,2.3104693140794224,4029_left.jpg
0.202431640625,0.3792151092672102,0.31143329326923075,1,1,0,1,1.5384615384615385,4351_left.jpg
0.05138671875,0.395286963131889,0.20053353658536585,1,1,0,0,3.902439024390244,1408_right.jpg
0.44073486328125,0.9973410884918986,0.4428105376766091,1,1,1,0,1.0047095761381475,3767_right.jpg
0.12904541015625,0.5217662750439866,0.13606105848434927,1,0,1,1,0.9484375,5063_left.jpg
0.006943359375,0.27285513361462727,0.02167682926829268,1,1,0,1,3.1219512195121952,1126_left.jpg
0.0397509765625,0.8481144822503378,0.1177806712962963,1,1,0,1,2.962962962962963,4504_left.jpg
0.44889404296875,0.9999619290030294,0.6574191933638444,1,1,0,1,1.4645308924485125,2797_right.jpg
0.01771240234375,0.8347346657477601,0.320337336630166,0,1,0,0,3.9210526315789473,2717_right.jpg
0.0050341796875,0.5557710960232783,0.01853033421102294,1,0,0,1,2.2376681614349776,1172_left.jpg
0.15944580078125,0.9378952364911421,0.23351330091533182,1,1,0,1,1.4645308924485125,882_right.jpg
0.585830078125,1.0,0.7513652304609219,1,1,0,0,1.282565130260521,1378_left.jpg
0.2112744140625,0.9558690979685225,0.27206363179074444,1,1,0,1,1.2877263581488934,3523_right.jpg
0.154228515625,0.9864496929019185,0.4278003887124408,1,0,0,0,1.5667752442996743,2169_left.jpg
0.2009326171875,1.0,0.6625769834561044,0,1,0,0,1.6666666666666667,1165_right.jpg
0.01000732421875,0.3603317882410344,0.02338810909505877,0,1,0,1,2.300724637681159,3320_left.jpg
0.0095849609375,0.9910850738665308,0.49075,0,0,0,0,3.2,309_right.jpg
0.0109375,0.7741071428571429,0.05785123966942149,1,1,0,0,5.289256198347108,5293_left.jpg
0.03593505859375,0.4971125755825803,0.1858459595959596,1,0,0,0,2.909090909090909,4150_right.jpg
0.0056494140625,1.0,0.55625,0,0,0,0,0.9846153846153847,1216_left.jpg
0.00664794921875,0.7212633125229526,0.13350002451340884,0,1,0,0,13.41025641025641,3493_left.jpg
0.12649658203125,0.5157778935788315,0.26031450964630226,1,1,0,0,2.057877813504823,2967_right.jpg
0.0949609375,0.8669271904566023,0.2480897041752242,1,0,0,1,2.0433212996389893,3120_left.jpg
0.00944580078125,0.6469371930731456,0.06275750202757502,0,0,0,0,2.74,285_right.jpg
0.06452880859375,0.9575498467708373,0.19377565982404693,1,0,0,1,2.8181818181818183,4189_left.jpg
0.35791015625,0.9668144611186903,0.3836892797319933,1,1,0,1,1.0720268006700167,2145_left.jpg
0.0238525390625,0.9502558853633573,0.3161812297734628,1,0,0,0,8.583333333333334,3147_left.jpg
0.01209228515625,0.5273571572784171,0.15174632352941175,1,1,0,0,12.549019607843137,956_right.jpg
0.0,0.0,0.0,0,0,0,0,0.0,1751_right.jpg
0.16305908203125,0.35646588510084,0.4722072963800905,1,1,0,0,2.8959276018099547,3116_left.jpg
0.8579833984375,0.9999943089662238,0.8579833984375,1,1,1,1,1.0,2462_right.jpg
0.15593505859375,0.8938172253448357,0.40568470528455286,1,1,0,1,2.6016260162601625,3955_right.jpg
0.09698974609375,0.9321871774863443,0.23890191833543808,1,0,0,1,1.3971014492753624,359_right.jpg
0.94544677734375,0.9998398987747091,0.94544677734375,1,1,1,1,1.0,688_left.jpg
0.719384765625,0.5483981538043847,0.719384765625,1,1,1,1,1.0,3275_right.jpg
0.02880126953125,0.9964397728235992,0.08455418577981651,1,1,0,1,2.9357798165137616,1960_right.jpg
0.195595703125,0.5976334315242898,0.5194242738589212,1,1,0,0,2.6556016597510372,5197_left.jpg
0.254287109375,0.8795364645339683,0.46103045325779035,1,1,0,1,1.8130311614730878,3981_right.jpg
0.00386962890625,0.7671924290220821,0.008093341503267975,1,1,0,1,2.0915032679738563,1077_left.jpg
0.020439453125,0.7353081700907788,0.17231655860862405,1,0,0,0,7.784810126582278,1669_left.jpg
0.05536865234375,0.523744433176066,0.19686631944444444,1,1,0,0,3.5555555555555554,1511_right.jpg
0.0411279296875,0.908464917487831,0.2897289488167309,0,0,0,0,1.7173913043478262,4651_left.jpg
0.0279638671875,0.8457307490832897,0.21717861205915814,0,0,0,0,1.6277777777777778,2265_right.jpg
0.5035498046875,0.9987588119503137,0.536226081530782,1,1,0,1,1.064891846921797,1396_right.jpg
0.06236572265625,0.5889998042669798,0.16912738347457626,1,1,0,0,2.711864406779661,4913_right.jpg
0.2062939453125,0.6098724230159294,0.35779979674796747,1,1,0,1,1.7344173441734418,4365_left.jpg
0.82504150390625,0.9992099119066572,0.82504150390625,1,1,1,1,1.0,2143_right.jpg
0.0537744140625,0.7691364750749115,0.13036221590909092,1,1,0,1,2.4242424242424243,920_left.jpg
0.0016650390625,1.0,0.5982456140350877,1,0,0,1,3.1578947368421053,2749_right.jpg
0.12496337890625,0.8352837745433233,0.25633513621794873,1,1,0,0,2.051282051282051,3058_left.jpg
0.30677978515625,0.9977876282260439,0.4148122472559214,1,0,0,0,1.099047619047619,4695_left.jpg
0.00037841796875,0.6,0.0199203187250996,1,0,0,0,8.096774193548388,2683_right.jpg
0.083916015625,0.8955545211218433,0.28266447368421055,1,1,0,0,3.3684210526315788,867_left.jpg
0.25293701171875,0.581826781077768,0.3025788551401869,1,1,0,0,1.1962616822429906,1488_right.jpg
0.03702392578125,0.6278272337619518,0.17683069029850745,1,1,0,0,4.776119402985074,3823_left.jpg
0.34191650390625,1.0,0.679585597826087,1,1,0,0,1.9875776397515528,2588_right.jpg
0.0,0.0,0.0,0,0,0,0,0.0,3687_right.jpg
0.0039306640625,0.5826086956521739,0.33880471380471383,0,0,0,0,4.363636363636363,2059_left.jpg
0.18908203125,0.8858201632062803,0.40744949494949495,1,1,0,0,2.154882154882155,3841_left.jpg
0.9172314453125,0.9991402669165127,0.9172314453125,1,1,1,1,1.0,258_right.jpg
0.87175537109375,1.0,0.9146285860655737,1,1,0,1,1.0491803278688525,2597_left.jpg
0.18466552734375,0.9280926506167453,0.310199311023622,1,1,0,1,1.6797900262467191,1244_right.jpg
0.32656982421875,0.9968152628155768,0.9126842248908297,1,1,0,1,2.7947598253275108,2983_left.jpg
0.27295654296875,0.9843832455300842,0.6398981227106227,1,1,0,1,2.3443223443223444,1759_left.jpg
0.03703369140625,0.3341024457775727,0.22789963942307692,1,1,0,0,6.153846153846154,5196_right.jpg
0.0264306640625,0.9019951967485682,0.09910470715318845,1,0,0,1,1.3639575971731448,831_left.jpg
0.0234326171875,0.9799958324650969,0.6244632400780742,0,0,0,0,4.568965517241379,3673_left.jpg
0.63805419921875,0.9947541008697249,0.63805419921875,1,1,1,1,1.0,1483_right.jpg
0.0246240234375,0.7448939123537577,0.03673513986013986,1,1,0,1,1.491841491841492,1286_right.jpg
0.50834228515625,0.983209824365926,0.50834228515625,1,1,1,1,1.0,2472_left.jpg
0.33274169921875,0.9888033692613599,0.33274169921875,1,1,1,1,1.0,4912_left.jpg
0.01156982421875,0.6539354294154885,0.3302439024390244,0,1,0,0,5.74,90_right.jpg
0.0,0.0,0.0,0,0,0,0,0.0,132_left.jpg
0.35077392578125,1.0,0.7126835317460317,1,1,0,0,2.0317460317460316,1423_left.jpg
0.0215185546875,0.944860449285228,0.07484714673913044,1,1,0,1,3.4782608695652173,4982_right.jpg
0.05338623046875,0.7210408377921068,0.06228991716326926,1,0,1,0,1.1234347048300537,4681_left.jpg
0.32045166015625,0.8368696526661435,0.5039043304668305,1,1,0,1,1.5724815724815724,2812_right.jpg
0.0,0.0,0.0,0,0,0,0,0.0,3538_left.jpg
0.01716796875,0.6524459613196815,0.10530098831985625,1,0,0,0,6.057142857142857,271_left.jpg
0.31735595703125,0.9999230704136504,0.3974712573385519,1,1,0,1,1.2524461839530332,2575_left.jpg
0.016630859375,0.9964768056371109,0.07609472743521001,1,0,0,0,1.5541666666666667,3044_right.jpg
0.5881689453125,0.8838921772914816,0.6490140086206897,1,1,0,1,1.103448275862069,3024_left.jpg
0.92559326171875,1.0,0.92559326171875,1,1,1,1,1.0,1688_left.jpg
0.05559326171875,0.6705897852531729,0.13375822368421053,1,1,0,0,2.406015037593985,43_left.jpg
0.0,0.0,0.0,0,0,0,0,0.0,2182_left.jpg
0.0546826171875,0.36476471113492276,0.14901600734501616,0,1,0,1,2.483739837398374,4145_right.jpg
0.16757568359375,0.9542971197132826,0.35034197631686403,1,0,0,0,2.0387096774193547,432_left.jpg
0.0,0.0,0.0,0,0,0,0,0.0,2997_left.jpg
0.02848876953125,0.5256662953123661,0.11185774539877301,1,1,0,0,3.9263803680981595,3343_left.jpg
0.168115234375,0.9429131571304096,0.2794642857142857,1,1,0,0,1.6623376623376624,529_right.jpg
0.0,0.0,0.0,0,0,0,0,0.0,4078_right.jpg
0.008046875,0.8058252427184466,0.34549266247379457,1,0,0,0,1.1777777777777778,4305_right.jpg
0.03261962890625,0.78549509767233,0.16183381782945735,1,1,0,0,4.961240310077519,4607_right.jpg
0.38601806640625,0.9718555716481251,0.38601806640625,1,1,1,1,1.0,4961_right.jpg
0.01312255859375,0.37488372093023253,0.10938135938135939,0,1,0,0,8.076923076923077,4895_right.jpg
0.11627197265625,0.9778897637795275,0.5303924625801854,1,0,0,0,2.652173913043478,1630_left.jpg
0.0,0.0,0.0,0,0,0,0,0.0,172_left.jpg
0.37905517578125,0.9876144041323964,0.37905517578125,1,1,1,1,1.0,3528_left.jpg
0.1538623046875,0.655152169083812,0.17215362762237763,1,1,0,1,1.118881118881119,955_right.jpg
0.8653076171875,0.9999322856417346,0.8653076171875,1,1,1,1,1.0,5218_left.jpg
0.006943359375,0.659985935302391,0.01696087786259542,1,1,0,1,2.4427480916030535,596_right.jpg
0.02463623046875,0.5157070657021108,0.21583180048765882,1,0,0,0,4.969072164948454,4705_left.jpg
0.0171435546875,0.3013386499572771,0.10018404645389566,0,0,0,0,4.949579831932773,1418_left.jpg
0.0135986328125,0.5849192100538599,0.08210495283018868,1,1,0,0,6.037735849056604,3554_right.jpg
0.07520751953125,0.4589190066547638,0.20055338541666667,1,1,0,0,2.6666666666666665,3156_left.jpg
0.00329833984375,0.47150259067357514,0.01357379684517231,1,0,0,1,2.908108108108108,5164_left.jpg
0.0,0.0,0.0,0,0,0,0,0.0,3407_right.jpg
0.0637158203125,0.36359107977622807,0.14308114035087718,1,1,0,1,2.245614035087719,2910_right.jpg
0.14823486328125,0.6938089826572459,0.5241453729281768,1,1,0,0,3.5359116022099446,2019_left.jpg
0.0,0.0,0.0,0,0,0,0,0.0,4604_right.jpg
0.18228515625,0.9490249651773277,0.1860645933014354,1,1,1,0,1.0207336523125996,4429_right.jpg
0.1408203125,0.6745145631067961,0.3086472602739726,1,1,0,0,2.191780821917808,997_left.jpg
0.78235595703125,0.9979404155991675,0.78235595703125,1,1,1,1,1.0,2530_right.jpg
0.00990966796875,0.9926090169992609,0.6307692307692307,1,0,0,1,0.3146853146853147,3075_right.jpg
0.2293408203125,0.9659349783900019,0.5131625668507623,0,1,0,0,1.274406332453826,853_right.jpg
0.114052734375,0.8362873533692953,0.1843276515151515,1,1,0,1,1.6161616161616161,4986_right.jpg
0.0562255859375,0.48089448545375596,0.2768028846153846,1,1,0,0,4.923076923076923,3166_right.jpg
0.0024755859375,0.7850098619329389,0.034004024144869215,1,0,0,1,8.283333333333333,2872_right.jpg
0.374013671875,0.9141753048382464,0.39565082644628097,1,1,0,1,1.0578512396694215,607_right.jpg
0.25225341796875,0.9969609864212228,0.46109048392567076,0,1,0,0,1.628032345013477,2007_left.jpg
0.90543701171875,1.0,0.90543701171875,1,1,1,1,1.0,321_right.jpg
0.11055908203125,0.8598873799271282,0.19820115546218486,1,1,0,1,1.792717086834734,2240_right.jpg
0.00074462890625,0.7573770491803279,0.010300574130361364,1,0,0,0,7.4603174603174605,12_right.jpg
0.04633056640625,0.7231385361226749,0.24205357142857142,0,1,0,0,1.5625,2326_left.jpg
0.09403076171875,0.33052057639880567,0.14859182098765433,1,1,0,0,1.5802469135802468,3867_right.jpg
0.06367431640625,0.99029945170814,0.23831323099415205,1,1,0,1,3.742690058479532,2878_left.jpg
0.03421875,0.7182505707762558,0.15483870967741936,0,0,0,0,3.767741935483871,3898_left.jpg
0.12463623046875,0.5260425848661143,0.25084021226415093,1,1,0,1,2.0125786163522013,2970_right.jpg
0.0097900390625,0.42369077306733166,0.030821496648834778,0,0,0,0,1.3365384615384615,5284_right.jpg
0.46542236328125,0.9850238935778469,0.46542236328125,1,1,1,1,1.0,1597_right.jpg
0.4538330078125,0.9996341922642423,0.5650839007782101,1,1,0,1,1.245136186770428,1713_left.jpg
0.05287109375,0.9921038049501293,0.13982438016528925,1,1,0,1,2.644628099173554,3886_left.jpg
0.04923095703125,0.8464666501363749,0.08684024667539447,0,1,0,1,1.7146739130434783,4590_right.jpg
0.16263671875,0.9992494295664706,0.708078231292517,1,1,0,0,4.35374149659864,3635_left.jpg
0.1079443359375,0.7508029131044466,0.27354393258844056,1,0,0,1,1.3900293255131966,3495_right.jpg
0.2562939453125,0.9754901026881823,0.3009690366972477,1,1,0,1,1.1743119266055047,1771_right.jpg
0.87870361328125,1.0,0.87870361328125,1,1,1,1,1.0,1989_left.jpg
0.1089453125,0.8608372176407314,0.3539564693191192,0,1,0,0,1.3203883495145632,1390_left.jpg
0.00344970703125,0.8754423213021939,0.20284237726098192,0,0,0,0,3.7674418604651163,305_left.jpg
0.0557080078125,0.5708212814444736,0.33012152777777776,1,1,0,0,5.925925925925926,3135_right.jpg
0.0001416015625,0.603448275862069,0.4027777777777778,0,0,0,0,2.25,5307_left.jpg
0.213017578125,0.9030623939852381,0.2721182634730539,1,1,0,0,1.2774451097804391,4658_left.jpg
0.0579931640625,0.7935505599057001,0.09030565693430657,1,1,0,1,1.5571776155717763,4530_left.jpg
0.3776220703125,0.9117175478748852,0.39425469004893965,1,1,0,1,1.0440456769983686,4090_left.jpg
1.708984375e-05,0.8571428571428571,0.28,0,0,0,1,1.0,4095_right.jpg
0.20796142578125,0.9867106514363532,0.4542502133105802,1,1,0,1,2.1843003412969284,1315_left.jpg
0.25630859375,0.9692334069953517,0.40009146341463414,1,1,0,1,1.5609756097560976,987_right.jpg
0.399521484375,0.9975067830167925,0.5239626024590164,1,1,0,1,1.3114754098360655,3040_left.jpg
0.032314453125,1.0,0.4571704890853827,1,0,0,1,13.106382978723405,2732_right.jpg
0.0831787109375,0.9359260346345759,0.5082040572792362,1,0,0,0,2.61875,3830_right.jpg
0.79087158203125,0.9986448149508707,0.8150689412238326,1,1,0,1,1.0305958132045088,728_left.jpg
0.23683349609375,0.996154916655499,0.6889701704545454,1,1,0,0,2.909090909090909,31_left.jpg
0.5322021484375,0.7660351392265701,0.5538363821138211,1,1,1,0,1.0406504065040652,377_right.jpg
0.00104736328125,0.4149184149184149,0.00104736328125,1,1,1,1,1.0,4579_left.jpg
0.100341796875,0.5157664233576642,0.18232228013751803,0,1,0,1,1.7887323943661972,3696_right.jpg
0.25929443359375,0.9858578059826565,0.2921627420774648,1,1,1,0,1.1267605633802817,4_right.jpg
0.00855712890625,0.38887303851640515,0.019546498918111044,1,0,0,0,1.9150326797385622,1977_left.jpg
0.0,0.0,0.0,0,0,0,0,0.0,2125_left.jpg
0.3296337890625,0.9092565435719682,0.3296337890625,1,1,1,1,1.0,5236_left.jpg
0.7937841796875,1.0,0.8774125647668394,1,1,0,1,1.1053540587219344,436_right.jpg
0.08140625,0.7606465930902111,0.18785352112676057,1,0,0,0,2.2007042253521125,1392_left.jpg
0.25865966796875,0.5757878939469735,0.40376143292682926,1,1,0,0,1.5609756097560976,1845_right.jpg
0.001083984375,0.8693693693693694,0.7207792207792207,0,0,0,1,3.142857142857143,2232_right.jpg
0.04498291015625,0.9448032564450475,0.1461373730964467,1,1,0,1,3.248730964467005,1823_right.jpg
0.0,0.0,0.0,0,0,0,0,0.0,440_left.jpg
0.1717822265625,0.9927944060714591,0.28189903846153846,1,1,0,1,1.641025641025641,4055_left.jpg
0.7988671875,0.9995568676348345,0.7988671875,1,1,1,1,1.0,729_left.jpg
0.336259765625,0.9650916272180757,0.5236161800486618,1,1,0,1,1.5571776155717763,4552_right.jpg
0.0173828125,0.4828651685393258,0.05656629856200842,1,0,0,1,1.3355048859934853,4672_left.jpg
0.04666748046875,0.6884645566309181,0.19987661292009118,0,1,0,0,3.68944099378882,151_left.jpg
0.00590087890625,0.725279271824576,0.15789129866736348,0,0,0,0,8.279069767441861,3701_right.jpg
0.0578466796875,0.9633240482822656,0.23412580779035988,0,1,0,0,1.1023102310231023,1491_right.jpg
0.3983056640625,0.8490860946636755,0.3983056640625,1,1,1,1,1.0,4192_right.jpg
0.0,0.0,0.0,0,0,0,0,0.0,189_left.jpg
0.4431640625,1.0,0.5683867735470942,1,1,0,1,1.282565130260521,4689_left.jpg
0.0049072265625,0.8532338308457711,0.17238421955403088,0,0,0,0,6.0227272727272725,3183_right.jpg
0.14462646484375,0.9880990563648947,0.24551972811671088,1,1,0,1,1.6976127320954908,1008_left.jpg
0.14619873046875,0.8149558305362122,0.222249851543943,1,1,0,0,1.520190023752969,2006_left.jpg
0.06591552734375,0.9432201192636764,0.3270227713178295,1,1,0,0,4.961240310077519,3569_left.jpg
0.077890625,0.6315822467402207,0.19026717557251907,1,1,0,0,2.4427480916030535,4972_right.jpg
0.0,0.0,0.0,0,0,0,0,0.0,2998_left.jpg
0.01226806640625,0.6350248756218906,0.081787109375,1,1,0,0,6.666666666666667,3594_right.jpg
0.51460693359375,0.9974808215083759,0.5227752976190476,1,0,1,1,0.984375,2904_right.jpg
0.60602294921875,0.989215516442611,0.60602294921875,1,1,1,1,1.0,1926_right.jpg
0.134765625,0.8194021739130435,0.14668367346938777,1,1,0,1,1.08843537414966,3193_right.jpg
0.0247119140625,0.9123690970163999,0.4235146443514644,1,0,0,0,2.39,1419_left.jpg
0.9943798828125,0.9996881889918439,0.9943798828125,1,1,1,1,1.0,4237_right.jpg
0.00918212890625,0.21164583887264027,0.15299190497498272,1,0,0,0,6.60655737704918,2698_right.jpg
0.01790283203125,0.5139779080867312,0.058458227040816324,1,1,0,1,3.2653061224489797,3808_left.jpg
0.41594482421875,0.9992956547769279,0.624893632629108,1,1,0,0,1.5023474178403755,2374_left.jpg
0.12517578125,0.950577313153378,0.331160988212498,0,1,0,0,2.0472727272727274,5298_left.jpg
0.00013916015625,0.5614035087719298,0.0005796217205613179,0,1,0,1,3.6121212121212123,1273_left.jpg
0.002734375,0.7892857142857143,0.02772826302238067,1,0,0,0,3.462962962962963,620_right.jpg
0.018583984375,0.39792433000525484,0.06130798969072165,1,1,0,1,3.2989690721649483,3912_right.jpg
0.30707275390625,0.9748523179913656,0.7120527626811595,1,1,0,1,2.318840579710145,3329_left.jpg
0.10341064453125,0.9518615577118303,0.1838156158866824,1,0,0,1,1.604221635883905,405_right.jpg
0.154814453125,0.6951681069829054,0.2586977806788512,1,1,0,1,1.671018276762402,5058_right.jpg
0.016591796875,0.6957033549146556,0.01669614779874214,1,0,1,1,0.99375,3599_right.jpg
0.00249267578125,1.0,0.7782012195121951,1,0,0,0,0.7804878048780488,443_left.jpg
0.33005126953125,0.9104217059080251,0.3544174706375839,1,1,0,1,1.0738255033557047,1861_left.jpg
0.1109521484375,0.9842450380671566,0.24485991379310346,1,1,0,0,2.206896551724138,1072_left.jpg
0.0773974609375,0.9106365528988707,0.09789402173913044,1,1,0,1,1.2648221343873518,708_right.jpg
0.064052734375,0.27233572190882754,0.07426403985507246,1,1,0,1,1.1594202898550725,1318_right.jpg
0.2095263671875,0.9844445480179908,0.3842317335243553,1,1,0,1,1.833810888252149,1791_right.jpg
0.56150146484375,0.9997999921736068,0.6910787259615384,1,1,0,0,1.2307692307692308,318_left.jpg
0.009130859375,0.5566844919786096,0.073046875,1,1,0,0,8.0,4149_right.jpg
0.3458837890625,0.7195392238519418,0.3458837890625,1,1,1,1,1.0,5246_right.jpg
0.64031494140625,0.9998665512652847,0.729184274911032,1,1,0,1,1.1387900355871887,5219_left.jpg
0.2086767578125,0.5570348878021386,0.35805127345844506,1,1,0,0,1.7158176943699732,5260_left.jpg
0.002216796875,0.9790748898678414,0.006248279658684283,1,0,0,0,1.2138728323699421,3512_left.jpg
0.222412109375,0.7076509330406147,0.2650721601489758,1,1,1,0,1.191806331471136,2921_left.jpg
0.0021044921875,0.7192575406032483,0.09894398530762168,0,0,0,0,2.0,4355_left.jpg
0.92394775390625,0.9974765424139052,0.92394775390625,1,1,1,1,1.0,3350_left.jpg
0.13281005859375,0.9581426129156786,0.3219637784090909,1,1,0,1,2.4242424242424243,4460_right.jpg
0.4378955078125,0.7135569407120795,0.4378955078125,1,1,1,1,1.0,1949_right.jpg
0.04119140625,0.6786391654812708,0.23436588415057646,0,1,0,0,5.443478260869565,2321_left.jpg
0.67662841796875,0.9831280872605512,0.67662841796875,1,1,1,1,1.0,4764_right.jpg
0.05050048828125,0.3051486584481508,0.11710258152173914,1,1,0,1,2.318840579710145,5071_right.jpg
0.1116552734375,0.999344032885818,0.5078170108816344,0,1,0,0,1.6033755274261603,1436_right.jpg
0.0,0.0,0.0,0,0,0,0,0.0,315_right.jpg
0.1107861328125,0.45317114020009697,0.24619140625,1,1,0,0,2.2222222222222223,4014_left.jpg
0.152900390625,0.6826339656383726,0.30636174636174635,1,0,0,0,1.9353846153846155,4292_right.jpg
6.591796875e-05,0.6666666666666666,0.0014920424403183023,1,0,1,0,0.046474358974358976,4106_right.jpg
0.0209130859375,1.0,0.6522997258604935,0,1,0,1,0.7313432835820896,1276_left.jpg
1.46484375e-05,0.8333333333333334,0.014492753623188406,0,1,0,0,5.111111111111111,202_left.jpg
0.00498046875,1.0,0.7105538140020898,1,0,0,0,2.6363636363636362,2410_right.jpg
0.92186279296875,1.0,0.92186279296875,1,1,1,1,1.0,3954_left.jpg
0.9317822265625,1.0,0.9317822265625,1,1,1,1,1.0,2562_right.jpg
0.65072021484375,1.0,0.7558274727767695,1,1,0,1,1.161524500907441,4790_right.jpg
0.15900634765625,0.7975556203841606,0.4940003033980582,1,1,0,1,3.1067961165048543,5004_left.jpg
0.20151611328125,0.9826025853818102,0.5367891889079652,1,0,0,0,1.2994186046511629,5221_right.jpg
0.389296875,0.9918159241420831,0.3973684210526316,1,1,0,1,1.0207336523125996,4843_left.jpg
0.00410888671875,0.38443256090314915,0.014291779891304347,1,1,0,1,3.4782608695652173,4643_left.jpg
0.1494189453125,0.862390117970001,0.24457320971867008,1,1,0,1,1.6368286445012787,2964_left.jpg
0.59865966796875,0.9992537039529221,0.6159842242765273,1,1,1,0,1.0289389067524115,26_right.jpg
0.13679931640625,0.9774597112415898,0.32486665120593694,1,0,0,1,1.684375,2065_left.jpg
0.9740869140625,1.0,0.9740869140625,1,1,1,1,1.0,687_left.jpg
0.14968505859375,0.6914419924646474,0.5068700396825396,1,1,0,1,3.386243386243386,2243_right.jpg
0.00968994140625,1.0,0.5707506471095772,0,0,0,0,2.1403508771929824,3939_right.jpg
0.43749267578125,0.9985100196989904,0.5894638157894737,1,1,0,1,1.3473684210526315,114_left.jpg
0.02060302734375,0.945135679582889,0.06400940533980583,1,1,0,1,3.1067961165048543,2743_right.jpg
0.23322265625,0.8906707980906122,0.4723496835443038,1,1,0,0,2.0253164556962027,4034_left.jpg
0.38482177734375,0.9994797713531655,0.38482177734375,1,1,1,1,1.0,4720_right.jpg
0.68426513671875,1.0,0.8373416586998088,1,1,0,0,1.2237093690248566,1339_left.jpg
0.058701171875,0.9940525702878057,0.20202325737715937,0,1,0,0,1.7471264367816093,1374_right.jpg
0.85322021484375,1.0,0.85322021484375,1,1,1,1,1.0,4234_left.jpg
0.0342919921875,0.4250320375907732,0.10653822815533981,1,1,0,0,3.1067961165048543,3381_right.jpg
0.01440673828125,0.7458057956278596,0.10241946681477368,1,0,0,0,1.3317307692307692,3380_right.jpg
0.01197021484375,0.9263716092188456,0.2535553601903087,0,0,0,0,5.19672131147541,5125_left.jpg
0.0661083984375,0.4990767412659724,0.08247441520467837,1,1,0,1,1.2475633528265107,3530_left.jpg
0.0,0.0,0.0,0,0,0,0,0.0,1739_right.jpg
0.10331298828125,0.9320131389276177,0.1772291326381036,0,1,0,1,1.6622691292875988,519_right.jpg
0.02556640625,0.5623567608861727,0.05268692235320162,0,1,0,1,1.9779179810725551,423_left.jpg
0.001083984375,0.8693693693693694,0.7207792207792207,0,0,0,1,3.142857142857143,2231_right.jpg
0.57667236328125,0.9969814356173663,0.6872817737430168,1,1,1,0,1.191806331471136,3577_right.jpg
0.0,0.0,0.0,0,0,0,0,0.0,1466_right.jpg
0.0001318359375,0.35185185185185186,0.0007823025772523795,1,0,0,0,2.30635838150289,3460_left.jpg
0.29711181640625,0.9992193727043395,0.4741934226932668,1,1,0,0,1.5960099750623442,1090_left.jpg
0.07313232421875,0.5841094975797029,0.14401442307692308,1,1,0,1,1.9692307692307693,448_left.jpg
0.66229248046875,0.9957091512303013,0.66229248046875,1,1,1,1,1.0,3295_right.jpg
0.0867724609375,0.9035225929885768,0.37778486394557825,1,1,0,0,4.35374149659864,2128_right.jpg
0.18080322265625,0.8559217899725887,0.3870035535117057,1,1,0,1,2.140468227424749,4734_left.jpg
0.22564208984375,0.9945359921231728,0.4457127700617284,1,1,0,0,1.9753086419753085,3229_right.jpg
0.31730224609375,0.9983226511345188,0.4594421662895928,1,1,0,1,1.4479638009049773,2199_right.jpg
0.03071533203125,0.5993164295366028,0.34487390350877195,1,1,0,0,11.228070175438596,4017_left.jpg
0.25161865234375,0.9016426845715727,0.2576575,1,1,0,1,1.024,4202_right.jpg
0.79032470703125,0.9998486332197568,0.79032470703125,1,1,1,1,1.0,2580_left.jpg
0.02732666015625,0.4275886714911105,0.2820816532258065,1,1,0,0,10.32258064516129,1812_left.jpg
0.19105224609375,0.9835665452686729,0.3143276028277635,1,1,0,1,1.6452442159383034,4862_left.jpg
0.02577880859375,0.4671843924614073,0.21868074971523246,0,0,0,0,1.4108108108108108,3944_right.jpg
0.4546435546875,0.967474304861939,0.4546435546875,1,1,1,1,1.0,815_left.jpg
0.7973779296875,1.0,0.8393451891447369,1,1,0,1,1.0526315789473684,2476_left.jpg
0.20928955078125,0.7780577427821522,0.3515625,1,1,0,0,1.6797900262467191,2776_right.jpg
0.0,0.0,0.0,0,0,0,0,0.0,2746_left.jpg
0.1977490234375,0.9144299859255784,0.21858268566493955,1,1,0,1,1.1053540587219344,4297_right.jpg
0.2239794921875,0.9345447014453576,0.3539429012345679,1,1,0,1,1.5802469135802468,4591_right.jpg
0.596416015625,0.9829466376303767,0.6558526632302405,1,1,0,1,1.0996563573883162,1710_left.jpg
0.15757568359375,0.7081480563345367,0.2496248452970297,1,1,0,1,1.5841584158415842,1063_left.jpg
0.4372021484375,0.9999944158411419,0.641764621559633,1,1,0,1,1.4678899082568808,664_left.jpg
0.11307373046875,0.7177372341574004,0.16250877192982457,1,0,0,1,1.3706140350877194,2839_left.jpg
0.8460693359375,1.0,0.8567790743670886,1,1,0,1,1.0126582278481013,2596_left.jpg
0.0,0.0,0.0,0,0,0,0,0.0,5021_left.jpg
0.01772705078125,0.4324473213056053,0.11041666666666666,1,0,0,0,4.566666666666666,3060_left.jpg
0.88889892578125,1.0,0.88889892578125,1,1,1,1,1.0,3208_right.jpg
0.026572265625,0.995130466740169,0.5127190503109101,0,1,0,0,5.704918032786885,3834_left.jpg
0.01927978515625,0.9214891731037103,0.07866164634632242,1,0,0,0,3.168539325842697,2409_right.jpg
0.01575927734375,0.6850503485670023,0.2860244594115562,0,0,0,0,8.346153846153847,467_left.jpg
0.5342724609375,0.9980579241265228,0.5342724609375,1,1,1,1,1.0,1948_right.jpg
0.11686767578125,0.9696672167791264,0.5419950181159421,1,1,0,0,4.63768115942029,3697_right.jpg
0.09700927734375,0.8664149993708318,0.2140894396551724,1,1,0,1,2.206896551724138,4655_left.jpg
0.0443212890625,0.8700561859645257,0.30388349514563107,0,1,0,0,4.439655172413793,3212_left.jpg
0.00013671875,1.0,0.23333333333333334,0,0,0,1,1.0666666666666667,4103_right.jpg
0.077353515625,0.6518747632874637,0.2015354964284124,1,0,0,1,2.3436293436293436,1131_left.jpg
0.08100830078125,0.516229167294536,0.4181073588709677,1,1,0,0,5.161290322580645,2690_left.jpg
0.01596435546875,0.8027221287658663,0.3181375887905031,0,1,0,0,2.7790697674418605,4224_left.jpg
0.11882080078125,0.5452135856500031,0.3504392281105991,1,1,0,0,2.9493087557603688,1518_right.jpg
0.021171875,0.9995387453874539,0.29456521739130437,1,0,0,0,0.8695652173913043,846_left.jpg
0.00655517578125,0.5135940409683426,0.16808563916364092,0,1,0,0,6.653061224489796,3099_right.jpg
0.12096923828125,0.5326040888817131,0.2921521226415094,1,1,0,1,2.4150943396226414,3180_right.jpg
0.54904052734375,0.9966294183300947,0.6876437133072407,1,1,0,1,1.2524461839530332,950_right.jpg
0.08704345703125,0.6162735253695342,0.1323225950118765,1,1,0,0,1.520190023752969,1684_left.jpg
0.25432861328125,0.9618039223215229,0.38389224646226416,1,1,0,1,1.509433962264151,4951_right.jpg
0.05737548828125,0.5581039104718948,0.11161189209726444,1,1,0,1,1.9452887537993921,2274_left.jpg
0.06876220703125,0.8865613349902361,0.27165316358024694,1,1,0,0,3.950617283950617,4556_right.jpg
0.100693359375,0.4212249054407914,0.100693359375,1,1,1,1,1.0,3064_left.jpg
0.0705517578125,0.6211156481417399,0.18206905241935484,1,1,0,1,2.5806451612903225,1124_left.jpg
0.38567626953125,0.6454773917061777,0.5559297578828829,1,1,0,1,1.4414414414414414,5053_left.jpg
0.05559326171875,0.6705897852531729,0.13375822368421053,1,1,0,0,2.406015037593985,45_left.jpg
0.19912109375,0.9788989700833742,0.45351423487544484,1,1,0,1,2.2775800711743774,839_right.jpg
0.8392529296875,0.9989294794593871,0.8981971153846153,1,1,0,1,1.0702341137123745,3224_left.jpg
0.73424560546875,0.9998570226801929,0.8406389758497317,1,1,0,1,1.144901610017889,4671_right.jpg
0.04262939453125,0.992268484050169,0.12757920271218143,1,0,0,1,2.7276785714285716,5223_right.jpg
0.01594970703125,0.37609061686820755,0.19651075349676644,1,0,0,0,8.934426229508198,3196_right.jpg
0.18713134765625,0.34471421675429553,0.18950009889240507,1,1,1,0,1.0126582278481013,300_left.jpg
0.04263671875,0.5569743472285845,0.16065941749001858,1,0,0,1,3.2459016393442623,480_left.jpg
0.0003466796875,0.5,0.03536737235367372,0,0,0,1,1.3272727272727274,3143_left.jpg
0.22881591796875,0.9979300705269785,0.5174635600706714,1,1,0,0,2.2614840989399294,817_right.jpg
0.1767529296875,0.7940827094671123,0.29690780839895015,1,1,0,1,1.6797900262467191,2160_right.jpg
0.02822021484375,0.5396660610779479,0.06112380227171775,1,0,0,1,1.9805825242718447,3700_left.jpg
0.05011962890625,0.3680159773978275,0.488413589645984,1,0,0,0,8.338028169014084,1802_right.jpg
0.16157470703125,0.7937323400976111,0.34846043680630145,1,0,0,1,1.4901960784313726,1080_right.jpg
0.0081591796875,0.5804907241172951,0.2486607142857143,1,0,0,0,3.7333333333333334,140_right.jpg
0.24671630859375,0.9727870961357676,0.37594866071428573,1,1,0,1,1.5238095238095237,4931_right.jpg
0.00343994140625,1.0,0.6687233032747983,0,0,0,0,1.1395348837209303,5046_left.jpg
0.69391357421875,1.0,0.69391357421875,1,1,1,1,1.0,4766_right.jpg
0.0193603515625,1.0,0.6869369369369369,0,1,0,0,1.8974358974358974,548_left.jpg
0.39988037109375,0.8606577895000336,0.45864415322580643,1,1,0,1,1.146953405017921,2074_left.jpg
0.64050048828125,0.9997331798482174,0.8314813640973631,1,1,0,1,1.2981744421906694,2800_right.jpg
0.03472412109375,0.9502214722632356,0.19655887230514096,1,0,0,0,0.9925925925925926,1227_left.jpg
0.0,0.0,0.0,0,0,0,0,0.0,4705_right.jpg
0.478779296875,0.9985416199237155,0.478779296875,1,1,1,1,1.0,1552_right.jpg
0.47935791015625,0.9993124347449642,0.47935791015625,1,1,1,1,1.0,799_left.jpg
0.0035693359375,0.893296853625171,0.12456334668143478,0,0,0,0,0.8016528925619835,171_right.jpg
0.00689453125,0.6951133144475921,0.1034697541494156,0,0,0,0,11.36734693877551,1543_right.jpg
0.299970703125,0.9465035648012501,0.299970703125,1,1,1,1,1.0,4911_right.jpg
0.067373046875,0.855703725177562,0.12533211010840983,1,0,0,1,1.2422802850356294,3138_right.jpg
0.07616943359375,0.9024968748998365,0.560326867816092,1,1,0,0,7.35632183908046,5290_right.jpg
0.12440185546875,0.5408497694043765,0.27454202586206894,1,1,0,0,2.206896551724138,253_left.jpg
0.37978271484375,0.9962265121272315,0.37978271484375,1,1,1,1,1.0,3918_left.jpg
0.01238037109375,0.7570498915401301,0.04404356586992774,1,0,0,1,2.294642857142857,3150_right.jpg
0.20923095703125,0.7526749979580168,0.2672810628742515,1,1,0,0,1.2774451097804391,4404_left.jpg
0.6806396484375,0.9999641307077012,0.8409447393822393,1,1,0,1,1.2355212355212355,665_right.jpg
0.01001220703125,0.9917093391855645,0.027151747881355933,1,1,0,0,2.711864406779661,3922_right.jpg
0.00088134765625,0.6869806094182825,0.026159420289855073,1,0,0,1,0.2608695652173913,1311_right.jpg
0.02959228515625,0.8079366388911806,0.21733907118522502,0,1,0,0,4.609090909090909,1184_right.jpg
0.06109130859375,0.9929265076129961,0.42406833087599777,1,0,0,1,1.2081447963800904,3982_right.jpg
0.0,0.0,0.0,0,0,0,0,0.0,3083_left.jpg
0.12837158203125,0.5154523497080694,0.2190875,1,1,0,1,1.7066666666666668,3786_left.jpg
0.03863037109375,0.9871705744801871,0.07336331602373887,1,1,0,1,1.8991097922848665,2383_left.jpg
0.0140966796875,0.6421891236577763,0.050723873778902244,0,0,0,1,2.735294117647059,2243_left.jpg
0.0087060546875,0.9641054402692092,0.5848778087584058,1,0,0,0,1.3582089552238805,3624_left.jpg
0.11941162109375,0.5114391445687064,0.33384069346802264,1,0,0,0,2.440816326530612,3616_right.jpg
0.1450634765625,0.6209061227237538,0.26300460339943343,1,1,0,1,1.8130311614730878,339_left.jpg
0.00043212890625,0.9491525423728814,0.026818181818181817,1,0,0,0,3.409090909090909,2031_left.jpg
0.1870458984375,0.8990784974025635,0.374091796875,1,1,0,1,2.0,4737_right.jpg
0.38343017578125,0.9893348105416643,0.5693626740139212,1,1,0,1,1.4849187935034802,3285_right.jpg
0.0227490234375,0.49291693496458466,0.09542829052476343,0,1,0,0,2.3009708737864076,2505_left.jpg
0.9981005859375,1.0,0.9981005859375,1,1,1,1,1.0,1560_left.jpg
0.00109375,0.7611607142857143,0.08284023668639054,0,1,0,0,5.28125,744_right.jpg
0.55744873046875,0.7430703671424379,0.6226303446771378,1,1,0,1,1.1169284467713787,4905_left.jpg
7.080078125e-05,1.0,0.90625,1,0,0,0,0.5,597_left.jpg
0.20319091796875,0.351676739519627,0.21248723447712417,1,1,0,1,1.0457516339869282,1590_left.jpg
0.12150634765625,0.6482951234704334,0.2574968956953642,1,1,0,1,2.119205298013245,3815_left.jpg
0.0,0.0,0.0,0,0,0,0,0.0,2434_left.jpg
0.1517529296875,0.9775571929598764,0.4132845744680851,1,1,0,1,2.723404255319149,1970_left.jpg
0.03406005859375,0.5619668840943302,0.25021971123666037,0,0,0,0,3.0592592592592593,808_left.jpg
0.058623046875,0.5347326336831584,0.24362824675324676,1,1,0,0,4.1558441558441555,3579_left.jpg
0.07758544921875,0.43752163378331604,0.17670707295373667,1,1,0,1,2.2775800711743774,4454_left.jpg
0.01019287109375,0.8196407185628742,0.04651292335115865,0,0,0,0,3.50625,2348_right.jpg
0.99623779296875,1.0,0.99623779296875,1,1,1,1,1.0,1902_left.jpg
0.01282470703125,0.43822577574719207,0.16267186919360832,1,0,0,0,11.074074074074074,773_left.jpg
0.04392822265625,0.9869393653087312,0.16641694413614502,1,0,0,1,2.4056603773584904,5154_left.jpg
0.03745361328125,0.7491037090150577,0.20777127688390487,1,0,0,0,4.650793650793651,4517_right.jpg
0.09560546875,0.4990296220633299,0.43395390070921985,1,1,0,0,4.539007092198582,1037_left.jpg
0.23662109375,0.5522080066033842,0.49065467873559726,1,0,0,1,1.576271186440678,1523_left.jpg
0.10083251953125,0.9321081813999661,0.2828835616438356,1,0,0,0,2.336,2086_left.jpg
0.34132080078125,0.9982547119201746,0.443994537601626,1,1,0,1,1.3008130081300813,5243_left.jpg
0.10397216796875,0.7119308709230516,0.2225491220735786,1,1,0,1,2.140468227424749,961_left.jpg
0.15978759765625,0.7731821723784932,0.41911501024590164,1,1,0,0,2.622950819672131,2684_left.jpg
0.0126171875,0.8690015479876161,0.11557901328442993,1,0,0,0,7.1645569620253164,400_left.jpg
0.30508056640625,0.9815942574083114,0.37986685311284046,1,1,0,1,1.245136186770428,1429_right.jpg
0.1030810546875,0.9540523897494197,0.23148026315789474,1,1,0,0,2.245614035087719,3715_right.jpg
0.09799560546875,1.0,0.7132778903223513,0,1,0,0,4.407079646017699,5003_right.jpg
0.12138916015625,0.9414331972406026,0.31580919715447153,1,1,0,1,2.6016260162601625,2725_right.jpg
0.34054443359375,0.6439954977883243,0.5954875341530055,1,1,0,1,1.7486338797814207,290_left.jpg
0.21893798828125,0.7198055242704372,0.22135910347551344,1,1,0,1,1.0110584518167456,4694_right.jpg
0.45519287109375,0.9916705551711746,0.5921208079268293,1,1,0,1,1.3008130081300813,364_right.jpg
0.262421875,0.9997488091693957,0.262421875,1,1,1,1,1.0,2026_right.jpg
0.00802734375,0.5757299270072993,0.19409681227863046,0,1,0,0,13.82857142857143,4492_right.jpg
0.0222705078125,0.3759044069283052,0.0453921178343949,1,1,0,1,2.038216560509554,708_left.jpg
0.30552978515625,0.6391945343401654,0.3696390595463138,1,1,0,1,1.2098298676748582,5328_right.jpg
0.0,0.0,0.0,0,0,0,0,0.0,1835_right.jpg
0.75544189453125,1.0,0.9191688450570342,1,1,1,0,1.2167300380228137,976_right.jpg
0.0995166015625,0.8986310779647712,0.23943843984962407,1,1,0,0,2.406015037593985,4072_left.jpg
0.85533935546875,1.0,0.85533935546875,1,1,1,1,1.0,4210_left.jpg
0.680810546875,0.9957362117191422,0.680810546875,1,1,1,1,1.0,4918_left.jpg
0.36180419921875,0.9294173217719897,0.36180419921875,1,1,1,1,1.0,4397_left.jpg
0.75888671875,0.9998359284519367,0.75888671875,1,1,1,1,1.0,3816_right.jpg
0.08231689453125,0.9910134353590178,0.19019065884476535,1,1,0,1,2.3104693140794224,645_left.jpg
0.0238525390625,0.9502558853633573,0.3161812297734628,1,0,0,0,8.583333333333334,3151_left.jpg
0.05831298828125,0.7441909148000837,0.38081951530612246,1,1,0,0,6.530612244897959,871_left.jpg
0.063125,0.26550897277227725,0.27114093959731544,1,1,0,0,4.295302013422819,1512_left.jpg
0.50982666015625,0.7849251765832636,0.50982666015625,1,1,1,1,1.0,1913_left.jpg
0.41339599609375,0.9990019311745911,0.41339599609375,1,1,1,1,1.0,4920_left.jpg
0.64140625,0.9298112058465287,0.64140625,1,1,1,1,1.0,2071_right.jpg
0.0427880859375,0.7322264064817985,0.3132775632775633,1,0,0,0,4.796296296296297,4786_right.jpg
0.99197021484375,1.0,0.99197021484375,1,1,1,1,1.0,5305_left.jpg
0.0049267578125,0.9762140733399405,0.32041918069228326,0,0,0,0,2.851063829787234,857_right.jpg
0.767099609375,0.999917251212588,0.800887030995106,1,1,0,1,1.0440456769983686,2037_right.jpg
0.14750244140625,0.9544499064832745,0.14750244140625,1,1,1,1,1.0,4981_left.jpg
0.11878662109375,0.8098448258144075,0.2296780589123867,1,1,0,1,1.933534743202417,3377_right.jpg
0.0,0.0,0.0,0,0,0,0,0.0,4279_left.jpg
0.29236572265625,0.938222842016484,0.6300136784511785,1,1,0,0,2.154882154882155,4711_left.jpg
0.00956787109375,0.6047461087011993,0.07120276162790698,1,1,0,0,7.441860465116279,4442_left.jpg
0.044970703125,0.88371335504886,0.17766203703703703,1,1,0,0,3.950617283950617,4331_right.jpg
0.0616845703125,0.6043299295495923,0.20999002659574467,1,1,0,0,3.404255319148936,4031_left.jpg
0.03243896484375,0.7273274629336945,0.2875974025974026,0,0,0,0,3.8181818181818183,3498_right.jpg
0.08108642578125,0.29792551109505316,0.2043122539370079,1,1,0,1,2.5196850393700787,1030_right.jpg
0.0259619140625,0.6211209328568742,0.46293152235427276,1,0,0,1,15.102564102564102,2739_right.jpg
0.340634765625,0.9683710329405694,0.340634765625,1,1,1,1,1.0,2912_left.jpg
0.427158203125,0.9924212980956082,0.427158203125,1,1,1,1,1.0,3264_left.jpg
0.70431396484375,0.999414185041267,0.7438299298679868,1,1,0,1,1.056105610561056,520_left.jpg
0.02010009765625,0.7817320539293089,0.27913205628072557,0,0,0,0,4.08235294117647,2986_right.jpg
0.1075439453125,0.4797956867196368,0.22419584690553745,1,1,0,0,2.0846905537459284,5059_left.jpg
0.0,0.0,0.0,0,0,0,0,0.0,4601_right.jpg
0.05251953125,0.5992004462625511,0.331867758905293,1,0,0,0,4.284552845528455,3675_right.jpg
0.28697998046875,0.5889388925280952,0.3458892419962335,1,1,1,0,1.2052730696798493,2470_left.jpg
0.08146484375,0.6070187005514265,0.19097985347985347,1,1,0,1,2.3443223443223444,2653_left.jpg
0.11174560546875,0.6920539206047497,0.17834710099750622,1,1,0,1,1.5960099750623442,4956_left.jpg
0.80315673828125,1.0,0.8146122226624406,1,1,0,1,1.0142630744849446,1117_left.jpg
0.01678466796875,0.6260363636363636,0.06577373834011002,0,0,0,0,3.054054054054054,2258_right.jpg
0.002841796875,0.8719931271477663,0.05527065527065527,0,1,0,0,13.846153846153847,544_left.jpg
0.0,0.0,0.0,0,0,0,0,0.0,203_left.jpg
0.04678466796875,0.47189897197724784,0.07900313324538259,1,1,0,1,1.6886543535620053,2456_right.jpg
0.53494140625,0.9945689875497462,0.6739419291338583,1,1,0,1,1.2598425196850394,4321_right.jpg
0.0237353515625,0.29242954124665704,0.46049640015157256,0,0,0,0,6.275862068965517,3671_left.jpg
0.013955078125,0.7321553533939819,0.24302721088435375,0,0,0,0,2.4489795918367347,1971_left.jpg
0.11803955078125,0.8355291733024468,0.23388641640866872,1,1,0,1,1.9814241486068112,1252_left.jpg
0.0,0.0,0.0,0,0,0,0,0.0,2874_right.jpg
0.17796142578125,0.8919923723814358,0.30210958222811674,1,1,0,1,1.6976127320954908,4295_left.jpg
0.15416748046875,0.6754240106418358,0.41456801470588234,1,1,0,0,2.689075630252101,3021_left.jpg
0.19579345703125,0.9469930296644513,0.276600514592775,1,0,0,1,1.1324110671936758,2601_right.jpg
0.062265625,0.7148290464240903,0.20755208333333333,1,1,0,0,3.3333333333333335,4008_right.jpg
0.461884765625,0.9986838488699071,0.49849283305227654,1,1,1,0,1.0792580101180438,1729_left.jpg
0.0007568359375,0.4838709677419355,0.2807971014492754,0,0,0,0,2.0869565217391304,356_left.jpg
0.11898681640625,0.5393233067279479,0.1897510969565539,1,0,0,1,1.4630071599045347,1282_right.jpg
0.0120751953125,1.0,0.8404418011894648,0,1,0,0,1.9454545454545455,2946_left.jpg
0.18659912109375,1.0,0.4594368770963825,0,1,0,0,0.8363228699551569,1160_right.jpg
0.19168701171875,0.6022798191428389,0.3236931068601583,1,1,0,1,1.6886543535620053,4291_right.jpg
0.7936962890625,1.0,0.7936962890625,1,1,1,1,1.0,4925_left.jpg
0.32710693359375,0.999559645626684,0.865076188016529,1,1,0,1,2.644628099173554,5037_left.jpg
0.28188720703125,1.0,0.7612143987341772,1,1,0,0,2.70042194092827,3384_left.jpg
0.271005859375,0.972802781881734,0.36902925531914893,1,1,0,1,1.3617021276595744,266_right.jpg
0.004404296875,0.6008869179600886,0.13264705882352942,0,0,0,0,2.9411764705882355,2998_right.jpg
0.01187744140625,1.0,0.575875946969697,1,0,0,0,2.0625,2042_left.jpg
0.9986767578125,1.0,0.9986767578125,1,1,1,1,1.0,2439_right.jpg
0.20621826171875,0.5702937241763055,0.3491526124338624,1,1,0,1,1.693121693121693,3714_right.jpg
0.734404296875,0.9903428054731859,0.734404296875,1,1,1,1,1.0,193_left.jpg
0.02414306640625,0.44979269895843865,0.050312385526476454,0,1,0,1,2.032154340836013,1195_right.jpg
0.019306640625,0.4515680323722812,0.2703589743589744,0,1,0,0,3.611111111111111,1205_left.jpg
0.161357421875,0.8532348847061672,0.161357421875,1,1,1,1,1.0,5117_right.jpg
0.009375,0.25833333333333336,0.06757470172104318,0,1,0,0,5.797979797979798,2381_left.jpg
0.84908935546875,0.9999741220919701,0.8639382949125596,1,1,0,1,1.0174880763116056,1116_left.jpg
0.0002587890625,0.9528301886792453,0.18596491228070175,1,0,0,0,2.533333333333333,1351_right.jpg
0.02205322265625,1.0,0.6390067911714771,1,0,0,1,1.087719298245614,4979_right.jpg
0.38283203125,0.9899176062445794,0.7000357142857143,1,1,0,1,1.8285714285714285,598_right.jpg
0.49802978515625,0.9969312672493664,0.49802978515625,1,1,1,1,1.0,3684_right.jpg
0.16178466796875,0.9227066262242142,0.4174693671843009,1,0,0,0,2.260377358490566,5313_left.jpg
0.3792138671875,0.9258591607329102,0.4372916666666667,1,1,0,1,1.1531531531531531,3017_left.jpg
0.2625830078125,0.6217341986351043,0.4655211218836565,1,1,0,0,1.7728531855955678,2448_left.jpg
0.01023193359375,0.514912908613696,0.1861673773987207,1,0,0,0,9.770833333333334,3908_left.jpg
0.07360107421875,0.48057849868975355,0.2759652880760147,1,0,0,0,3.058201058201058,1465_right.jpg
0.10431396484375,0.631333817024364,0.16690234375,1,1,0,0,1.6,2510_left.jpg
0.5377685546875,0.999595950424479,0.6212488718411552,1,1,0,1,1.1552346570397112,1021_right.jpg
0.0108154296875,1.0,0.7363696808510638,0,1,0,0,0.6808510638297872,491_left.jpg
0.62844970703125,0.9483903299367165,0.62844970703125,1,1,1,1,1.0,2581_left.jpg
0.00855712890625,0.38887303851640515,0.019546498918111044,1,0,0,0,1.9150326797385622,1976_left.jpg
0.05203125,0.9876595345345346,0.14021052631578948,1,0,0,1,0.95,3787_right.jpg
0.88017822265625,1.0,0.8984275318979267,1,1,0,1,1.0207336523125996,767_left.jpg
0.11874755859375,0.5917062439606078,0.3803190241613887,1,0,0,0,2.9,1107_left.jpg
0.103095703125,0.9087809036658141,0.22024722265686122,0,0,0,1,1.1132530120481927,3864_left.jpg
0.1153662109375,0.9833453252634697,0.12539140033753304,0,0,1,0,0.9616613418530351,4840_left.jpg
0.1022021484375,0.27968085614638577,0.3320272842639594,1,1,0,1,3.248730964467005,1133_left.jpg
0.6189892578125,0.9996371352617753,0.6328324680511183,1,1,0,1,1.0223642172523961,1922_left.jpg
0.0453857421875,1.0,0.6180186170212766,1,1,0,0,13.617021276595745,1603_left.jpg
0.2365087890625,0.5511902058343828,0.34479641230068336,1,1,0,1,1.457858769931663,1281_right.jpg
0.11502197265625,0.7725680809967524,0.2367011655948553,1,1,0,1,2.057877813504823,1784_left.jpg
0.1232080078125,0.5579003685649745,0.4448616914370339,0,1,0,0,2.365296803652968,3514_right.jpg
0.7243408203125,0.9999561832215443,0.8190426236749117,1,1,0,1,1.1307420494699647,1685_left.jpg
0.0099169921875,0.9401772525849336,0.34529071744304657,0,1,0,0,2.5441176470588234,75_left.jpg
0.00310302734375,0.995279307631786,0.024839743589743588,1,0,0,0,1.1826923076923077,2398_right.jpg
0.00368896484375,0.9636002647253474,0.013592040875071962,1,0,0,0,2.9844559585492227,3474_left.jpg
0.211474609375,0.9868159778342184,0.3439922480620155,1,0,0,1,1.0573770491803278,4369_right.jpg
0.0,0.0,0.0,0,0,0,0,0.0,3436_left.jpg
0.9604638671875,1.0,0.9604638671875,1,1,1,1,1.0,2209_left.jpg
0.0,0.0,0.0,0,0,0,0,0.0,247_left.jpg
0.58321533203125,0.9998660443309543,0.6391400898972602,1,1,0,1,1.095890410958904,850_right.jpg
0.0,0.0,0.0,0,0,0,0,0.0,2241_left.jpg
0.0908056640625,0.26937140398989085,0.22013494318181817,1,1,0,1,2.4242424242424243,1871_left.jpg
0.10348876953125,0.5074193776687348,0.1898927544282476,1,0,0,0,0.9769874476987448,652_left.jpg
0.6593603515625,0.9992779756659286,0.6593603515625,1,1,1,1,1.0,4953_left.jpg
0.8269580078125,0.9996043953448551,0.8495234751203853,1,1,0,1,1.0272873194221508,2591_left.jpg
0.038798828125,0.5060407752328215,0.19884884884884885,0,1,0,0,3.8541666666666665,4118_right.jpg
0.3036669921875,0.8917045874805036,0.4846555486284289,1,1,0,0,1.5960099750623442,4276_right.jpg
0.2394873046875,0.9994189247048749,0.4354314630681818,1,1,0,0,1.8181818181818181,819_right.jpg
0.065078125,0.8099864945978391,0.21412505623031938,1,0,0,1,2.2735042735042734,1244_left.jpg
0.19386962890625,0.49820549308012946,0.3399357876712329,1,1,0,0,1.7534246575342465,1402_right.jpg
0.70334716796875,0.999878510609495,0.7801424393414211,1,1,0,0,1.1091854419410745,1384_right.jpg
0.6588916015625,1.0,0.8501827116935484,1,1,0,1,1.2903225806451613,3946_left.jpg
0.10767333984375,0.9954651611001519,0.10920909270998415,1,1,0,1,1.0142630744849446,4013_right.jpg
0.00286865234375,0.5302127659574468,0.3138354700854701,0,0,0,0,2.4615384615384617,233_left.jpg
0.106884765625,0.7045911375057103,0.3040277777777778,1,1,0,0,2.8444444444444446,1766_left.jpg
0.00413330078125,0.7235676314235086,0.013114271549854372,1,0,0,1,0.8232323232323232,1727_right.jpg
0.058701171875,0.9940525702878057,0.20202325737715937,0,1,0,0,1.7471264367816093,1376_right.jpg
0.9953076171875,1.0,0.9953076171875,1,1,1,1,1.0,4765_left.jpg
0.4268505859375,0.9980667818208856,0.5609535420944558,1,1,0,1,1.3141683778234086,5245_right.jpg
0.02496826171875,0.7903588540138848,0.13109689659150633,0,1,0,0,2.3812154696132595,1131_right.jpg
0.02771728515625,0.5432044393552365,0.255123595505618,0,1,0,0,5.617977528089888,410_right.jpg
0.06667724609375,0.7665775694774999,0.12441235422740525,1,1,0,1,1.8658892128279883,5336_left.jpg
0.2165673828125,0.876626158320745,0.27665294411177643,1,1,0,0,1.2774451097804391,5296_right.jpg
0.1100732421875,0.36760857028789423,0.12785276769509982,1,0,1,1,0.8609375,5116_left.jpg
0.332587890625,1.0,0.6116558908045977,1,1,0,0,1.839080459770115,5299_left.jpg
0.67938232421875,0.997214985176534,0.70930617862969,1,1,0,1,1.0440456769983686,4940_right.jpg
0.94131591796875,1.0,0.94131591796875,1,1,1,1,1.0,3205_right.jpg
0.1435546875,0.6180102040816327,0.42144495412844035,1,1,0,0,2.9357798165137616,4229_right.jpg
0.01145263671875,0.28693242379023665,0.04705020962468155,1,0,0,1,3.293103448275862,5095_right.jpg
0.1978076171875,0.6064895954185283,0.4887910231660232,1,1,0,0,2.471042471042471,5199_right.jpg
0.05145263671875,0.9390747330960854,0.06734087423312883,1,1,0,1,1.30879345603272,2818_right.jpg
9.033203125e-05,0.6756756756756757,0.4625,0,0,0,1,5.0,2332_left.jpg
0.06716064453125,0.9707368497582609,0.12845788893662327,1,0,0,1,1.8416422287390029,348_right.jpg
0.10325439453125,0.7574303076159176,0.2131703629032258,1,1,0,1,2.064516129032258,3119_left.jpg
0.0047802734375,0.8564862104187947,0.2042775169535733,0,0,0,0,4.733333333333333,3533_right.jpg
0.28761474609375,0.9000823380614055,0.36022199119373777,1,1,0,0,1.2524461839530332,1485_right.jpg
0.0,0.0,0.0,0,0,0,0,0.0,1323_left.jpg
9.765625e-06,1.0,1.0,0,0,1,0,0.25,1284_left.jpg
0.0342529296875,0.7734853884533143,0.09160235567568979,1,0,0,0,2.374015748031496,5316_left.jpg
0.0039794921875,0.5717791411042945,0.15744228725973147,0,0,0,0,12.310344827586206,3706_right.jpg
0.5140087890625,0.9998480084355318,0.6003022354014599,1,1,0,1,1.167883211678832,4918_right.jpg
0.01150146484375,0.42241562300997665,0.04488376524390244,1,1,0,0,3.902439024390244,3408_left.jpg
0.15116455078125,0.9246410517305425,0.4222381342062193,1,0,0,0,1.5064102564102564,2690_right.jpg
0.0023095703125,0.952431289640592,0.2268041237113402,0,1,0,0,2.255813953488372,4056_left.jpg
0.0,0.0,0.0,0,0,0,0,0.0,3909_left.jpg
0.009091796875,0.5279269602577873,0.08288817663817664,0,1,0,0,8.666666666666666,3505_left.jpg
0.02081787109375,0.9883898205699543,0.26317901234567903,0,1,0,0,4.0,409_left.jpg
0.0,0.0,0.0,0,0,0,0,0.0,4737_left.jpg
0.0,0.0,0.0,0,0,0,0,0.0,2869_right.jpg
0.12861328125,0.9937357630979499,0.20681532663316582,1,1,0,1,1.6080402010050252,4847_right.jpg
0.01214111328125,0.5614317313492861,0.29833823264742937,0,1,0,0,2.670886075949367,2640_right.jpg
0.0,0.0,0.0,0,0,0,0,0.0,4084_left.jpg
0.00472900390625,0.399586990191017,0.061027095148078137,1,0,0,0,6.666666666666667,3384_right.jpg
0.0105859375,0.5541974169741697,0.2635545830294189,1,0,0,0,12.694444444444445,347_right.jpg
0.035458984375,0.8114155879922886,0.32500895094880056,0,1,0,0,3.43859649122807,549_left.jpg
0.46152587890625,1.0,0.5849040841584159,1,1,0,0,1.2673267326732673,2298_left.jpg
0.90723876953125,1.0,0.90723876953125,1,1,1,1,1.0,689_left.jpg
0.320859375,0.9913866569271975,0.320859375,1,1,1,1,1.0,3730_right.jpg
0.55657470703125,0.9995613515635624,0.7499111842105263,1,1,0,0,1.3473684210526315,579_left.jpg
0.16551025390625,0.7818063811897984,0.27948961081794194,1,1,0,0,1.6886543535620053,18_right.jpg
0.00025390625,0.75,0.3501683501683502,0,0,0,1,3.6666666666666665,3544_left.jpg
0.19374755859375,0.8484229892009728,0.4542067307692308,1,1,0,1,2.3443223443223444,5135_left.jpg
0.51587890625,0.9994226327944573,0.6206062030075188,1,1,0,1,1.2030075187969924,521_right.jpg
0.19698974609375,0.9971618724205882,0.3414426690138461,0,1,0,0,1.2431192660550459,1364_right.jpg
0.004638671875,0.838421052631579,0.018102134146341462,1,1,0,0,3.902439024390244,1929_left.jpg
0.11869140625,0.9109141023531347,0.49029317143519874,1,0,0,1,1.8908296943231442,2009_right.jpg
0.00057861328125,1.0,0.5524475524475524,0,0,0,0,2.5384615384615383,960_right.jpg
0.05033447265625,0.9434447300771208,0.06468687248995984,1,1,0,1,1.285140562248996,4090_right.jpg
0.05865234375,0.9053030303030303,0.1394441735738664,0,1,0,1,2.006825938566553,3418_right.jpg
0.0,0.0,0.0,0,0,0,0,0.0,282_left.jpg
0.03744140625,0.5292775169535733,0.10556167400881057,1,1,0,1,2.8193832599118944,3199_right.jpg
0.00280029296875,0.7907585004359198,0.011747716006391086,1,0,0,1,4.116883116883117,1240_left.jpg
0.74861572265625,0.9959854288351221,0.74861572265625,1,1,1,1,1.0,3602_left.jpg
0.44551513671875,0.9967723020774538,0.44551513671875,1,1,1,1,1.0,3968_right.jpg
0.7179248046875,1.0,0.7179248046875,1,1,1,1,1.0,4835_left.jpg
0.12489990234375,0.9640532457632088,0.4647438226744186,1,1,0,0,3.7209302325581395,1024_right.jpg
0.84594970703125,1.0,0.8832101345840131,1,1,0,1,1.0440456769983686,2487_left.jpg
0.47168701171875,0.9953572149500785,0.47168701171875,1,1,1,1,1.0,255_right.jpg
0.43549072265625,0.907549740157083,0.43549072265625,1,1,1,1,1.0,2196_right.jpg
0.11195068359375,0.45979718678442916,0.1517975370762712,1,1,0,1,1.3559322033898304,5120_right.jpg
0.47095703125,0.9953966739932816,0.5450497287522604,1,1,0,1,1.1573236889692586,1910_right.jpg
0.12596923828125,0.4908231098707289,0.21672127016129034,1,1,0,1,1.7204301075268817,2524_left.jpg
0.1020654296875,0.30789838779122614,0.2127748371335505,1,1,0,1,2.0846905537459284,1625_left.jpg
0.0653369140625,0.831178536731186,0.37414195640928855,1,0,0,1,1.6066350710900474,3067_left.jpg
0.04187744140625,0.5301113507841194,0.0859024439102564,1,1,0,1,2.051282051282051,1956_left.jpg
0.00813232421875,1.0,0.747699214365881,1,0,0,0,4.090909090909091,3907_left.jpg
0.0769189453125,0.7100869675617343,0.23897148058252426,1,1,0,1,3.1067961165048543,3030_right.jpg
0.1623876953125,0.9805454490783895,0.5252501322719986,1,0,0,1,0.3856893542757417,3203_left.jpg
0.9819189453125,1.0,0.9819189453125,1,1,1,1,1.0,717_right.jpg
0.92583740234375,0.9999446236119645,0.92583740234375,1,1,1,1,1.0,1435_left.jpg
0.45839599609375,0.9887302339701426,0.45839599609375,1,1,1,1,1.0,1381_right.jpg
0.08060791015625,0.5161886300996457,0.3968389423076923,1,1,0,0,4.923076923076923,418_right.jpg
0.856787109375,0.999914515301761,0.856787109375,1,1,1,1,1.0,3265_left.jpg
0.13281005859375,0.9581426129156786,0.3219637784090909,1,1,0,1,2.4242424242424243,4459_right.jpg
0.0093701171875,0.43564356435643564,0.02618722707423581,1,1,0,0,2.7947598253275108,1073_left.jpg
0.5749560546875,0.998921452896366,0.7796014300847458,1,1,0,0,1.3559322033898304,2799_right.jpg
0.25384765625,0.9953258444256367,0.3377598752598753,1,1,0,1,1.3305613305613306,3294_left.jpg
0.08580810546875,0.6200813725211256,0.10365094812586628,0,1,1,0,1.1891385767790261,1145_left.jpg
0.00412841796875,0.4991129509166174,0.02237808509230464,1,0,0,0,4.68503937007874,2671_right.jpg
0.893427734375,1.0,0.893427734375,1,1,1,1,1.0,3060_right.jpg
0.25075439453125,0.9079730111285281,0.28863815197841725,1,1,0,1,1.1510791366906474,3338_right.jpg
0.222021484375,0.5491422916208489,0.4345374617737003,1,1,0,0,1.9571865443425076,889_left.jpg
0.020478515625,0.9985693848354793,0.18406846609611588,1,0,0,1,0.967741935483871,3028_left.jpg
0.0895361328125,0.9096907891149043,0.3993249128919861,1,0,0,0,2.1853658536585368,4641_left.jpg
0.23650146484375,0.3213345583301504,0.2605179647160069,1,1,0,1,1.1015490533562822,4558_left.jpg
0.0686328125,0.44756687535572,0.10926616915422886,1,1,0,1,1.592039800995025,2709_right.jpg
0.06419921875,0.9465698205050198,0.2325433321542271,0,1,0,0,1.7120622568093384,5112_right.jpg
0.00034423828125,1.0,0.7121212121212122,1,0,0,0,1.6363636363636365,2389_left.jpg
0.164951171875,0.8028091883251436,0.24898290094339623,1,1,0,1,1.509433962264151,2431_right.jpg
0.0,0.0,0.0,0,0,0,0,0.0,1307_right.jpg
0.7588818359375,0.9965287384425328,0.7588818359375,1,1,1,1,1.0,4725_right.jpg
0.0478515625,0.8393367346938776,0.20553691275167785,1,1,0,0,4.295302013422819,3548_left.jpg
0.99539794921875,0.9997866156506383,0.99539794921875,1,1,1,1,1.0,4245_right.jpg
0.56622802734375,0.9975595769358462,0.6928985420650096,1,1,0,1,1.2237093690248566,2892_right.jpg
0.47374755859375,0.8055316495488206,0.4866748595505618,1,1,0,1,1.0272873194221508,3367_left.jpg
0.01840576171875,0.7015519299641862,0.04991393008474576,1,1,0,1,2.711864406779661,2873_left.jpg
0.0,0.0,0.0,0,0,0,0,0.0,1263_right.jpg
0.0001416015625,1.0,0.5523809523809524,0,0,0,1,4.2,2420_left.jpg
0.0791748046875,0.9943879124267654,0.4361978290986859,0,1,0,0,4.203007518796992,1980_right.jpg
0.02373779296875,0.697212794405019,0.0741545783187663,1,0,0,1,2.1666666666666665,3689_left.jpg
0.14529541015625,0.82699578243409,0.3009354773462783,1,1,0,1,2.071197411003236,3259_right.jpg
0.98355224609375,1.0,0.98355224609375,1,1,1,1,1.0,537_right.jpg
0.03846923828125,0.9060734911467919,0.055202494394618835,1,1,0,1,1.4349775784753362,2308_left.jpg
0.00111328125,0.42543859649122806,0.010674657053232828,0,0,1,0,3.80188679245283,1273_right.jpg
0.13774169921875,0.602687038054556,0.13926490916271722,1,1,1,0,1.0110584518167456,1707_right.jpg
0.1829931640625,0.846879419377218,0.32263257575757576,1,1,0,1,1.7630853994490359,2135_left.jpg
0.17598388671875,0.6131542804822219,0.47523074894514766,1,1,0,1,2.70042194092827,1136_left.jpg
0.01238037109375,0.7570498915401301,0.04404356586992774,1,0,0,1,2.294642857142857,3148_right.jpg
0.027236328125,0.4815346002151309,0.19979941256537,1,0,0,0,2.8085106382978724,5246_left.jpg
0.20099365234375,0.5660840307554023,0.51454375,1,1,0,1,2.56,1123_left.jpg
0.10346435546875,0.6998277448736403,0.5427638319672131,1,1,0,0,5.245901639344262,1536_left.jpg
0.01000244140625,0.5316084940200146,0.045628689163603964,1,0,0,1,2.1365853658536587,314_left.jpg
0.68446044921875,0.9992438158762997,0.68446044921875,1,1,1,1,1.0,763_right.jpg
0.172353515625,0.9748994277296165,0.19262315210451353,1,0,0,1,0.9627228525121556,2834_right.jpg
0.01139892578125,0.36431784107946025,0.18896713615023475,0,0,0,0,7.344827586206897,4782_left.jpg
0.09179443359375,0.6498045160775553,0.18650297619047618,1,1,0,1,2.0317460317460316,748_left.jpg
0.61034912109375,0.9934519738078952,0.7050964575812274,1,1,0,1,1.1552346570397112,2535_left.jpg
0.337412109375,0.9450160632109056,0.337412109375,1,1,1,1,1.0,5141_right.jpg
0.0419580078125,0.7272780169905737,0.3823784625653577,1,0,0,0,5.674157303370786,2415_right.jpg
0.21051025390625,0.7243954769498405,0.2891127950643777,1,1,0,0,1.3733905579399142,1715_right.jpg
0.0184130859375,0.95266507557677,0.06620435393258427,1,1,0,1,3.595505617977528,546_left.jpg
0.99911376953125,1.0,0.99911376953125,1,1,1,1,1.0,1932_left.jpg
0.00103759765625,0.9411764705882353,0.004729368824000713,1,0,0,0,2.5425531914893615,3562_right.jpg
0.0730859375,0.6352218065205772,0.1585593220338983,1,1,0,1,2.169491525423729,2281_right.jpg
0.01806884765625,0.5189839210917444,0.21038717380180794,0,1,0,0,8.075757575757576,4818_left.jpg
0.05128662109375,0.5458180606464512,0.22953452797202797,1,1,0,0,4.475524475524476,1577_left.jpg
0.3842724609375,0.9996886872768396,0.4738619942196532,1,1,0,0,1.233140655105973,1005_right.jpg
0.08776611328125,0.3755041864864113,0.5250021906124952,1,0,0,0,3.8134328358208953,1794_left.jpg
0.88534423828125,1.0,0.88534423828125,1,1,1,1,1.0,3406_left.jpg
0.4580322265625,0.9932039869942967,0.4580322265625,1,1,1,1,1.0,1926_left.jpg
0.10547607421875,0.9507904543665949,0.24948892969751568,1,0,0,1,2.003401360544218,1253_right.jpg
0.47455078125,0.9379090011112483,0.47455078125,1,1,1,1,1.0,2117_right.jpg
0.12861328125,0.9937357630979499,0.20681532663316582,1,1,0,1,1.6080402010050252,4841_right.jpg
0.80121337890625,0.99564564244295,0.80121337890625,1,1,1,1,1.0,2466_right.jpg
0.01144287109375,0.8269682099423938,0.029770071138211382,1,1,0,1,2.6016260162601625,1036_left.jpg
0.08546875,0.6841864716636198,0.2079847908745247,1,1,0,1,2.4334600760456273,2660_left.jpg
0.015546875,0.4418969849246231,0.08135316061117073,0,1,0,0,4.492424242424242,1405_right.jpg
0.125146484375,0.60134607881389,0.25186713836477986,1,1,0,1,2.0125786163522013,4125_left.jpg
0.24511474609375,0.993655315291985,0.3440348424414381,1,0,0,1,0.8498293515358362,3748_right.jpg
0.01913818359375,0.988391376451078,0.47222891566265063,0,0,0,0,6.64,1650_left.jpg
0.045576171875,0.5682451253481894,0.5368069933287325,1,0,0,0,4.108695652173913,3183_left.jpg
2.197265625e-05,1.0,0.9,0,0,0,1,0.4,1314_right.jpg
0.1333154296875,0.9998168699410321,0.269884496196826,1,0,0,0,0.9438444924406048,3873_left.jpg
0.00952392578125,0.8613176108690079,0.16126498553121124,0,0,0,0,6.9491525423728815,457_left.jpg
0.4177099609375,0.9997720551275907,0.5444691955193482,1,1,0,0,1.3034623217922607,3938_left.jpg
0.14963623046875,0.8094989476432103,0.2893268504531722,1,1,0,1,1.933534743202417,2519_left.jpg
0.00467529296875,1.0,0.41848776223776224,0,0,0,0,1.6923076923076923,2382_right.jpg
0.50681884765625,0.9934246337785956,0.6213870929118774,1,1,0,0,1.2260536398467432,4666_left.jpg
0.13239013671875,0.5776273811938702,0.25067954881656807,1,1,0,1,1.893491124260355,100_right.jpg
0.059931640625,0.6127586768779534,0.15784465020576133,1,1,0,1,2.633744855967078,2664_left.jpg
0.27662353515625,0.9537531441683951,0.4075631461191485,0,1,0,0,1.3253275109170306,1149_left.jpg
0.590361328125,0.9920516765090236,0.590361328125,1,1,1,1,1.0,2159_left.jpg
0.21685302734375,0.5476396879186697,0.33123135441527446,1,1,0,1,1.5274463007159904,3368_left.jpg
0.10656005859375,0.8781817765253053,0.16964785447761194,1,1,0,1,1.592039800995025,2820_right.jpg
0.10023193359375,0.5908902691511387,0.1457919034090909,1,1,0,1,1.4545454545454546,4524_right.jpg
0.1686865234375,0.5642747561293311,0.18236380912162162,1,1,0,1,1.0810810810810811,2355_left.jpg
0.0049072265625,0.8532338308457711,0.17238421955403088,0,0,0,0,6.0227272727272725,3184_right.jpg
0.08609375,0.9410730490018149,0.18730944514676043,1,0,0,1,1.6479289940828403,3340_right.jpg
0.34584228515625,0.634433879017627,0.7685384114583333,1,1,0,0,2.2222222222222223,1280_right.jpg
0.01728271484375,0.4989405283232095,0.07628561575929997,0,1,0,1,2.124401913875598,4905_right.jpg
0.30265625,0.791873709344347,0.43724604966139957,1,1,0,1,1.4446952595936795,4778_left.jpg
0.12373291015625,0.6435153213235729,0.12373291015625,1,1,1,1,1.0,3063_left.jpg
0.0001171875,1.0,0.6233766233766234,0,0,0,0,0.6363636363636364,1186_right.jpg
0.0001904296875,1.0,0.325,1,0,1,0,2.4,4989_left.jpg
0.00302734375,0.6701612903225806,0.4509090909090909,0,1,0,0,5.681818181818182,3651_left.jpg
0.52861572265625,0.9406939742565387,0.52861572265625,1,1,1,1,1.0,4753_left.jpg
0.61101318359375,0.7145534240882883,0.6207118055555556,1,1,1,0,1.0158730158730158,1564_right.jpg
0.07031005859375,0.5050175353310878,0.1710967205323194,1,1,0,0,2.4334600760456273,490_right.jpg
0.4867724609375,0.9919752033784394,0.4867724609375,1,1,1,1,1.0,2905_left.jpg
0.5872021484375,0.9864292901155007,0.7546372991967871,1,1,0,1,1.285140562248996,3722_left.jpg
0.1990185546875,0.9924065850487009,0.30692018072289157,1,1,0,1,1.5421686746987953,1493_right.jpg
0.05599609375,0.9261859086152773,0.2603109749177165,1,0,0,1,2.2474747474747474,3707_right.jpg
0.0086669921875,0.9008450704225353,0.09377641589180051,1,0,0,0,3.017857142857143,4464_left.jpg
0.132802734375,0.6322707552025885,0.21478322672352523,1,0,0,1,1.5671641791044777,4364_left.jpg
0.3400537109375,0.9597446979595939,0.3400537109375,1,1,1,1,1.0,1749_left.jpg
0.29498046875,0.9913427795802159,0.495505249343832,1,1,0,1,1.6797900262467191,4827_right.jpg
0.0,0.0,0.0,0,0,0,0,0.0,2996_left.jpg
0.57189697265625,0.9927171514072632,0.6090084234608985,1,1,0,1,1.064891846921797,2210_right.jpg
0.10488525390625,0.8116431181769512,0.218227904684984,0,1,0,1,2.035369774919614,3377_left.jpg
0.1781103515625,0.608246292184116,0.2126690764925373,1,1,0,1,1.1940298507462686,3371_left.jpg
0.1318017578125,0.7204089949246101,0.27747738486842105,1,1,0,1,2.1052631578947367,126_left.jpg
0.0757763671875,0.4873058831110252,0.13777521306818183,1,1,0,1,1.8181818181818181,2427_left.jpg
0.69203857421875,0.9992873748937237,0.7811370149911817,1,1,0,1,1.128747795414462,673_right.jpg
0.06818603515625,0.6851301514554764,0.1897350543478261,1,1,0,0,2.782608695652174,4440_right.jpg
0.17052734375,0.9988689726262742,0.23994338754113678,1,0,0,1,0.7848932676518884,1286_left.jpg
0.6014697265625,0.9400394541365957,0.6014697265625,1,1,1,1,1.0,4544_left.jpg
0.0,0.0,0.0,0,0,0,0,0.0,1308_right.jpg
0.6198095703125,0.9838384395408746,0.6198095703125,1,1,1,1,1.0,1566_right.jpg
0.06310302734375,0.5624250396564399,0.30828959923664123,1,1,0,0,4.885496183206107,3828_right.jpg
0.0979931640625,0.8387313767502118,0.17469533426183845,1,1,0,0,1.7827298050139275,4854_left.jpg
0.8215625,0.9997771253328261,0.8563517915309447,1,1,1,0,1.0423452768729642,2633_left.jpg
0.19407470703125,0.8838765677481036,0.3488983497191011,1,1,0,1,1.797752808988764,1605_right.jpg
0.12319091796875,0.8920311540062229,0.3285091145833333,1,1,0,0,2.6666666666666665,3177_left.jpg
0.1484814453125,0.9792824492748857,0.38323587235973183,1,0,0,0,1.4397590361445782,1362_left.jpg
0.0064501953125,0.979560938682816,0.36735261401557284,0,0,0,0,0.5344827586206896,1572_left.jpg
0.19486572265625,0.8824811756893894,0.3019710956416465,1,1,0,1,1.549636803874092,1052_left.jpg
0.99650634765625,1.0,0.99650634765625,1,1,1,1,1.0,4256_left.jpg
0.29213623046875,0.99593845845277,0.4534736538927965,1,0,0,1,0.7138157894736842,5076_right.jpg
0.00025390625,0.75,0.3501683501683502,0,0,0,1,3.6666666666666665,3542_left.jpg
0.032412109375,0.8274329617354624,0.12571017347170668,1,0,0,0,3.5697674418604652,2149_left.jpg
0.00428955078125,0.4188958451906659,0.15588678910478218,0,0,0,0,4.333333333333333,134_left.jpg
0.86832275390625,1.0,0.9125230911330049,1,1,0,1,1.0509031198686372,2208_right.jpg
0.071611328125,0.5986976680758216,0.43865526111144343,1,0,0,0,3.136986301369863,576_right.jpg
0.02083740234375,0.3941417691857059,0.10224985623921794,0,1,0,0,3.810810810810811,3782_left.jpg
0.1587060546875,0.6797987878042027,0.3556282550658672,0,1,0,0,2.143835616438356,4962_right.jpg
0.0383935546875,0.7088897367417016,0.3242139985568498,0,1,0,0,6.123595505617978,3809_left.jpg
0.04506591796875,0.8814128609350452,0.4509454243416231,0,1,0,0,4.350515463917525,781_right.jpg
0.105615234375,0.8113962089690245,0.24490489130434784,1,1,0,1,2.318840579710145,4371_right.jpg
0.99641357421875,1.0,0.99641357421875,1,1,1,1,1.0,2406_left.jpg
0.09398193359375,0.5684634368099754,0.24650998975409835,1,1,0,0,2.622950819672131,2322_right.jpg
0.08708251953125,0.35868681488126947,0.1606132925072046,1,1,0,0,1.8443804034582132,1878_right.jpg
0.0050341796875,1.0,0.726056338028169,0,0,0,0,1.775,427_right.jpg
0.1899609375,0.8403763109191857,0.41211864406779664,1,1,0,0,2.169491525423729,5049_right.jpg
0.198642578125,0.915478590039821,0.42236295681063124,1,1,0,0,2.12624584717608,4710_left.jpg
0.16886474609375,0.985816935821996,0.4678503787878788,1,1,0,1,2.7705627705627704,3988_right.jpg
0.5980859375,1.0,0.8601685393258427,1,1,0,1,1.4382022471910112,4462_left.jpg
0.08759033203125,0.48192435264932965,0.20092405913978495,1,1,0,1,2.293906810035842,1368_left.jpg
0.112587890625,0.8212117269494319,0.22947850318471338,1,1,0,1,2.038216560509554,747_left.jpg
0.023486328125,0.7766112266112266,0.28464907089596403,1,0,0,0,2.3865546218487395,5013_left.jpg
0.00252685546875,1.0,0.7986111111111112,0,0,0,0,0.5625,5317_right.jpg
0.0027197265625,0.6956912028725314,0.23828877005347593,0,1,0,0,7.48,113_right.jpg
0.229658203125,0.6009269889866905,0.41171218487394956,1,1,0,1,1.792717086834734,99_right.jpg
0.3548974609375,0.9981013441932777,0.5162144886363637,1,1,0,1,1.4545454545454546,2386_right.jpg
0.08858154296875,0.7550092329741201,0.21638239503816795,1,1,0,0,2.4427480916030535,4275_right.jpg
0.00536865234375,0.6398362892223738,0.18956896551724137,0,0,0,0,3.4482758620689653,745_right.jpg
0.0013330078125,0.7326007326007326,0.0057213513286947775,1,0,0,1,4.185430463576159,2329_right.jpg
0.889296875,1.0,0.889296875,1,1,1,1,1.0,668_right.jpg
0.034169921875,0.8824664189768505,0.20625119733565186,1,0,0,1,1.7135678391959799,3702_right.jpg
0.24614990234375,0.5032383483927279,0.5900222378277153,1,1,0,1,2.397003745318352,2204_right.jpg
0.63964599609375,0.999698472131573,0.63964599609375,1,1,1,1,1.0,4767_left.jpg
0.1435302734375,0.915155638714067,0.26703306686046513,1,1,0,0,1.8604651162790697,4164_left.jpg
0.04195556640625,0.9620599359906895,0.2879765395894428,1,0,0,0,2.4838709677419355,3933_left.jpg
0.213125,0.7167109604105572,0.2889830508474576,1,1,0,1,1.3559322033898304,1536_right.jpg
0.0483154296875,0.7123294593228904,0.2863716609266923,1,0,0,0,5.81651376146789,61_left.jpg
0.04392822265625,0.9869393653087312,0.16641694413614502,1,0,0,1,2.4056603773584904,5157_left.jpg
0.1871240234375,0.5656263862432481,0.47335721343873516,1,1,0,1,2.5296442687747036,1360_left.jpg
0.48539794921875,0.9026853570332816,0.48539794921875,1,1,1,1,1.0,2498_left.jpg
0.0367578125,0.9388947927736451,0.04952631578947368,1,1,0,1,1.3473684210526315,1884_right.jpg
2.197265625e-05,1.0,0.9,0,0,0,1,0.4,1312_right.jpg
0.223388671875,0.998,0.41440217391304346,1,1,0,1,1.855072463768116,816_right.jpg
0.00229736328125,0.614240170031881,0.2904320987654321,0,0,0,0,0.49382716049382713,2242_left.jpg
0.19341796875,0.5490129253761487,0.4892786561264822,1,1,0,1,2.5296442687747036,1359_left.jpg
0.11671142578125,0.5500261478924798,0.21883926609536367,1,0,0,1,1.6043360433604337,4364_right.jpg
0.120966796875,0.3977960765318479,0.45540441176470586,1,1,0,0,3.764705882352941,1792_left.jpg
0.10299072265625,0.5108450871162735,0.13104187375745527,1,1,0,1,1.2723658051689861,4017_right.jpg
0.37343017578125,0.9752610210712814,0.37343017578125,1,1,1,1,1.0,2134_right.jpg
0.2443359375,0.8759392486011192,0.41478779840848806,1,1,0,0,1.6976127320954908,4543_left.jpg
0.06389404296875,0.3616980627412021,0.19198210093896714,1,1,0,0,3.004694835680751,496_right.jpg
0.06976806640625,0.6316618259439409,0.14592013888888888,1,1,0,1,2.0915032679738563,2074_right.jpg
0.04965087890625,0.8153119929193097,0.04965087890625,1,1,1,1,1.0,1462_left.jpg
0.0126220703125,0.9452611218568665,0.18723065222902255,0,1,0,0,9.830188679245284,291_left.jpg
0.6318359375,0.9988176197836167,0.647,1,0,1,1,0.9765625,5238_right.jpg
0.01179931640625,0.9586178357128078,0.1324109589041096,1,0,0,1,0.584,4396_right.jpg
0.29893310546875,0.9951650972289147,0.4643621055825243,1,1,0,1,1.5533980582524272,620_left.jpg
0.0046875,0.8744791666666667,0.06475984889368591,1,0,0,0,1.6029411764705883,2622_right.jpg
0.01949462890625,0.6011271133375078,0.31261010844458365,1,0,0,0,15.195121951219512,3529_left.jpg
0.0,0.0,0.0,0,0,0,0,0.0,4046_right.jpg
0.18500244140625,0.9071354104807527,0.18500244140625,1,1,1,1,1.0,2012_right.jpg
0.5094873046875,0.9812110060090279,0.5094873046875,1,1,1,1,1.0,5232_left.jpg
0.0498681640625,0.6309605404876139,0.2455048076923077,1,1,0,0,4.923076923076923,5226_right.jpg
0.014326171875,0.6566121336059987,0.2750281214848144,0,0,0,0,6.803571428571429,85_right.jpg
0.17615478515625,0.9879700081770681,0.2684263392857143,1,1,0,1,1.5238095238095237,3574_right.jpg
0.30468505859375,0.9485092027980994,0.5064894480519481,1,1,0,1,1.6623376623376624,2201_right.jpg
0.1399267578125,0.8870782007886381,0.279853515625,1,1,0,1,2.0,1054_right.jpg
0.51441162109375,0.9969340730791683,0.51441162109375,1,1,1,1,1.0,2583_left.jpg
0.4776904296875,0.9910560047428729,0.5232975485555038,1,0,0,1,0.9821717990275527,675_left.jpg
0.054794921875,1.0,0.6268398268398269,0,1,0,0,1.3151515151515152,3919_right.jpg
0.5702001953125,0.596958305145705,0.7387209008097166,1,1,0,1,1.2955465587044535,269_right.jpg
0.13112060546875,0.6967248217178393,0.4560716711956522,1,1,0,0,3.4782608695652173,561_left.jpg
0.29418701171875,0.9798338575423863,0.4541955959623373,1,0,0,1,0.7941176470588235,2054_right.jpg
0.0825927734375,0.9139816730712386,0.4332735655737705,1,1,0,0,5.245901639344262,3191_right.jpg
0.07571533203125,0.5964917937639055,0.18166428454274935,1,0,0,1,2.376865671641791,2687_left.jpg
0.60029296875,0.7991784610379047,0.60029296875,1,1,1,1,1.0,3417_right.jpg
0.0087060546875,0.9641054402692092,0.5848778087584058,1,0,0,0,1.3582089552238805,3623_left.jpg
0.05728515625,0.7514064098192976,0.28228387189913623,0,1,0,0,4.302158273381295,5087_right.jpg
0.0738525390625,0.8244628099173553,0.29783882242898635,0,1,0,0,1.0918032786885246,3965_left.jpg
0.03858642578125,0.4263207845618475,0.18429337686567165,1,1,0,0,4.776119402985074,594_right.jpg
0.0040380859375,0.6408706166868199,0.09828856667458997,1,0,0,0,21.464285714285715,2211_right.jpg
0.2860888671875,0.8872267071734566,0.37141679873217115,1,0,0,0,1.262,3975_left.jpg
0.7783447265625,0.999934130046109,0.7783447265625,1,1,1,1,1.0,1874_right.jpg
0.0,0.0,0.0,0,0,0,0,0.0,3572_right.jpg
0.7089013671875,1.0,0.9591900105708245,1,1,0,1,1.3530655391120507,2209_right.jpg
0.70847900390625,0.9999896620524961,0.7569725584307179,1,1,0,1,1.0684474123539232,332_right.jpg
0.12494384765625,0.884166715516736,0.26743833612040135,1,1,0,1,2.140468227424749,2931_left.jpg
0.19555419921875,0.9745939399992509,0.39105493389575646,1,0,0,0,1.7928994082840237,4640_right.jpg
0.24010009765625,0.9990746860541969,0.4388599325277118,0,0,0,1,1.0453563714902807,5286_right.jpg
0.4284326171875,0.998809021802309,0.6332491339491917,1,1,0,1,1.4780600461893765,5247_right.jpg
0.05089599609375,0.7660574663021058,0.10644914215686274,1,1,0,1,2.0915032679738563,4967_left.jpg
0.0680859375,0.4860154905335628,0.17570564516129034,1,1,0,0,2.5806451612903225,3168_right.jpg
0.500654296875,1.0,0.7796076642335766,1,1,0,1,1.5571776155717763,4832_left.jpg
0.4051806640625,0.4930164736505947,0.4051806640625,1,1,1,1,1.0,782_left.jpg
0.00555908203125,1.0,0.45,0,1,0,0,1.6727272727272726,4512_left.jpg
0.5252880859375,0.9989821433551158,0.6960339026915114,1,1,0,1,1.3250517598343685,4553_left.jpg
0.25168212890625,0.7385560050053837,0.32805817209775967,1,1,0,1,1.3034623217922607,2891_right.jpg
0.420498046875,0.9790519984207715,0.5030257009345794,1,1,0,1,1.1962616822429906,4338_left.jpg
0.15462890625,0.6600353669319187,0.24495668316831684,1,1,0,1,1.5841584158415842,1950_left.jpg
0.09051025390625,0.9918808836619643,0.22109375,1,1,0,1,2.4427480916030535,2398_left.jpg
0.14203369140625,0.7840039878302422,0.2476881811989101,1,1,0,1,1.7438692098092643,1409_right.jpg
0.00342041015625,0.9957173447537473,0.07706270627062706,0,1,0,0,8.977777777777778,4704_right.jpg
0.14417236328125,0.5354850727312753,0.28566660216718265,1,1,0,0,1.9814241486068112,2516_left.jpg
0.0635693359375,0.7994469621322682,0.12180950598802395,1,1,0,1,1.9161676646706587,1065_left.jpg
0.67073974609375,0.9987478843248949,0.67073974609375,1,1,1,1,1.0,5309_left.jpg
0.06886962890625,0.7614591087950654,0.19906848735048163,0,0,0,0,1.2626865671641792,2519_right.jpg
0.3948681640625,0.9476128058959552,0.4305206558773424,0,1,1,1,0.9171875,1366_right.jpg
0.02986328125,0.46108567691301505,0.08702581177608924,0,1,0,1,2.8778280542986425,3099_left.jpg
0.04073974609375,0.7005453346916761,0.13918824235953556,1,0,0,1,2.152542372881356,3429_right.jpg
0.2498828125,0.9997557448804127,0.63032393151866,1,0,0,1,0.7673913043478261,456_right.jpg
0.09136474609375,0.5321860887689389,0.17147635630498534,1,1,0,0,1.8768328445747802,1849_right.jpg
0.10120361328125,0.545485248353557,0.257813131658654,1,0,0,0,1.662379421221865,2045_right.jpg
0.0012451171875,0.9588235294117647,0.004564983888292159,0,1,0,0,3.094736842105263,2424_left.jpg
0.0,0.0,0.0,0,0,0,0,0.0,161_right.jpg
0.02737060546875,0.829007225046829,0.17481677841883675,1,0,0,0,5.7075471698113205,2951_left.jpg
0.08625732421875,0.627041408394894,0.2905509868421053,1,1,0,0,3.3684210526315788,613_right.jpg
0.1531982421875,0.8103107569721115,0.2825558357348703,1,1,0,1,1.8443804034582132,2647_right.jpg
0.059150390625,0.809848109625227,0.17129524886877828,1,1,0,1,2.8959276018099547,1185_left.jpg
0.42751708984375,0.7450645590511161,0.4947756555153707,1,1,0,1,1.1573236889692586,3897_right.jpg
0.5502685546875,0.9996051288877058,0.674158311598191,1,0,0,1,1.1947069943289226,4947_left.jpg
0.29871826171875,0.6098402190347758,0.29871826171875,1,1,1,1,1.0,5194_left.jpg
0.88999267578125,1.0,0.8984153194006309,1,1,0,1,1.0094637223974763,681_left.jpg
0.0862744140625,0.7300073575188183,0.12961414319248826,1,1,0,1,1.5023474178403755,4139_right.jpg
0.09880859375,0.9629373393951374,0.2693213729587287,1,0,0,1,1.3716012084592144,4474_left.jpg
0.01781005859375,0.7217272104180946,0.31223249443588424,0,1,0,0,2.3838383838383836,1128_right.jpg
0.024794921875,0.6301693580149665,0.07045732045732046,1,0,0,1,2.7012987012987013,3287_left.jpg
0.1586474609375,0.8492197839401681,0.23160048186244112,0,1,0,0,1.3088552915766738,2788_right.jpg
0.05917724609375,0.6790709187672759,0.18167168832726238,1,0,0,1,2.7072072072072073,177_right.jpg
0.08392578125,0.5383407028159181,0.3000698324022346,1,1,0,0,3.5754189944134076,2321_right.jpg
0.0,0.0,0.0,0,0,0,0,0.0,1842_left.jpg
0.1491015625,0.4804329316216924,0.2643351800554017,1,1,0,1,1.7728531855955678,1071_right.jpg
0.0331103515625,0.4594455095118714,0.24950327470748399,1,0,0,0,4.747663551401869,510_left.jpg
0.081337890625,0.9482530916076359,0.3380275974025974,1,1,0,0,4.1558441558441555,5090_left.jpg
0.01432373046875,0.34685529231293677,0.13363247084548105,0,1,0,0,3.5,2619_right.jpg
0.0109033203125,0.8013882669055082,0.03573428923490534,0,1,0,0,2.4469026548672566,622_right.jpg
0.84163330078125,1.0,0.9400441753926702,1,1,1,0,1.1169284467713787,608_right.jpg
0.26307861328125,0.9920840409439758,0.26307861328125,1,1,1,1,1.0,3771_right.jpg
0.42333740234375,1.0,0.5703914473684211,1,1,0,0,1.3473684210526315,197_right.jpg
0.56810302734375,0.9996862846215002,0.7450531506147541,1,1,0,0,1.3114754098360655,2622_left.jpg
0.83763916015625,1.0,0.86187952170418,1,1,0,1,1.0289389067524115,1033_left.jpg
0.0471240234375,0.6107139156564086,0.11968005952380953,1,1,0,0,2.5396825396825395,3596_left.jpg
0.55553955078125,1.0,0.823021556712963,1,1,0,0,1.4814814814814814,678_right.jpg
0.03938232421875,0.8243134337610811,0.08799751243781094,0,1,0,1,1.9835526315789473,1226_left.jpg
0.01138427734375,0.3409822003002359,0.15179036458333334,0,0,0,0,8.533333333333333,4731_left.jpg
0.0001318359375,0.6111111111111112,0.01764705882352941,0,0,0,0,10.588235294117647,146_left.jpg
0.50916748046875,0.9887703483493563,0.50916748046875,1,1,1,1,1.0,1838_right.jpg
0.05926513671875,0.5779608650875386,0.10994112318840579,1,1,0,1,1.855072463768116,1068_right.jpg
0.0,0.0,0.0,0,0,0,0,0.0,3891_right.jpg
0.0158740234375,0.5918179021839434,0.046178977272727274,1,1,0,1,2.909090909090909,1614_right.jpg
0.09087890625,0.6509241349666881,0.2957877422584567,0,1,0,0,2.240506329113924,1529_left.jpg
0.1601025390625,0.46343285858062155,0.3022584808259587,1,1,0,1,1.887905604719764,274_left.jpg
0.00167236328125,0.910948905109489,0.0018485535405872193,1,0,1,1,0.9046875,241_left.jpg
0.1280126953125,0.819067780447801,0.23678648843930636,1,1,0,0,1.8497109826589595,4032_left.jpg
0.7342333984375,0.998706532509593,0.7792858623548922,1,1,0,1,1.0613598673300166,696_right.jpg
0.22276123046875,0.992700809925145,0.4689710115131579,1,1,0,1,2.1052631578947367,57_right.jpg
0.21676513671875,0.9889060335409463,0.6793294465102756,1,0,0,1,0.5744234800838575,3423_left.jpg
0.00013916015625,0.7017543859649122,0.20357142857142857,0,0,0,1,2.8,1123_right.jpg
0.19103271484375,0.9981852339386813,0.27536247184684687,1,1,0,1,1.4414414414414414,4503_left.jpg
0.34969970703125,0.994749959856741,0.34969970703125,1,1,1,1,1.0,3317_right.jpg
0.1423291015625,0.8068029778036983,0.2158545616113744,1,1,0,1,1.5165876777251184,4822_right.jpg
0.248310546875,0.8891335981437055,0.5552716631726066,1,0,0,0,2.2083333333333335,3641_right.jpg
0.2524609375,0.9680875754293672,0.39408536585365855,1,1,0,0,1.5609756097560976,3042_right.jpg
0.42976318359375,0.9302452408950697,0.42976318359375,1,1,1,1,1.0,3246_left.jpg
0.215439453125,0.9056139794206972,0.23456671982987773,0,1,1,0,0.9569377990430622,3901_left.jpg
0.31857666015625,0.9844201426940202,0.31857666015625,1,1,1,1,1.0,3569_right.jpg
0.32045654296875,0.9977068239130269,0.5218630725190839,1,1,0,1,1.6284987277353689,1413_right.jpg
0.36907470703125,0.9987100871187315,0.4360893796732207,1,0,0,1,1.1376811594202898,892_right.jpg
0.04147705078125,0.5372299723350403,0.2658560630956293,0,0,0,0,1.994413407821229,3707_left.jpg
0.0333203125,0.9955304806565064,0.09520089285714285,1,1,0,1,2.857142857142857,3171_left.jpg
0.05147216796875,0.8994450505146326,0.16227678571428572,1,1,0,0,3.1527093596059115,904_left.jpg
0.1228369140625,0.6183765949835036,0.2577561475409836,1,1,0,0,2.098360655737705,1848_left.jpg
0.06585693359375,0.9336051899907322,0.22958423762713306,0,1,0,0,1.1841269841269841,2227_left.jpg
0.0206298828125,0.25822485207100593,0.19562902254942816,1,0,0,0,9.072463768115941,3690_left.jpg
0.99626953125,1.0,0.99626953125,1,1,1,1,1.0,759_left.jpg
4.8828125e-06,0.5,0.2222222222222222,0,0,0,0,9.0,75_right.jpg
0.18626953125,0.997234455279438,0.5960625,1,1,0,0,3.2,950_left.jpg
0.477705078125,0.9970102418382157,0.6188891700404858,1,1,0,1,1.2955465587044535,2524_right.jpg
0.9210546875,0.999461915263582,0.9210546875,1,1,1,1,1.0,1282_left.jpg
0.09678955078125,0.7357043763400176,0.11643855733082707,1,1,0,1,1.2030075187969924,1853_left.jpg
0.07523193359375,0.7305857536913841,0.1880695030180227,0,1,0,1,2.3688212927756656,4789_left.jpg
0.2524267578125,0.7093641797396367,0.33378744834710744,1,1,0,1,1.322314049586777,3307_left.jpg
0.122529296875,0.4847772375866741,0.22534123563218392,1,1,0,0,1.839080459770115,3840_left.jpg
0.839375,0.9959715887937454,0.9105084745762712,1,1,0,1,1.0847457627118644,2459_right.jpg
0.27719482421875,0.9999559622684716,0.6745425380228137,1,1,0,0,2.4334600760456273,1340_left.jpg
0.75059814453125,0.996409113825237,0.7649407842356688,1,1,0,1,1.019108280254777,2902_left.jpg
0.72227783203125,0.9981781000185909,0.7717158806343907,1,1,1,0,1.0684474123539232,1552_left.jpg
0.080087890625,0.9533898305084746,0.1503115835777126,1,1,0,1,1.8768328445747802,3634_left.jpg
0.0054931640625,0.7893333333333333,0.11448051287269767,0,0,0,0,5.112903225806452,4894_left.jpg
0.22792724609375,0.9576473612613674,0.22792724609375,1,1,1,1,1.0,1548_right.jpg
0.033134765625,0.6718980253463012,0.13676764012334483,1,0,0,1,2.0135135135135136,2307_left.jpg
0.9154443359375,0.9993119376156772,0.9154443359375,1,1,1,1,1.0,3578_right.jpg
0.5570166015625,0.9972167921666945,0.7473598008385745,1,1,0,1,1.3417190775681342,2620_left.jpg
0.17423583984375,0.9313127916263819,0.23827123397435898,1,1,0,0,1.3675213675213675,677_left.jpg
0.135302734375,0.97098520389751,0.4892302259887006,1,1,0,0,3.615819209039548,3832_right.jpg
0.003994140625,0.9883863080684596,0.03852130915940664,1,0,0,1,1.767741935483871,3081_left.jpg
0.0158251953125,0.5518358531317494,0.036563628158844765,1,1,0,1,2.3104693140794224,2834_left.jpg
0.93025634765625,0.9998477822130891,0.93025634765625,1,1,1,1,1.0,766_left.jpg
0.0004541015625,0.4731182795698925,0.0012802775311293287,1,0,0,1,2.586497890295359,3853_right.jpg
0.859501953125,0.9999829570631611,0.859501953125,1,1,1,1,1.0,542_right.jpg
0.3758349609375,0.7760325317327305,0.6074100378787879,1,1,0,1,1.6161616161616161,4479_left.jpg
0.024189453125,0.5438029874848607,0.2011858349577648,0,1,0,0,3.789473684210526,2639_right.jpg
0.719453125,0.9994740199804539,0.719453125,1,1,1,1,1.0,1427_right.jpg
0.21078369140625,0.999965252441016,0.6131889204545454,1,1,0,0,2.909090909090909,1482_left.jpg
0.31205078125,0.9805188708768855,0.5241797900262467,1,1,0,1,1.6797900262467191,1604_right.jpg
0.03773193359375,0.953154318990618,0.08863031609854567,1,0,0,0,2.1619718309859155,3414_left.jpg
0.05869873046875,0.9967974046500021,0.5199610726643599,0,1,0,0,7.225,4465_right.jpg
0.10681396484375,0.7091952183950081,0.20055650292462,1,0,0,1,1.5849056603773586,4092_left.jpg
0.0010400390625,0.6737089201877934,0.004506982649174778,0,1,0,0,1.223021582733813,1329_right.jpg
0.12096923828125,0.5326040888817131,0.2921521226415094,1,1,0,1,2.4150943396226414,3177_right.jpg
0.02488525390625,0.761699205336996,0.16419136597938144,1,1,0,0,6.597938144329897,3187_right.jpg
0.04,0.437255859375,0.09411764705882353,1,1,0,0,2.3529411764705883,3696_left.jpg
0.14240478515625,0.8785681222033637,0.25246277700831027,1,1,0,1,1.7728531855955678,3812_left.jpg
0.64655029296875,0.9993845038459069,0.7537198315118397,1,1,0,1,1.1657559198542806,2068_left.jpg
0.02537353515625,0.49167709034927354,0.2574053893402021,1,0,0,0,3.8058252427184467,4387_left.jpg
0.00160400390625,1.0,0.7517162471395881,0,0,0,0,2.4210526315789473,117_right.jpg
0.10820556640625,0.9949685250784053,0.21506696428571428,1,1,0,1,1.9875776397515528,3337_left.jpg
7.080078125e-05,0.7931034482758621,0.054924242424242424,1,0,0,1,4.363636363636363,4580_left.jpg
0.22623291015625,0.7447472076835915,0.4196784420289855,1,1,0,1,1.855072463768116,2071_left.jpg
0.01457763671875,0.7085915257075867,0.2020642978003384,0,0,0,0,5.253333333333333,2233_left.jpg
0.0006494140625,0.5112781954887218,0.013183980967486122,0,0,0,0,0.13402061855670103,4599_right.jpg
0.248916015625,0.9506453764368944,0.30754102316602316,1,1,1,0,1.2355212355212355,3334_left.jpg
0.0285986328125,0.8627283592282738,0.0633326124567474,1,1,0,1,2.2145328719723185,2629_right.jpg
0.36322265625,0.9960141420659246,0.3861503322259136,1,1,1,0,1.06312292358804,3520_left.jpg
0.6480419921875,0.9871985171678509,0.6480419921875,1,1,1,1,1.0,4768_left.jpg
0.0027197265625,0.6956912028725314,0.23828877005347593,0,1,0,0,7.48,114_right.jpg
0.0333203125,0.9955304806565064,0.09520089285714285,1,1,0,1,2.857142857142857,3170_left.jpg
0.02850341796875,0.745610278372591,0.2026909722222222,1,1,0,0,7.111111111111111,4224_right.jpg
0.6264501953125,0.9998558033313327,0.7185091845878137,1,1,0,1,1.146953405017921,922_right.jpg
0.0436279296875,0.5696698377168439,0.313695888775761,1,0,0,0,6.8791208791208796,527_right.jpg
0.03451904296875,0.9779333757691492,0.11806605152185712,1,0,0,1,2.5906976744186045,784_right.jpg
0.3300537109375,0.9929876470153118,0.5361278553299492,1,1,0,1,1.6243654822335025,972_left.jpg
0.01559326171875,0.5317050258337247,0.2189953711640665,0,1,0,0,3.231578947368421,140_left.jpg
0.77168212890625,0.9995380930837349,0.77168212890625,1,1,1,1,1.0,768_right.jpg
0.29811279296875,1.0,0.5101395387700535,1,1,0,0,1.7112299465240641,915_right.jpg
0.041064453125,0.4435790725326992,0.21025,1,1,0,0,5.12,2324_right.jpg
0.141796875,0.5194042699724518,0.3861702127659574,1,1,0,0,2.723404255319149,1134_left.jpg
0.824814453125,0.9999822403239365,0.824814453125,1,1,1,1,1.0,2936_left.jpg
0.07957763671875,0.9314005215523853,0.17996356007067138,1,1,0,1,2.2614840989399294,1223_right.jpg
0.2721484375,0.9935589206258074,0.5048550724637682,1,1,0,1,1.855072463768116,5046_right.jpg
0.1239306640625,0.823391513336748,0.12896849593495935,1,1,0,1,1.0406504065040652,811_left.jpg
0.72953369140625,1.0,0.7458491413738019,1,1,0,1,1.0223642172523961,623_left.jpg
0.1279931640625,0.9495479342311067,0.7617843650101714,1,0,0,0,1.989247311827957,3973_right.jpg
0.66388427734375,0.9998676115280939,0.8480757235528942,1,1,0,0,1.2774451097804391,4554_left.jpg
0.0626611328125,0.5779241019247253,0.16236082995951417,1,1,0,1,2.591093117408907,4876_right.jpg
0.04390380859375,0.5782683645665351,0.23415364583333334,1,1,0,0,5.333333333333333,3865_right.jpg
0.06792236328125,0.4622048093167032,0.12075086805555556,1,1,0,1,1.7777777777777777,875_left.jpg
0.3585009765625,0.9286580133749199,0.3585009765625,1,1,1,1,1.0,4754_left.jpg
0.13224365234375,0.914874370003877,0.1907261869551133,0,1,0,1,1.2173913043478262,328_left.jpg
0.01927734375,0.5030395136778115,0.03650147928994083,1,1,0,1,1.893491124260355,1173_right.jpg
0.0387158203125,0.7666792785975532,0.17981426676191448,0,1,0,1,1.5439330543933054,1679_right.jpg
0.03455810546875,0.8231013776050865,0.26212962962962966,1,0,0,0,4.62962962962963,1247_left.jpg
0.00482666015625,0.960546282245827,0.08528168406522302,0,0,0,1,0.7745664739884393,5098_right.jpg
0.00427734375,0.6575342465753424,0.03636363636363636,1,0,0,0,3.981818181818182,857_left.jpg
0.10490966796875,0.8754974284982896,0.3761467086834734,0,1,0,0,2.2767857142857144,1970_right.jpg
0.05834228515625,0.7366615056283216,0.5611995678925368,0,1,0,0,4.819148936170213,4116_left.jpg
0.01465576171875,0.42495418957188075,0.18673012318029114,0,0,0,0,3.6382978723404253,4059_left.jpg
0.1881298828125,0.9480261621116561,0.4492653917910448,1,1,0,0,2.388059701492537,3670_right.jpg
0.08826416015625,0.6910353221032832,0.17876285601265823,1,1,0,0,2.0253164556962027,1795_left.jpg
0.0256005859375,0.524508868968148,0.45221666379161635,1,0,0,0,0.6631016042780749,2090_right.jpg
0.026123046875,0.7281308411214953,0.1885030741856491,0,1,0,0,4.008403361344538,4807_left.jpg
0.9576611328125,1.0,0.9576611328125,1,1,1,1,1.0,721_right.jpg
0.12474365234375,0.9482532537430277,0.21694916693557975,1,0,0,0,1.5644329896907216,4797_left.jpg
0.03859619140625,0.9440192295527864,0.3479093309859155,1,1,0,0,9.014084507042254,4860_right.jpg
0.1836279296875,0.8877203712074879,0.4937893907563025,1,1,0,1,2.689075630252101,1965_right.jpg
0.92684326171875,1.0,0.92684326171875,1,1,1,1,1.0,728_right.jpg
0.4009619140625,0.9525250557131897,0.695435298102981,1,1,0,0,1.7344173441734418,38_left.jpg
0.98315673828125,1.0,0.98315673828125,1,1,1,1,1.0,2556_left.jpg
0.06640869140625,0.9240469100400721,0.3782908003615882,1,0,0,0,1.8527918781725887,4271_right.jpg
0.20828125,0.9984879032258065,0.4015060240963855,1,1,0,1,1.927710843373494,563_right.jpg
0.094619140625,0.48211889771906286,0.2124780701754386,1,1,0,1,2.245614035087719,1785_left.jpg
0.0,0.0,0.0,0,0,0,0,0.0,3457_left.jpg
0.41185546875,0.8533634466733059,0.41185546875,1,1,1,1,1.0,946_right.jpg
0.02879150390625,0.7116085813618248,0.07923805684337835,1,0,0,1,2.541322314049587,2098_right.jpg
0.1871630859375,0.8859930604471576,0.2434641768292683,1,1,0,1,1.3008130081300813,4937_left.jpg
0.20170654296875,0.5540735181979932,0.32273046875,1,1,0,1,1.6,3760_right.jpg
0.03133544921875,0.6845344760420724,0.17747511061946902,1,1,0,0,5.663716814159292,3292_left.jpg
0.061298828125,0.6708618766926876,0.2343563321385902,0,1,0,0,2.90625,1833_right.jpg
0.02488525390625,0.761699205336996,0.16419136597938144,1,1,0,0,6.597938144329897,3186_right.jpg
0.0,0.0,0.0,0,0,0,0,0.0,5272_left.jpg
0.1613037109375,0.9879673074012411,0.2754351224596144,1,0,0,1,0.9405940594059405,3359_left.jpg
0.003037109375,0.8577170418006431,0.12877846790890268,0,1,0,0,10.733333333333333,2239_left.jpg
0.83702392578125,0.9986991205938544,0.83702392578125,1,1,1,1,1.0,4757_left.jpg
0.26407470703125,0.6471039615402394,0.3780935402684564,1,1,0,0,1.4317673378076063,4116_right.jpg
0.03721435546875,0.998425506790002,0.22259053738317758,1,1,0,0,5.981308411214953,856_right.jpg
0.50046875,0.9978096706212926,0.50046875,1,1,1,1,1.0,2583_right.jpg
0.01375,0.9692826704545454,0.017981316288543936,0,0,0,1,1.2233201581027668,3874_right.jpg
0.58077392578125,0.982882485234462,0.58077392578125,1,1,1,1,1.0,5327_right.jpg
0.59134521484375,0.9992898870837892,0.59134521484375,1,1,1,1,1.0,4922_left.jpg
0.01837890625,0.660201912858661,0.441524926686217,0,1,0,0,4.435483870967742,1575_left.jpg
0.75271728515625,1.0,0.7820439326298702,1,1,0,1,1.0389610389610389,1434_left.jpg
0.10794189453125,0.9305181733879175,0.5233546401515151,1,1,0,0,4.848484848484849,2131_left.jpg
0.54622314453125,0.99974970165331,0.6079701086956522,1,1,0,1,1.1130434782608696,656_left.jpg
0.02997802734375,0.4585878328854141,0.2024366921656555,0,1,0,0,3.2794117647058822,2723_left.jpg
0.7435009765625,0.9993531184942437,0.7435009765625,1,1,1,1,1.0,5167_right.jpg
0.00210205078125,0.502903600464576,0.034166666666666665,0,1,0,0,5.142857142857143,171_left.jpg
0.34821044921875,0.9998177063248894,0.5958681483957219,1,1,0,0,1.7112299465240641,1745_left.jpg
0.1711083984375,0.9985589133350455,0.493285472972973,1,1,0,0,2.8828828828828827,3955_left.jpg
0.7928076171875,0.9915192126478902,0.7928076171875,1,1,1,1,1.0,1917_left.jpg
0.80861328125,0.9998762107195478,0.9015897212543554,1,1,0,1,1.1149825783972125,3107_right.jpg
0.4156494140625,0.7483113069016153,0.42224702380952384,1,1,1,0,1.0158730158730158,5242_right.jpg
0.3220947265625,0.9997574471310543,0.38620063815462075,0,1,1,0,1.0189982728842832,1939_left.jpg
0.05811767578125,0.36698172652804034,0.05811767578125,1,1,1,1,1.0,4620_right.jpg
0.09451171875,0.5242560446373218,0.13905172413793104,1,1,0,0,1.471264367816092,3717_left.jpg
0.0,0.0,0.0,0,0,0,0,0.0,3732_right.jpg
0.0506982421875,0.9406722527207936,0.35268342391304347,1,1,0,1,6.956521739130435,3141_right.jpg
0.95919677734375,1.0,0.95919677734375,1,1,1,1,1.0,772_right.jpg
0.0074462890625,1.0,0.36947304663840097,0,0,0,0,1.9538461538461538,3765_left.jpg
0.3319775390625,0.9999779376075542,0.6766421178343949,1,1,0,0,2.038216560509554,321_left.jpg
0.13822265625,0.9652395082662145,0.21735257985257986,1,1,0,1,1.5724815724815724,4590_left.jpg
0.660361328125,0.9649812927936587,0.660361328125,1,1,1,1,1.0,837_right.jpg
0.04943359375,0.5093836428289213,0.10918895599654875,1,0,0,1,2.0065789473684212,4703_left.jpg
0.8953564453125,0.999713692063544,0.8953564453125,1,1,1,1,1.0,1546_right.jpg
0.06531982421875,0.8843954401046533,0.26158840035588926,1,0,0,0,1.0711974110032363,1243_left.jpg
0.0,0.0,0.0,0,0,0,0,0.0,4102_right.jpg
0.98711181640625,1.0,0.98711181640625,1,1,1,1,1.0,536_right.jpg
0.88705078125,1.0,0.88705078125,1,1,1,1,1.0,4189_right.jpg
0.0,0.0,0.0,0,0,0,0,0.0,152_left.jpg
0.08872802734375,0.9645874033514019,0.19380866040955633,1,1,0,0,2.1843003412969284,3879_right.jpg
0.10586181640625,0.9940038283249925,0.2490866268382353,1,1,0,1,2.3529411764705883,4394_right.jpg
0.00413330078125,0.7235676314235086,0.013114271549854372,1,0,0,1,0.8232323232323232,1728_right.jpg
0.02140869140625,0.8832249971490478,0.28290747193186216,0,0,0,0,4.609756097560975,5333_right.jpg
0.00651611328125,0.4439865118021731,0.08177083333333333,1,1,0,0,12.549019607843137,2387_right.jpg
0.11069580078125,0.32253368915551045,0.18692694591029024,1,1,0,1,1.6886543535620053,1249_right.jpg
0.10859375,0.9898381294964029,0.4373647984267453,1,0,0,1,1.991150442477876,3655_right.jpg
0.76208740234375,1.0,0.76208740234375,1,1,1,1,1.0,1721_right.jpg
0.40634521484375,1.0,0.6453125,1,1,0,0,1.588089330024814,4299_left.jpg
0.13454833984375,0.5191159659596087,0.22250888242894057,1,1,0,1,1.6537467700258397,2295_right.jpg
0.319951171875,0.8850685224185819,0.44131196120689653,1,1,0,1,1.3793103448275863,2525_right.jpg
0.08470458984375,0.9974924340683096,0.28088568652849744,1,1,0,1,3.316062176165803,3478_right.jpg
0.18482666015625,0.9895779671091738,0.34996764053254437,1,1,0,1,1.893491124260355,2654_right.jpg
0.0163427734375,0.9926800119510009,0.07008103184740049,0,0,0,0,3.5950920245398774,1855_left.jpg
0.05380859375,0.8586206896551725,0.07437904967602592,1,1,0,0,1.3822894168466522,2300_right.jpg
0.45572265625,0.9996035657652252,0.5964468302658487,1,1,0,1,1.30879345603272,852_right.jpg
0.24775634765625,0.9822626895675053,0.4747427020958084,1,1,0,0,1.9161676646706587,1094_left.jpg
0.02180908203125,0.7838352177320049,0.11535382231404959,1,1,0,0,5.289256198347108,1075_right.jpg
0.04604248046875,0.6596850310196724,0.1951469370860927,1,1,0,1,4.23841059602649,2060_left.jpg
0.10810546875,0.7577461607949413,0.18303571428571427,1,1,0,1,1.693121693121693,1574_right.jpg
0.0415673828125,0.40784682250675436,0.08779909240924093,1,1,0,1,2.112211221122112,1881_right.jpg
0.2634326171875,0.9997683082797353,0.33928885870248787,1,0,0,0,1.251984126984127,42_left.jpg
0.00203369140625,0.907563025210084,0.09370078740157481,1,0,0,1,45.357142857142854,1268_right.jpg
0.0115673828125,1.0,0.6262225746761829,0,0,0,0,1.2435897435897436,2125_right.jpg
0.16839111328125,0.9964478854044336,0.23537059787059786,0,1,0,1,1.195959595959596,2345_left.jpg
0.05773681640625,0.9987314474184955,0.17557314248381542,1,0,0,1,2.6371681415929205,518_left.jpg
0.2928125,0.755653014941302,0.3675151604293642,1,0,0,1,1.1068139963167587,2516_right.jpg
0.02901123046875,0.849869561558529,0.22688305489260144,0,0,0,0,3.352,2260_left.jpg
0.00761474609375,1.0,0.5121510673234811,1,0,0,0,1.2428571428571429,265_left.jpg
0.03791748046875,0.9790741098448265,0.4036017775005847,0,0,0,0,3.772277227722772,3076_right.jpg
0.8432958984375,1.0,0.8432958984375,1,1,1,1,1.0,1422_left.jpg
0.06037841796875,0.6419069184424406,0.09857700892857142,1,1,0,1,1.6326530612244898,520_right.jpg
0.7249462890625,0.9989930557894241,0.7249462890625,1,1,1,1,1.0,185_left.jpg
0.6341015625,0.9998421425491283,0.6341015625,1,1,1,1,1.0,762_right.jpg
0.03222900390625,0.45716233618665253,0.11089549731182796,1,1,0,0,3.4408602150537635,2635_left.jpg
0.05766845703125,0.9441175225434995,0.14140924329501917,1,1,0,0,2.4521072796934864,2435_right.jpg
0.12192626953125,0.8591938487415149,0.15181481031128405,1,1,0,0,1.245136186770428,2346_right.jpg
0.140888671875,0.44156789353295905,0.140888671875,1,1,1,1,1.0,5045_left.jpg
0.9866845703125,0.9999455642267894,0.9866845703125,1,1,1,1,1.0,4234_right.jpg
0.3288330078125,0.9995396837181676,0.4535627693965517,1,1,0,1,1.3793103448275863,2587_right.jpg
0.946591796875,0.9970597641621359,0.946591796875,1,1,1,1,1.0,4254_right.jpg
0.5743505859375,0.9991413536007889,0.7922077047413794,1,1,0,1,1.3793103448275863,346_left.jpg
0.9945556640625,0.9998478042074772,0.9945556640625,1,1,1,1,1.0,4246_right.jpg
0.13323486328125,0.8790977223168966,0.312345467032967,1,1,0,0,2.3443223443223444,2103_left.jpg
0.0477587890625,0.5516818321235047,0.2883549528301887,1,1,0,0,6.037735849056604,1510_right.jpg
0.53671142578125,0.8899366348703812,0.53671142578125,1,1,1,1,1.0,2603_right.jpg
0.8851025390625,0.9999751750161362,0.8851025390625,1,1,1,1,1.0,1924_right.jpg
0.08363525390625,0.4811863268820971,0.21240699404761904,1,1,0,1,2.5396825396825395,1182_right.jpg
0.254912109375,0.575949124621691,0.41512404580152673,1,1,0,0,1.6284987277353689,4656_left.jpg
0.019619140625,0.5387008461921354,0.2245696400625978,0,1,0,0,6.902777777777778,2896_left.jpg
0.44168212890625,0.9767125634973717,0.576424069790412,1,0,0,1,1.0644567219152854,4111_right.jpg
0.1849169921875,0.5296929048612394,0.33150385154061623,1,1,0,1,1.792717086834734,869_right.jpg
0.14482666015625,0.9636047942549856,0.48272017837235226,1,0,0,0,1.374581939799331,4939_left.jpg
0.71036865234375,0.7358875748796255,0.71036865234375,1,1,1,1,1.0,1740_left.jpg
0.92634765625,1.0,0.92634765625,1,1,1,1,1.0,3920_left.jpg
0.2556689453125,0.6567387941406773,0.2556689453125,1,1,1,1,1.0,2789_right.jpg
0.14869140625,0.6389235518192565,0.28663403614457833,1,1,0,1,1.927710843373494,903_left.jpg
0.4923095703125,0.9969997520456236,0.7936476700251889,1,1,0,1,1.6120906801007557,3661_right.jpg
0.0,0.0,0.0,0,0,0,0,0.0,203_right.jpg
0.87130615234375,1.0,0.87130615234375,1,1,1,1,1.0,3054_right.jpg
0.02537353515625,0.6947945732704706,0.1338355546970575,0,0,0,0,3.232258064516129,4139_left.jpg
0.0465380859375,0.4416115832546427,0.048194781553398056,1,1,0,1,1.035598705501618,4147_left.jpg
0.1000537109375,0.5527060660777903,0.1725993935309973,1,1,0,1,1.725067385444744,3631_left.jpg
0.06179931640625,0.4703907083316873,0.09623251216545012,1,1,0,1,1.5571776155717763,4865_right.jpg
0.08640380859375,1.0,0.6213307584269663,1,1,0,0,7.191011235955056,4203_left.jpg
0.32855712890625,0.5448107774731195,0.4551440746753247,1,1,0,1,1.3852813852813852,1864_left.jpg
0.04452880859375,0.22457371566423598,0.07950914361690534,1,0,0,0,1.648793565683646,2895_left.jpg
0.02730224609375,0.8885808816954306,0.09905576814058957,0,0,0,1,2.938775510204082,5300_right.jpg
0.00041259765625,0.44970414201183434,0.1212338593974175,0,0,0,0,1.2058823529411764,4346_left.jpg
0.00337646484375,0.9891540130151844,0.05447455490783047,1,0,0,0,13.113636363636363,3466_right.jpg
0.0386474609375,0.5602021478205939,0.2247557928214448,0,0,0,0,3.492957746478873,3701_left.jpg
0.29075927734375,0.9863386372223855,0.29075927734375,1,1,1,1,1.0,1749_right.jpg
0.176259765625,0.7208848135630783,0.3106968257247125,1,0,0,0,1.6436170212765957,1097_left.jpg
0.0,0.0,0.0,0,0,0,0,0.0,230_right.jpg
0.0714892578125,0.48128543132299706,0.4357440476190476,1,1,0,0,6.095238095238095,2373_right.jpg
0.07918212890625,0.5635926371288502,0.2895803571428571,1,1,0,0,3.657142857142857,3458_right.jpg
0.03763916015625,0.5918142310436532,0.11581280048076924,1,1,0,0,3.076923076923077,4999_left.jpg
0.0,0.0,0.0,0,0,0,0,0.0,4106_left.jpg
0.17224609375,0.7976527951014855,0.3854458041958042,1,1,0,1,2.237762237762238,915_left.jpg
0.2686865234375,0.9693332364112163,0.29773373480612164,1,0,0,1,0.9836867862969005,5204_left.jpg
0.01553955078125,0.5358994501178319,0.15292026043293372,0,0,0,0,3.635514018691589,4002_left.jpg
0.00219482421875,1.0,0.606612685560054,0,0,0,0,0.9743589743589743,154_right.jpg
0.0950439453125,0.7091959928076034,0.19749391233766234,1,1,0,1,2.0779220779220777,5214_right.jpg
6.34765625e-05,0.8076923076923077,0.2708333333333333,1,0,0,0,2.6666666666666665,82_left.jpg
0.6000732421875,0.9931730338907198,0.7371341170825336,1,1,0,1,1.2284069097888675,681_right.jpg
0.3258447265625,0.9729668979365531,0.7695226014760148,1,1,0,0,2.3616236162361623,2474_right.jpg
0.0649462890625,0.5197729494023006,0.25978515625,1,1,0,0,4.0,3506_right.jpg
0.24286376953125,0.6074670526855454,0.32114217458677685,1,1,0,1,1.322314049586777,1705_right.jpg
0.02702392578125,0.5922847592375101,0.27740464137135984,0,1,0,0,1.9788732394366197,301_right.jpg
0.0085693359375,0.6356125356125356,0.03502854177477945,1,0,0,0,3.725609756097561,5287_right.jpg
0.20143310546875,0.999139466954319,0.31443216463414636,1,1,0,1,1.5609756097560976,1933_right.jpg
0.21884033203125,0.41540881555607617,0.26426002358490563,1,1,1,0,1.2075471698113207,2468_left.jpg
0.037998046875,0.37124132613723976,0.12594372830335251,1,0,0,1,3.120603015075377,3932_right.jpg
0.33973388671875,0.9997269232151198,0.525192481884058,1,1,0,1,1.5458937198067633,4470_right.jpg
0.05013916015625,1.0,0.670683517847229,1,0,0,1,0.9774011299435028,1242_right.jpg
0.02480224609375,0.3295599960626046,0.13180839193502347,0,1,0,0,2.432584269662921,1471_left.jpg
0.32037841796875,0.9938198693866354,0.7622386152416357,1,1,0,0,2.379182156133829,614_right.jpg
0.00029052734375,1.0,0.4722222222222222,0,0,0,0,1.75,2732_left.jpg
0.1704638671875,0.9978660021196758,0.4346489043824701,1,1,0,0,2.549800796812749,3978_left.jpg
0.0216552734375,0.8927846674182638,0.12611254869622088,1,0,0,1,1.098814229249012,3245_right.jpg
0.719453125,1.0,0.8526851851851852,1,1,0,1,1.1851851851851851,4550_left.jpg
0.0280419921875,0.9468918683614835,0.0915656887755102,1,1,0,1,3.2653061224489797,3682_left.jpg
0.01501953125,0.932704811443433,0.10408947092364178,0,1,0,0,6.03030303030303,2630_right.jpg
0.01486083984375,0.5689173648759652,0.13153970826580227,1,0,0,0,8.226666666666667,463_left.jpg
0.59052734375,1.0,0.8492977528089888,1,1,0,1,1.4382022471910112,2152_left.jpg
0.7564892578125,0.9990189054341021,0.8770889945652174,1,1,0,1,1.1594202898550725,4748_left.jpg
0.0296826171875,0.35104457970060865,0.05774126139817629,1,1,0,0,1.9452887537993921,1821_left.jpg
0.00128173828125,1.0,0.65625,0,0,0,0,0.78125,1266_left.jpg
0.264658203125,0.9531290358289362,0.39667740046838407,1,1,0,1,1.4988290398126465,3050_right.jpg
0.050380859375,0.26269625896491566,0.27981016949152543,0,0,0,0,4.72,3288_left.jpg
0.20515380859375,0.9977508300508146,0.3366060198203828,1,0,0,0,1.4565217391304348,2932_right.jpg
0.9568798828125,1.0,0.9568798828125,1,1,1,1,1.0,2154_left.jpg
0.1636376953125,0.9497956017068003,0.3740290178571429,1,1,0,0,2.2857142857142856,2805_left.jpg
0.03417724609375,0.9708550610757911,0.35865443738471,0,1,0,0,2.7563025210084033,4645_right.jpg
0.392158203125,0.9466718131334512,0.45632954545454546,1,1,0,1,1.1636363636363636,5303_left.jpg
0.0754931640625,0.533083241704935,0.09220539122137404,1,1,0,1,1.2213740458015268,2058_right.jpg
0.0,0.0,0.0,0,0,0,0,0.0,3093_left.jpg
0.26988037109375,0.9898048723121319,0.26988037109375,1,1,1,1,1.0,811_right.jpg
0.63854248046875,1.0,0.6811119791666667,1,1,0,0,1.0666666666666667,27_right.jpg
0.00751708984375,0.536537836960052,0.16775634739021467,1,0,0,0,3.8550724637681157,1972_left.jpg
0.0,0.0,0.0,0,0,0,0,0.0,1352_right.jpg
0.50392822265625,0.9989244655029578,0.5111157884310618,0,1,1,1,0.9859375,1143_left.jpg
0.09051025390625,0.9918808836619643,0.22109375,1,1,0,1,2.4427480916030535,2400_left.jpg
0.04185791015625,0.7031204432779236,0.09432768485915492,1,1,0,0,2.2535211267605635,3283_right.jpg
0.16161865234375,0.9999546820948957,0.42237875568656724,0,1,0,0,2.198501872659176,2871_left.jpg
0.03823974609375,0.3730447551554619,0.09166081460674157,1,1,0,1,2.397003745318352,1051_right.jpg
0.0096435546875,0.5139240506329114,0.017661524703778225,0,1,0,0,1.232394366197183,147_left.jpg
0.3031982421875,1.0,0.8257313829787234,1,1,0,0,2.723404255319149,5329_left.jpg
0.6924169921875,0.9994076456028264,0.6924169921875,1,1,1,1,1.0,1905_right.jpg
0.43750244140625,0.8613121578562619,0.595748005319149,1,1,0,1,1.3617021276595744,38_right.jpg
0.14449462890625,0.7566275238658444,0.43012354651162793,1,1,0,0,2.9767441860465116,4422_left.jpg
0.13759765625,0.8050035486160397,0.19833896396396397,1,1,0,1,1.4414414414414414,4294_left.jpg
0.00172119140625,0.7957446808510639,0.006758052147239264,1,1,0,0,3.9263803680981595,805_left.jpg
0.0015576171875,0.4717868338557994,0.02432329393823866,0,0,0,0,14.186046511627907,236_right.jpg
0.064384765625,0.41953587137873505,0.27655201342281877,1,1,0,0,4.295302013422819,4033_left.jpg
0.7148876953125,1.0,0.7148876953125,1,1,1,1,1.0,2555_left.jpg
0.0155810546875,0.5050141021623316,0.11730539472474956,1,0,0,0,3.9743589743589745,2453_left.jpg
0.00051513671875,0.35545023696682465,0.20932539682539683,0,0,0,1,3.111111111111111,641_right.jpg
0.09592041015625,0.38023365318536995,0.12657538659793816,1,1,0,1,1.3195876288659794,3820_right.jpg
0.3065869140625,0.9979534631862269,0.3705327636672647,0,1,0,1,1.1452205882352942,1277_right.jpg
0.00904541015625,0.5843454790823212,0.10143737166324435,0,1,0,0,6.493333333333333,3881_left.jpg
0.54597412109375,0.9999776417401881,0.7189782664609053,1,1,0,1,1.316872427983539,658_right.jpg
0.25060302734375,0.9765312186425322,0.477339099702381,1,1,0,1,1.9047619047619047,264_right.jpg
0.13028564453125,0.7508104562915768,0.20639310024752475,1,1,0,1,1.5841584158415842,3872_left.jpg
0.04497314453125,0.8320395201129146,0.1703125,1,1,0,0,3.78698224852071,1015_right.jpg
0.0234423828125,0.5054155384294938,0.12391276293715318,1,0,0,0,5.121951219512195,4563_left.jpg
0.7568994140625,1.0,0.812777894295302,1,1,0,1,1.0738255033557047,1432_left.jpg
0.00508056640625,0.9817395482940894,0.015939031862745097,1,1,0,1,3.1372549019607843,2390_left.jpg
0.04554931640625,0.38864769255507314,0.30685855263157896,1,1,0,0,6.7368421052631575,2306_right.jpg
0.44196044921875,0.997696476216255,0.5315662127004822,1,0,1,0,1.1765799256505576,3996_right.jpg
0.5730078125,0.9999360897130002,0.8131374722838137,1,1,0,0,1.419068736141907,3441_right.jpg
0.0001513671875,0.6451612903225806,0.1409090909090909,0,0,0,0,4.4,143_left.jpg
0.0,0.0,0.0,0,0,0,0,0.0,2183_left.jpg
0.5193505859375,0.9995675187800269,0.7257300764192139,1,1,0,0,1.3973799126637554,369_right.jpg
0.01610595703125,0.7691374867363954,0.35193384902640706,0,0,0,0,1.4173913043478261,2207_right.jpg
0.19064453125,0.9925084520028685,0.34081703910614525,1,1,0,1,1.7877094972067038,5219_right.jpg
0.0707421875,0.2936223081170624,0.1818273092369478,1,1,0,0,2.570281124497992,1512_right.jpg
0.61277587890625,0.9995059623176742,0.751296096743295,1,1,0,0,1.2260536398467432,674_right.jpg
0.09835693359375,0.5778538982798421,0.166090864116095,1,1,0,0,1.6886543535620053,4147_right.jpg
0.0002734375,0.4017857142857143,0.01969057665260197,0,0,0,1,70.22222222222223,1267_left.jpg
0.049404296875,0.9974303221980628,0.2996949142501703,0,1,0,0,6.009433962264151,4470_left.jpg
0.805673828125,0.9983182022036097,0.805673828125,1,1,1,1,1.0,3903_left.jpg
0.01335693359375,0.8296472308535917,0.4639586160108548,1,0,0,0,6.090909090909091,547_left.jpg
0.0,0.0,0.0,0,0,0,0,0.0,1278_right.jpg
0.00560546875,0.9337979094076655,0.18118686868686867,1,0,0,0,0.18181818181818182,301_left.jpg
0.9640234375,1.0,0.9640234375,1,1,1,1,1.0,3974_right.jpg
0.151494140625,0.839553922516599,0.22391743648960738,1,1,0,1,1.4780600461893765,13_right.jpg
0.0005908203125,0.8305785123966942,0.0010896974063400577,1,1,0,1,1.8443804034582132,110_right.jpg
0.27328369140625,0.9007745428231952,0.3095602876106195,1,1,0,1,1.1327433628318584,1682_right.jpg
0.15602783203125,0.9161307484078924,0.27640627297654985,1,0,0,1,1.5518134715025906,3775_left.jpg
0.42255126953125,0.9999248889222716,0.5323480561023622,1,1,0,0,1.2598425196850394,3056_right.jpg
0.70559814453125,1.0,0.7427348889802632,1,0,1,1,0.95,4309_left.jpg
0.103974609375,1.0,0.8360259908521623,0,1,0,0,3.479338842975207,5010_left.jpg
0.067119140625,0.6668121635384839,0.17976381968692376,1,0,0,1,1.1866295264623956,3854_left.jpg
0.40177001953125,0.5606903047428068,0.40177001953125,1,1,1,1,1.0,4616_right.jpg
0.1000537109375,1.0,0.6758691206543967,0,1,0,0,2.2822085889570554,4497_left.jpg
0.26249267578125,0.9844210682961764,0.30881491268382355,1,1,0,0,1.1764705882352942,3764_right.jpg
0.102255859375,0.7004822844045459,0.18078383977900553,1,1,0,1,1.7679558011049723,2353_right.jpg
0.05882568359375,0.3897074081759701,0.5062612934403496,0,1,0,0,4.235849056603773,513_right.jpg
0.997333984375,1.0,0.997333984375,1,1,1,1,1.0,3020_right.jpg
0.02897705078125,0.4464571573005308,0.1520107581967213,1,1,0,0,5.245901639344262,3175_left.jpg
0.5606103515625,0.9979749679914296,0.7204631024096385,1,1,0,1,1.285140562248996,4531_left.jpg
0.062744140625,0.6573540856031128,0.07069762323943662,1,1,0,0,1.1267605633802817,4610_left.jpg
0.28150146484375,0.4375428219560636,0.28150146484375,1,1,1,1,1.0,913_left.jpg
0.00319580078125,0.640183346065699,0.013008695652173913,1,0,0,0,3.8819875776397517,3094_right.jpg
0.0848583984375,0.6115426664365038,0.17334969178287152,1,0,0,1,1.7243401759530792,2115_left.jpg
0.986005859375,1.0,0.986005859375,1,1,1,1,1.0,534_left.jpg
0.5998681640625,0.9878716840451597,0.5998681640625,1,1,1,1,1.0,3781_right.jpg
0.1171533203125,0.5905264035343641,0.26034071180555557,1,1,0,0,2.2222222222222223,5113_left.jpg
0.023046875,0.313771186440678,0.09394904458598727,1,1,0,0,4.076433121019108,600_right.jpg
0.009013671875,0.8621343445287107,0.1503869653767821,0,0,0,0,9.82,1298_left.jpg
0.02990234375,0.5437622468974527,0.14721153846153845,1,1,0,0,4.923076923076923,1432_right.jpg
0.1452197265625,0.8129686291651256,0.4383991745283019,1,1,0,0,3.018867924528302,1533_left.jpg
0.100732421875,0.6552108579738245,0.1458569004524887,1,1,0,1,1.4479638009049773,1991_left.jpg
0.00050048828125,1.0,0.7884615384615384,0,0,0,0,2.6,381_right.jpg
0.22564697265625,0.9997836083310793,0.3436205729921851,1,0,1,0,0.7832764505119454,1146_left.jpg
0.17099609375,0.6311536264991433,0.4637182203389831,1,1,0,0,2.711864406779661,1463_right.jpg
0.218486328125,0.7469941447280204,0.39724786931818185,1,1,0,1,1.8181818181818181,2360_left.jpg
0.0696484375,0.6493620302860348,0.34554263565891474,1,1,0,0,4.961240310077519,1652_left.jpg
0.01470947265625,0.549045643153527,0.25831761275938947,1,0,0,0,2.4285714285714284,554_right.jpg
0.0494580078125,0.7745581992299339,0.2302464084378978,0,1,0,0,4.425531914893617,1443_left.jpg
0.247841796875,0.6633732613578155,0.4077602827763496,1,1,0,1,1.6452442159383034,1103_left.jpg
0.0040380859375,0.6408706166868199,0.09828856667458997,1,0,0,0,21.464285714285715,2212_right.jpg
0.00061279296875,0.5617529880478087,0.1851032448377581,1,0,0,0,9.416666666666666,4686_right.jpg
0.2108251953125,0.9594344211038284,0.27877711776859504,1,1,0,0,1.322314049586777,2283_right.jpg
0.015791015625,0.5035559678416821,0.20047111331515002,0,0,0,0,5.891891891891892,5282_right.jpg
0.11615234375,0.995081553724567,0.19666005291005292,1,1,0,1,1.693121693121693,286_left.jpg
0.96368408203125,1.0,0.96368408203125,1,1,1,1,1.0,2556_right.jpg
0.0571630859375,0.561074570769625,0.14932397959183674,1,1,0,1,2.6122448979591835,4749_right.jpg
0.19211669921875,0.4022569290007752,0.19211669921875,1,1,1,1,1.0,2010_right.jpg
0.0,0.0,0.0,0,0,0,0,0.0,3799_left.jpg
0.04376953125,0.37327086122266845,0.2866645346977934,0,1,0,0,5.566037735849057,2630_left.jpg
0.0170166015625,1.0,0.751725625539258,1,0,0,0,1.605263157894737,2511_right.jpg
0.21215576171875,0.5247931506691677,0.21215576171875,1,1,1,1,1.0,4211_left.jpg
0.10568115234375,0.5851179337907455,0.235665287456446,1,1,0,1,2.229965156794425,912_right.jpg
0.0,0.0,0.0,0,0,0,0,0.0,3908_right.jpg
0.00039306640625,1.0,0.5590277777777778,0,0,0,0,0.5,2828_left.jpg
0.06225830078125,0.9990980745853104,0.31374261811023624,1,1,0,1,5.039370078740157,2126_left.jpg
0.17059326171875,0.498304114490161,0.20561146421845575,1,1,1,0,1.2052730696798493,1460_left.jpg
0.06305419921875,0.7268362566306579,0.30805104961832064,1,1,0,0,4.885496183206107,1955_left.jpg
0.05978271484375,0.8729529954669825,0.2694432218309859,1,1,0,0,4.507042253521127,3587_right.jpg
0.945703125,1.0,0.945703125,1,1,1,1,1.0,2638_left.jpg
0.264541015625,0.6922459300823213,0.264541015625,1,1,1,1,1.0,5104_right.jpg
0.92588623046875,1.0,0.92588623046875,1,1,1,1,1.0,3262_left.jpg
0.05913818359375,0.9654460636585064,0.3342578793398466,0,0,0,0,2.1639344262295084,1671_right.jpg
0.23927978515625,0.7037108836943546,0.28306665896487987,1,1,0,1,1.1829944547134936,2288_left.jpg
0.85917236328125,1.0,0.85917236328125,1,1,1,1,1.0,1990_left.jpg
0.01436279296875,0.33843277239503655,0.046076127819548875,0,0,0,0,1.5719298245614035,2936_right.jpg
0.01856689453125,0.71689677843524,0.0560526548542115,0,1,0,1,2.9626168224299065,2257_left.jpg
0.02414306640625,0.44979269895843865,0.050312385526476454,0,1,0,1,2.032154340836013,1193_right.jpg
0.523544921875,0.9995756467889053,0.6880261806981519,1,1,0,1,1.3141683778234086,1002_right.jpg
0.54521728515625,1.0,0.695097734063745,1,1,0,0,1.2749003984063745,5035_right.jpg
0.061845703125,0.941654823938102,0.24871626199055483,1,0,0,0,3.17877094972067,1653_left.jpg
0.00904541015625,0.5843454790823212,0.10143737166324435,0,1,0,0,6.493333333333333,3880_left.jpg
0.24984619140625,0.9645289582457958,0.48602298632218843,1,1,0,0,1.9452887537993921,5044_right.jpg
0.25339599609375,0.981356765037431,0.4884742093373494,1,1,0,1,1.927710843373494,4434_right.jpg
0.0098828125,0.5466897233201581,0.48771084337349396,0,0,0,0,3.32,83_right.jpg
0.94577880859375,0.9999870931436198,0.94577880859375,1,1,1,1,1.0,4213_right.jpg
0.22853759765625,0.9941779102436732,0.5945693597560976,1,1,0,0,2.6016260162601625,941_left.jpg
0.08885986328125,0.6879687886364261,0.20908203125,1,1,0,0,2.3529411764705883,10_left.jpg
0.28500244140625,0.9814454714443578,0.5317829810495627,1,1,0,0,1.8658892128279883,1885_left.jpg
0.57392333984375,0.999766036098503,0.57392333984375,1,1,1,1,1.0,2908_left.jpg
0.01979736328125,0.43889505487729685,0.36986863711001644,0,1,0,0,2.896551724137931,1194_left.jpg
0.02414306640625,0.44979269895843865,0.050312385526476454,0,1,0,1,2.032154340836013,1192_right.jpg
0.16546875,0.806229343720491,0.2941666666666667,1,1,0,1,1.7777777777777777,5060_right.jpg
0.4454541015625,0.9164903703866095,0.4454541015625,1,1,1,1,1.0,2541_left.jpg
0.5756005859375,0.9995291942010298,0.6613723070017953,1,1,0,1,1.1490125673249552,4944_right.jpg
0.2755078125,1.0,0.7196938775510204,1,1,0,0,2.6122448979591835,1792_right.jpg
0.020498046875,0.49190090519294905,0.12035550458715596,1,1,0,0,5.871559633027523,4569_left.jpg
0.1577490234375,0.6157024793388429,0.23924022511848342,1,1,0,1,1.5165876777251184,3808_right.jpg
0.05220703125,0.7040778151889263,0.22576013513513513,1,1,0,0,4.324324324324325,3549_left.jpg
0.63496826171875,1.0,0.7638715930451128,1,1,0,0,1.2030075187969924,4679_left.jpg
0.1638232421875,0.8495424875562576,0.3854908111151325,1,0,0,0,1.8469055374592833,421_right.jpg
0.14019287109375,0.9588666562178918,0.47980447860962566,1,1,0,0,3.4224598930481283,3613_left.jpg
9.765625e-05,1.0,0.8333333333333334,1,0,0,0,1.3333333333333333,2219_left.jpg
0.10748291015625,0.8739352640545145,0.2718935276679842,1,1,0,0,2.5296442687747036,1668_right.jpg
0.01672607421875,0.4241716537731718,0.14925925925925926,0,0,0,0,6.352941176470588,3345_left.jpg
0.2170849609375,0.898918104320835,0.27080249733516065,1,0,0,1,1.0854545454545454,1641_left.jpg
0.4158447265625,0.9730229554394411,0.4158447265625,1,1,1,1,1.0,3507_right.jpg
0.0773779296875,0.3994762415599167,0.17783638199977556,1,0,0,1,1.5880597014925373,5292_left.jpg
0.0158251953125,0.5518358531317494,0.036563628158844765,1,1,0,1,2.3104693140794224,2836_left.jpg
0.38630859375,0.556695232317104,0.43527728873239435,1,1,0,1,1.1267605633802817,5261_right.jpg
0.0,0.0,0.0,0,0,0,0,0.0,2422_left.jpg
0.5071923828125,0.9958458887295062,0.5071923828125,1,1,1,1,1.0,2162_left.jpg
0.75304443359375,0.9988879775131546,0.8530060840707965,1,1,0,1,1.1327433628318584,2353_left.jpg
0.6649462890625,0.8337910574896645,0.6649462890625,1,1,1,1,1.0,2197_right.jpg
0.92597412109375,0.9999894536739445,0.92597412109375,1,1,1,1,1.0,3274_left.jpg
0.3620849609375,0.8771424718495044,0.3620849609375,1,1,1,1,1.0,2543_left.jpg
0.001767578125,1.0,0.8274285714285714,0,1,0,0,1.4,1355_right.jpg
0.0,0.0,0.0,0,0,0,0,0.0,4096_left.jpg
0.67771484375,1.0,0.67771484375,1,1,1,1,1.0,818_left.jpg
0.2995751953125,0.9079670105781298,0.320615593645485,1,1,0,0,1.0702341137123745,1544_right.jpg
0.027353515625,0.735362370581935,0.0742139114652677,1,0,0,1,2.0256410256410255,2006_right.jpg
0.13205078125,0.6050140511758616,0.18174731182795698,1,1,0,1,1.3763440860215055,3761_left.jpg
0.01426025390625,0.6060606060606061,0.06835176408636125,1,0,0,1,1.919431279620853,4347_right.jpg
0.1986328125,0.9816740412979351,0.5253099173553719,1,1,0,1,2.644628099173554,1237_right.jpg
0.19435791015625,0.5245009986308081,0.21595323350694445,1,1,0,1,1.1111111111111112,1894_left.jpg
0.1930126953125,0.6010523919147968,0.32940833333333336,1,1,0,1,1.7066666666666668,1496_right.jpg
0.27883544921875,0.9903336806437208,0.2828125,0,1,1,1,0.9859375,3518_left.jpg
0.5806787109375,0.9907082734206167,0.6418555699481865,1,1,0,1,1.1053540587219344,3_right.jpg
0.182470703125,0.9345062884666845,0.30509733805225925,1,0,0,0,1.6356589147286822,2842_right.jpg
0.04134033203125,0.9778538947617079,0.10447245513045947,1,0,0,1,2.3793103448275863,2120_right.jpg
0.099423828125,0.5562076416854926,0.14331362612612614,1,1,0,1,1.4414414414414414,3713_left.jpg
0.0063134765625,0.5092807424593968,0.02232389502762431,1,1,0,1,3.5359116022099446,426_right.jpg
0.0,0.0,0.0,0,0,0,0,0.0,3096_left.jpg
0.01995361328125,0.8486479872751743,0.1773654513888889,1,1,0,0,8.88888888888889,2303_right.jpg
0.1013525390625,0.8384641325817797,0.10883494127516778,1,0,1,1,0.93125,4728_right.jpg
0.01904296875,0.5223076923076924,0.08198272056505014,1,0,0,0,3.859872611464968,3885_right.jpg
0.59499267578125,0.9986992683897599,0.59499267578125,1,1,1,1,1.0,5119_right.jpg
0.08386962890625,0.5295316275143365,0.17952027591973244,1,1,0,1,2.140468227424749,1179_right.jpg
0.02632568359375,0.4635073727163127,0.12034598214285715,1,1,0,0,4.571428571428571,524_right.jpg
0.01798095703125,0.3627970128988459,0.11035361102786935,0,0,0,0,3.3098591549295775,485_right.jpg
0.035791015625,0.30266030013642564,0.18622967479674796,1,1,0,0,5.203252032520325,2612_left.jpg
0.039228515625,0.42071197411003236,0.2057994774322455,0,1,0,0,4.549618320610687,2018_right.jpg
0.09840576171875,0.5170069714937852,0.22654563848920864,1,1,0,1,2.302158273381295,513_left.jpg
0.02294677734375,0.7612511969358442,0.2494824016563147,0,1,0,0,6.1923076923076925,1061_right.jpg
0.05144775390625,0.9904142741897215,0.3539301310043668,1,0,0,1,1.1353711790393013,2173_left.jpg
0.1433203125,0.5568445080403379,0.2439494680851064,1,1,0,1,1.702127659574468,2598_right.jpg
0.50312255859375,0.9163233517243388,0.725221706081081,1,1,0,1,1.4414414414414414,954_right.jpg
0.0,0.0,0.0,0,0,0,0,0.0,2752_left.jpg
0.1183642578125,0.9951734664411535,0.572768621891429,0,1,0,0,4.644444444444445,4020_right.jpg
0.0,0.0,0.0,0,0,0,0,0.0,175_right.jpg
0.0582568359375,0.8037884502556366,0.13036494755244754,1,1,0,1,2.237762237762238,4259_right.jpg
0.11507568359375,0.9495067359711467,0.2707663143382353,1,1,0,0,2.3529411764705883,965_right.jpg
0.842470703125,1.0,0.842470703125,1,1,1,1,1.0,3024_right.jpg
0.00093994140625,1.0,0.630114566284779,0,0,0,1,3.6153846153846154,87_left.jpg
0.223779296875,0.9938468252236526,0.36075251889168763,1,1,0,0,1.6120906801007557,3130_right.jpg
0.09607421875,0.997712949786542,0.17917243388941503,1,0,0,1,1.221698113207547,3872_right.jpg
0.0614453125,0.7599332485696122,0.3121031746031746,1,1,0,0,5.079365079365079,3564_left.jpg
0.0081005859375,1.0,0.7694805194805194,0,1,0,0,1.375,2862_right.jpg
0.00023193359375,1.0,0.7983193277310925,1,0,0,1,0.4117647058823529,4052_left.jpg
0.8016943359375,0.9996071552558973,0.8016943359375,1,1,1,1,1.0,3692_right.jpg
0.2238671875,0.9891162100854999,0.29602272727272727,1,1,0,1,1.322314049586777,5191_right.jpg
0.0,0.0,0.0,0,0,0,0,0.0,3002_left.jpg
0.53249267578125,0.9831277022039439,0.53249267578125,1,1,1,1,1.0,3325_left.jpg
0.2238671875,0.9891162100854999,0.29602272727272727,1,1,0,1,1.322314049586777,5190_right.jpg
0.08211181640625,0.9868878779769868,0.1684344951923077,1,1,0,1,2.051282051282051,4803_right.jpg
0.07867431640625,0.7653374709076803,0.19440757722007723,1,1,0,1,2.471042471042471,2121_right.jpg
0.2038916015625,0.6746054553727518,0.28592459703373,1,0,0,1,1.0281425891181988,698_left.jpg
0.0,0.0,0.0,0,0,0,0,0.0,3002_right.jpg
0.42135498046875,0.9993104926790546,0.5215999758220503,1,1,0,0,1.2379110251450678,1912_right.jpg
0.3154345703125,0.8887246327456231,0.3823449337121212,1,1,0,1,1.2121212121212122,2785_right.jpg
0.10066162109375,0.8974800514176227,0.19346377627627628,1,1,0,0,1.921921921921922,2261_left.jpg
0.002080078125,0.9988262910798122,0.060016906170752324,0,0,0,0,0.4970414201183432,88_left.jpg
0.0031640625,0.783179012345679,0.11449774715080838,0,0,0,0,1.9090909090909092,3537_left.jpg
0.0007177734375,0.47278911564625853,0.03493761140819964,0,0,0,0,7.7272727272727275,237_right.jpg
0.13106689453125,0.9281736052901183,0.24599065249266863,1,1,0,1,1.8768328445747802,4010_left.jpg
0.00019287109375,0.7215189873417721,0.12153846153846154,0,0,0,1,3.8461538461538463,3621_right.jpg
0.0626611328125,0.5779241019247253,0.16236082995951417,1,1,0,1,2.591093117408907,4874_right.jpg
0.27802490234375,0.6161803317556354,0.28199039223454836,1,1,0,1,1.0142630744849446,1707_left.jpg
0.03499267578125,0.8940905602455871,0.13002104575637724,1,0,0,1,2.3410138248847927,5222_right.jpg
0.58946533203125,0.8551057176582658,0.58946533203125,1,1,1,1,1.0,2198_right.jpg
0.03068115234375,0.6851277154452137,0.0779203869047619,1,1,0,0,2.5396825396825395,1764_right.jpg
0.2120263671875,0.9990788291919029,0.37589162049861496,1,1,0,1,1.7728531855955678,870_right.jpg
0.01210693359375,0.3042952208106473,0.10993371610986721,0,1,0,0,7.227848101265823,5149_right.jpg
0.68609619140625,0.9989075705008451,0.7799317273534636,1,1,0,1,1.1367673179396092,335_left.jpg
0.0344482421875,0.6169383416017009,0.3887052341597796,1,0,0,0,8.333333333333334,3844_left.jpg
0.0180322265625,0.8131600324939074,0.45055816507045693,0,0,0,0,1.7422680412371134,179_right.jpg
0.02016845703125,0.6349110277206149,0.1317123724489796,1,1,0,0,6.530612244897959,4811_left.jpg
2.44140625e-06,1.0,1.0,0,0,0,0,1.0,3462_right.jpg
0.03662109375,0.41286666666666666,0.1264520915175937,1,0,0,1,1.7683397683397684,1208_left.jpg
0.70517822265625,0.9979885127111455,0.70517822265625,1,1,1,1,1.0,2041_right.jpg
0.00026123046875,1.0,0.6079545454545454,0,0,0,0,1.4545454545454546,1285_left.jpg
0.06208251953125,0.6695111880136851,0.19928683385579937,0,1,0,0,2.6363636363636362,3856_right.jpg
0.00067138671875,0.9963636363636363,0.02447925939113406,0,0,0,0,0.5985401459854015,4641_right.jpg
0.03130859375,0.7645820336868372,0.18517074579452747,0,1,0,0,2.3684210526315788,627_right.jpg
0.05975341796875,0.28915219611848825,0.1105265534682081,1,1,0,0,1.8497109826589595,2016_right.jpg
0.17105224609375,0.7518947233204402,0.25697990023474176,1,1,0,1,1.5023474178403755,3888_right.jpg
0.10202392578125,0.6246380626480653,0.26118125,1,1,0,1,2.56,12_left.jpg
0.19092529296875,0.9356418551717964,0.4006301229508197,1,1,0,1,2.098360655737705,4438_right.jpg
0.220966796875,0.9954700137004464,0.33591152019002374,1,1,0,1,1.520190023752969,1879_right.jpg
0.0027001953125,0.8535262206148282,0.029389880952380952,0,0,0,0,3.0,3991_right.jpg
0.06179931640625,0.4703907083316873,0.09623251216545012,1,1,0,1,1.5571776155717763,4866_right.jpg
0.796298828125,1.0,0.8368329228243021,1,1,0,1,1.0509031198686372,2464_right.jpg
0.04923095703125,0.8464666501363749,0.08684024667539447,0,1,0,1,1.7146739130434783,4589_right.jpg
0.0838134765625,0.6461695310224294,0.14048829196028842,1,0,0,0,1.4052757793764987,4143_left.jpg
0.2650537109375,0.9868374997697253,0.4137423780487805,1,1,0,1,1.5609756097560976,1832_right.jpg
0.0484228515625,0.5432086316426339,0.1720357359701622,1,0,0,0,3.442622950819672,3413_left.jpg
0.457314453125,0.9997437485318926,0.6682220319634703,1,1,0,0,1.461187214611872,3613_right.jpg
0.0003076171875,1.0,0.7,1,0,0,0,2.2222222222222223,847_left.jpg
0.0867626953125,0.5272384489841859,0.326563993236786,0,1,0,0,1.8278688524590163,617_right.jpg
0.90314697265625,1.0,0.90314697265625,1,1,1,1,1.0,688_right.jpg
0.1509619140625,0.9918491444836174,0.31368709415584417,1,1,0,1,2.0779220779220777,5157_right.jpg
0.120537109375,0.9300413189662157,0.22823594674556213,1,1,0,1,1.893491124260355,2634_left.jpg
0.0088818359375,0.5764156129741617,0.04986293859649123,1,1,0,0,5.614035087719298,4415_right.jpg
0.01925048828125,0.6429930247305009,0.026667343073593072,1,1,0,0,1.3852813852813852,3538_right.jpg
0.0157763671875,0.7151036830702568,0.07424172794117648,1,1,0,0,4.705882352941177,4177_right.jpg
0.99597412109375,1.0,0.99597412109375,1,1,1,1,1.0,4235_left.jpg
0.0351220703125,0.6380508828027248,0.2588154864709269,0,1,0,0,6.03125,2714_right.jpg
0.12406005859375,0.8399094755485585,0.1890438988095238,1,1,0,0,1.5238095238095237,2976_right.jpg
0.29432861328125,0.9128296158663537,0.30579596185064933,1,1,0,1,1.0389610389610389,5297_right.jpg
0.06382080078125,0.8485138288512298,0.30213823393435046,1,0,0,0,1.9619047619047618,5287_left.jpg
0.013193359375,0.8293856402664693,0.03803490990990991,1,1,0,0,2.8828828828828827,4121_right.jpg
0.0079296875,1.0,0.694017094017094,0,0,0,0,1.3,5281_left.jpg
0.35170654296875,0.9991878327629652,0.4041152378815081,1,1,0,1,1.1490125673249552,3608_left.jpg
0.78163818359375,1.0,0.78163818359375,1,1,1,1,1.0,2886_right.jpg
0.20468505859375,0.9817149536611839,0.3629064024482623,1,0,0,1,1.4511278195488722,208_right.jpg
0.64615478515625,0.9995541533636861,0.8371236082995951,1,1,0,1,1.2955465587044535,1936_right.jpg
0.2006494140625,0.9094858005013019,0.2432114109848485,1,1,1,0,1.2121212121212122,1938_left.jpg
0.1803369140625,0.8845206184171337,0.47049606359397694,0,1,0,0,2.4722222222222223,874_left.jpg
0.00267822265625,0.528714676390155,0.028863863600484135,1,0,0,0,9.887096774193548,804_left.jpg
0.52110107421875,0.9976012331161013,0.52110107421875,1,1,1,1,1.0,1900_right.jpg
0.42326904296875,0.9767838911928753,0.5901790577342048,1,1,0,1,1.3943355119825709,4132_left.jpg
0.3603173828125,0.8691881343758893,0.6495862676056338,1,1,0,0,1.8028169014084507,700_left.jpg
0.183828125,0.9925095622609434,0.32057220708446865,1,1,0,0,1.7438692098092643,1001_left.jpg
0.87923828125,0.9999055912210942,0.87923828125,1,1,1,1,1.0,28_left.jpg
0.0302783203125,0.5220125786163522,0.3278957248235201,0,0,0,0,3.18348623853211,3470_left.jpg
0.001337890625,0.5127737226277372,0.04653532608695652,0,1,0,0,22.26086956521739,4743_left.jpg
0.03659423828125,1.0,0.5948015873015873,1,0,0,0,1.2152777777777777,4373_right.jpg
0.1167333984375,0.5753126699293094,0.21654891304347826,1,1,0,1,1.855072463768116,3376_left.jpg
0.05702392578125,0.884873913601918,0.5101563865105714,0,1,0,0,3.288135593220339,4644_right.jpg
0.0322998046875,0.6074074074074074,0.1680640243902439,1,1,0,0,5.203252032520325,1476_right.jpg
0.01572265625,0.7279503105590062,0.15548044422984067,0,1,0,0,7.171052631578948,1588_right.jpg
0.28328369140625,0.5707255694500702,0.3169607736013986,1,1,0,1,1.118881118881119,1067_left.jpg
0.72261474609375,0.9942361554548741,0.72261474609375,1,1,1,1,1.0,3025_right.jpg
0.2521923828125,0.9999515963523011,0.37977205882352943,1,1,0,0,1.5058823529411764,2794_left.jpg
0.15986328125,0.6510232131948687,0.21182712215320912,1,1,0,1,1.3250517598343685,2263_left.jpg
0.9042431640625,1.0,0.9042431640625,1,1,1,1,1.0,3051_right.jpg
0.3842431640625,0.727085001207223,0.3842431640625,1,1,1,1,1.0,193_right.jpg
0.77093505859375,0.9957564721716412,0.77093505859375,1,1,1,1,1.0,2529_right.jpg
0.0169091796875,0.6348541726826451,0.16898453130337188,0,1,0,0,8.608695652173912,4909_left.jpg
0.1869482421875,0.9979888735079792,0.27696035879629627,1,1,0,1,1.4814814814814814,823_right.jpg
0.156357421875,0.9928486665417525,0.324898538961039,1,1,0,0,2.0779220779220777,1032_right.jpg
0.05994873046875,0.659010384850336,0.13702566964285715,1,1,0,1,2.2857142857142856,128_left.jpg
0.09555419921875,0.4829198497662178,0.09722525834658187,1,1,0,1,1.0174880763116056,2296_right.jpg
0.9918896484375,1.0,0.9918896484375,1,1,1,1,1.0,4244_left.jpg
0.043828125,0.678475935828877,0.16403508771929826,1,1,0,0,3.742690058479532,3026_right.jpg
0.28875732421875,0.7743732826041007,0.28875732421875,1,1,1,1,1.0,2342_left.jpg
0.03216796875,0.5814359441408622,0.12778833844124607,0,1,0,0,3.445086705202312,4350_right.jpg
0.57713623046875,1.0,0.6045289484451718,1,1,0,0,1.0474631751227497,2441_right.jpg
0.0,0.0,0.0,0,0,0,0,0.0,1466_left.jpg
0.2311962890625,0.8243257513358254,0.3246061453662951,1,0,0,1,1.2505175983436854,3727_right.jpg
0.357275390625,0.9993713270466038,0.36410230891719747,1,1,1,0,1.019108280254777,4161_left.jpg
0.6492919921875,0.9852904681331077,0.6492919921875,1,1,1,1,1.0,1893_right.jpg
0.05823486328125,0.8524294637991029,0.26131682734443473,1,0,0,0,3.4355828220858897,5245_left.jpg
0.03582763671875,0.4479727427597956,0.12005071989528796,1,1,0,0,3.350785340314136,4431_right.jpg
0.223330078125,0.9990379990379991,0.6938410194174758,1,1,0,0,3.1067961165048543,3836_right.jpg
0.54270751953125,1.0,0.54270751953125,1,1,1,1,1.0,3368_right.jpg
0.0,0.0,0.0,0,0,0,0,0.0,1268_left.jpg
0.22882568359375,0.9983889380861438,0.31630332073434125,1,1,0,1,1.3822894168466522,2541_right.jpg
0.08229248046875,0.9137864538523155,0.45091166909689245,0,0,0,0,2.281767955801105,4643_right.jpg
0.05393798828125,0.8427556239532884,0.20003983955524568,1,0,0,0,3.446927374301676,4656_right.jpg
0.1666748046875,0.8054636004101362,0.27142970737913485,1,1,0,1,1.6284987277353689,5255_right.jpg
0.44955078125,0.9733892340444019,0.6983313106796116,1,1,0,1,1.5533980582524272,37_right.jpg
0.31186767578125,0.9949350639183974,0.5014957600502512,1,1,0,1,1.6080402010050252,3849_left.jpg
2.197265625e-05,1.0,0.9,0,0,0,1,0.4,1309_right.jpg
0.44513671875,0.7236189724013865,0.5720632530120482,1,1,0,1,1.285140562248996,672_left.jpg
0.0875732421875,0.9138277111792584,0.14906083776595744,1,1,0,0,1.702127659574468,2585_left.jpg
0.00390380859375,0.5590994371482176,0.43832236842105265,0,0,0,0,6.333333333333333,1489_left.jpg
0.387607421875,0.9980978055478572,0.5500415742793792,1,1,0,0,1.419068736141907,1703_right.jpg
0.157421875,0.998666253101737,0.5247395833333334,1,1,0,0,3.3333333333333335,1377_right.jpg
0.1254052734375,0.9425106101312152,0.3110828488372093,1,1,0,1,2.4806201550387597,3415_left.jpg
0.0,0.0,0.0,0,0,0,0,0.0,5103_left.jpg
0.0642431640625,0.47541232803830663,0.19212908878504673,1,1,0,0,2.9906542056074765,3710_left.jpg
0.0616455078125,0.5434851485148515,0.24813286163522014,1,1,0,0,4.0251572327044025,554_left.jpg
0.04904052734375,0.9662468263055708,0.08335719472974375,1,0,0,1,1.1437908496732025,566_right.jpg
0.014521484375,0.25958305312710156,0.17210648148148147,1,1,0,0,11.851851851851851,2906_right.jpg
0.13989013671875,0.9947643065324002,0.3076621563573883,1,1,0,0,2.1993127147766325,3665_left.jpg
0.03219970703125,0.6306012586246115,0.20815972222222223,1,1,0,0,6.4646464646464645,813_left.jpg
0.0,0.0,0.0,0,0,0,0,0.0,1679_left.jpg
0.1035107421875,0.8915750742959574,0.17626467555792064,1,0,0,1,1.3130841121495327,2339_right.jpg
0.01519775390625,0.6608835341365462,0.32354469854469853,1,0,0,0,3.5135135135135136,144_left.jpg
0.49544921875,0.9963288918673867,0.639289314516129,1,1,0,1,1.2903225806451613,3144_right.jpg
0.3056591796875,0.640928768830173,0.31450462218649516,1,1,0,0,1.0289389067524115,5329_right.jpg
0.27056396484375,0.923481587757054,0.3435732886904762,1,1,0,0,1.2698412698412698,4539_right.jpg
0.0153173828125,0.6012113484220593,0.20006377551020407,1,1,0,0,13.061224489795919,878_left.jpg
0.10169921875,0.9879009026310736,0.31536073889015065,0,0,0,0,2.0313725490196077,3941_left.jpg
0.0003857421875,0.7658227848101266,0.024114774114774116,0,0,0,0,0.7912087912087912,547_right.jpg
0.26408447265625,0.9764904917305328,0.36701297467495453,0,1,0,0,1.0413533834586466,1317_right.jpg
0.00015869140625,1.0,0.9285714285714286,1,0,0,1,1.4285714285714286,4580_right.jpg
0.13185302734375,0.28003777288129317,0.14624945840554593,1,1,1,0,1.1091854419410745,2010_left.jpg
0.005859375,0.8204166666666667,0.293470286133529,0,1,0,0,2.4310344827586206,2328_right.jpg
0.00079833984375,1.0,0.5860215053763441,1,0,0,0,0.5806451612903226,1122_right.jpg
0.7138623046875,0.9993912407061608,0.7836567324185248,1,1,0,1,1.097770154373928,2897_right.jpg
0.0561962890625,0.6471022677904249,0.35120537076594444,1,0,0,0,5.132743362831858,2002_left.jpg
0.243408203125,0.999408224674022,0.4176441018766756,1,1,0,0,1.7158176943699732,4547_left.jpg
0.0,0.0,0.0,0,0,0,0,0.0,1069_left.jpg
0.0326123046875,0.5897589459499926,0.21398820966295015,0,1,0,0,6.0,1105_right.jpg
0.10993408203125,0.5277709920273601,0.20217762212643678,1,1,0,1,1.839080459770115,2073_right.jpg
0.52990234375,0.9068869558807269,0.52990234375,1,1,1,1,1.0,1688_right.jpg
0.23239990234375,0.9780231324389911,0.39038303805774277,1,1,0,1,1.6797900262467191,940_right.jpg
0.00226806640625,0.8482238966630786,0.3609168609168609,0,1,0,0,0.5909090909090909,3805_left.jpg
0.17991943359375,0.8581586267725083,0.2369309413580247,1,1,0,1,1.316872427983539,981_left.jpg
0.0,0.0,0.0,0,0,0,0,0.0,1257_right.jpg
0.2520361328125,0.5678652381967181,0.32652454453441293,1,1,0,1,1.2955465587044535,4948_right.jpg
0.09665283203125,0.9777463436813256,0.31721955128205126,1,1,0,1,3.282051282051282,3573_left.jpg
0.0002392578125,1.0,0.7,0,0,0,1,1.4,297_left.jpg
0.0711865234375,0.9968790726387269,0.41797591743119267,1,1,0,0,5.871559633027523,2127_left.jpg
0.0725439453125,0.8958403446186982,0.23194130044493014,1,0,0,1,2.4217391304347826,2368_right.jpg
0.3182373046875,0.8884771768316072,0.4486164647577093,1,1,0,1,1.4096916299559472,3398_left.jpg
0.0015185546875,0.7909967845659164,0.02208806818181818,1,1,0,0,14.545454545454545,1212_left.jpg
0.19101806640625,0.9938778901087665,0.42596363240418117,1,1,0,0,2.229965156794425,1000_left.jpg
0.16991455078125,0.9425549951865742,0.36063050879074754,0,1,0,1,1.4173441734417345,1068_left.jpg
0.119248046875,0.7615469658504627,0.16067105263157894,1,1,0,0,1.3473684210526315,2978_left.jpg
0.2667919921875,0.820320650085104,0.38806107954545455,1,1,0,1,1.4545454545454546,1365_right.jpg
0.87748046875,0.9989121241124491,0.87748046875,1,1,1,1,1.0,393_right.jpg
0.33802734375,0.7854914196567863,0.33802734375,1,1,1,1,1.0,4537_right.jpg
0.0905322265625,0.5865109756755299,0.2465558510638298,1,1,0,1,2.723404255319149,1780_left.jpg
0.23216064453125,0.930289295742063,0.3287230365044248,1,1,0,1,1.415929203539823,1420_left.jpg
0.15841064453125,0.909979193958542,0.45260184151785715,1,1,0,0,2.857142857142857,3614_left.jpg
0.23145263671875,0.9596426273430165,0.3518519893111639,1,1,0,1,1.520190023752969,3776_right.jpg
0.4829638671875,0.9737845133503857,0.4829638671875,1,1,1,1,1.0,2009_left.jpg
0.0706591796875,0.6637758275171032,0.4261566098300792,0,1,0,0,2.8636363636363638,958_right.jpg
0.0014501953125,0.8047138047138047,0.17317784256559768,0,0,0,0,0.35714285714285715,2157_right.jpg
0.03915283203125,0.6829207457753944,0.3191125261168043,1,0,0,0,3.8,1348_left.jpg
0.00728759765625,0.985929648241206,0.2646276595744681,0,0,0,0,3.1333333333333333,232_left.jpg
0.04599365234375,0.886989755294867,0.16113415729376043,1,0,0,1,0.9598853868194842,1336_left.jpg
0.37794677734375,0.9999031051567435,0.6443847818847819,1,0,0,1,0.8058608058608059,3174_right.jpg
0.0,0.0,0.0,0,0,0,0,0.0,1303_left.jpg
0.0025390625,0.9673076923076923,0.5555555555555556,0,0,0,0,2.769230769230769,202_right.jpg
0.73572265625,1.0,0.73572265625,1,1,1,1,1.0,3784_right.jpg
0.0,0.0,0.0,0,0,0,0,0.0,1306_left.jpg
0.03359375,0.9416424418604651,0.1482758620689655,1,1,0,0,4.413793103448276,3921_left.jpg
0.34441162109375,0.66667848104855,0.5078881048387097,1,1,0,0,1.4746543778801844,2445_right.jpg
0.002822265625,0.9705882352941176,0.012090532569133582,0,1,0,0,3.5548780487804876,3792_left.jpg
0.960087890625,0.9996058507013315,0.960087890625,1,1,1,1,1.0,720_right.jpg
0.02490966796875,0.525041654415368,0.0928245858238489,0,1,0,0,3.5084745762711864,1320_left.jpg
0.02151611328125,0.530466356518779,0.19110918356283205,0,1,0,0,3.4869565217391303,239_right.jpg
0.69591064453125,0.9904927292181936,0.69591064453125,1,1,1,1,1.0,4615_right.jpg
0.26360595703125,0.8280403434191881,0.39883643617021275,1,1,0,1,1.5130023640661938,41_right.jpg
0.0,0.0,0.0,0,0,0,0,0.0,2419_left.jpg
0.00148681640625,1.0,0.5833333333333334,0,0,0,0,1.2413793103448276,2813_left.jpg
0.031123046875,0.47819265767179164,0.3712072680682546,0,0,0,0,5.792207792207792,3904_right.jpg
0.1135595703125,0.952143440684525,0.3689244923857868,1,1,0,0,3.248730964467005,2087_left.jpg
0.01645751953125,0.5217326806111853,0.19401911121344692,0,0,0,0,3.405940594059406,139_left.jpg
0.11347900390625,0.8440868311783309,0.1785409736573224,0,1,0,1,1.0668016194331984,453_left.jpg
0.50668701171875,0.9869229397848115,0.648559375,1,1,0,1,1.28,2_right.jpg
0.7701123046875,1.0,0.7701123046875,1,1,1,1,1.0,522_left.jpg
0.28146728515625,0.970370113367277,0.4179560614849188,1,1,0,0,1.4849187935034802,4929_right.jpg
0.6025244140625,0.996138479865799,0.6025244140625,1,1,1,1,1.0,2576_left.jpg
0.0629296875,0.5658752327746741,0.14861623616236164,1,1,0,0,2.3616236162361623,4721_left.jpg
0.05362060546875,0.5790192596639804,0.12083516725352113,1,1,0,1,2.2535211267605635,4260_right.jpg
0.7314794921875,0.9986716241564146,0.9055065280464216,1,1,0,1,1.2379110251450678,3106_left.jpg
0.52665771484375,0.9911505245249607,0.52665771484375,1,1,1,1,1.0,299_right.jpg
0.0,0.0,0.0,0,0,0,0,0.0,3931_right.jpg
0.2093359375,0.6371058033215152,0.3601478494623656,1,1,0,1,1.7204301075268817,4485_left.jpg
0.260400390625,0.8107819238702418,0.3670842511013216,1,1,0,1,1.4096916299559472,3038_right.jpg
0.44527099609375,0.9991885208599486,0.4480714426100629,1,1,1,0,1.0062893081761006,1900_left.jpg
0.16001220703125,0.417784287697777,0.6564603365384616,1,1,0,0,4.102564102564102,3677_right.jpg
0.001533203125,1.0,0.7696078431372549,0,0,0,1,3.1875,2212_left.jpg
0.01256103515625,0.4759961127308066,0.09478629329403095,0,0,0,0,1.0260869565217392,2774_left.jpg
0.77016845703125,0.999689343532164,0.77016845703125,1,1,1,1,1.0,4154_left.jpg
0.32786865234375,0.9817863658364049,0.4984226543942993,1,1,0,0,1.520190023752969,942_right.jpg
0.008271484375,0.6971664698937426,0.11053112358084301,0,1,0,0,3.2577319587628866,1223_left.jpg
0.7890087890625,1.0,0.924845467032967,1,1,0,1,1.1721611721611722,3813_left.jpg
0.054892578125,0.5240615548834727,0.12457890070921986,1,1,0,0,2.269503546099291,4210_right.jpg
0.4218017578125,0.9990102448341726,0.570725422832981,1,1,0,0,1.3530655391120507,2430_left.jpg
0.23248779296875,0.6935007928423661,0.2710240209471767,1,1,1,0,1.1657559198542806,2934_left.jpg
0.3319189453125,0.5596672403901319,0.566475,1,1,0,0,1.7066666666666668,4915_right.jpg
0.049189453125,0.5237740718681755,0.4242398719784385,1,0,0,0,3.088709677419355,2694_left.jpg
0.16952392578125,0.5367887437533304,0.25408738290398125,1,1,0,1,1.4988290398126465,3846_right.jpg
0.0348095703125,0.6647496142516482,0.3449961285327139,0,0,0,0,1.5365853658536586,2508_left.jpg
0.00850830078125,0.8525107604017217,0.4401363980803233,1,0,0,0,5.783783783783784,2681_right.jpg
0.20361083984375,0.7498171440904567,0.39015250748502994,1,1,0,0,1.9161676646706587,744_left.jpg
0.286484375,0.9504704117807472,0.661913357400722,1,1,0,1,2.3104693140794224,1347_left.jpg
0.010595703125,0.881336405529954,0.1033579423672303,0,0,0,0,1.1631578947368422,3890_right.jpg
0.10333984375,0.6315441315441316,0.16452114427860698,1,1,0,1,1.592039800995025,4957_right.jpg
0.0559619140625,0.7926446208882296,0.16658430232558138,1,1,0,1,2.9767441860465116,5093_left.jpg
0.02175537109375,0.3616878015935361,0.13343815513626833,1,0,0,0,6.057142857142857,4883_right.jpg
0.0042822265625,0.5610034207525656,0.13113038277511962,0,0,0,0,9.263157894736842,2870_left.jpg
0.9813671875,0.999937805994507,0.9813671875,1,1,1,1,1.0,1751_left.jpg
0.10559326171875,0.6622737046542276,0.3378984375,1,1,0,0,3.2,1041_right.jpg
0.0428466796875,0.38877492877492875,0.1293484669811321,1,1,0,0,3.018867924528302,3409_left.jpg
0.0,0.0,0.0,0,0,0,0,0.0,4097_right.jpg
0.07918212890625,0.5635926371288502,0.2895803571428571,1,1,0,0,3.657142857142857,3461_right.jpg
0.1749951171875,0.8785261865565446,0.2653954383886256,1,1,0,1,1.5165876777251184,1624_left.jpg
0.0,0.0,0.0,0,0,0,0,0.0,3799_right.jpg
0.00204345703125,1.0,0.8454545454545455,1,0,0,0,2.0454545454545454,226_left.jpg
0.31638427734375,0.988440555285475,0.4107219827586207,1,1,0,1,1.2981744421906694,1851_right.jpg
0.0648974609375,0.37769919494394705,0.2016231796116505,1,1,0,0,3.1067961165048543,3410_left.jpg
2.44140625e-06,1.0,1.0,0,0,0,0,1.0,1725_right.jpg
0.16499267578125,0.9990973794409671,0.37847782258064516,1,1,0,1,2.293906810035842,588_right.jpg
0.01337646484375,0.6586968424895053,0.6130006712911166,0,0,0,0,5.317073170731708,1825_left.jpg
0.08898193359375,0.5113178039344802,0.3362951890605104,0,1,0,0,1.8353909465020577,616_left.jpg
0.3531494140625,0.8429104735568614,0.3798581932773109,1,1,0,1,1.0756302521008403,1420_right.jpg
0.11320556640625,0.837089434751666,0.17608837647344755,1,0,0,1,1.5216346153846154,4593_left.jpg
0.332705078125,0.9974610349584666,0.6171920289855073,1,1,0,1,1.855072463768116,5215_right.jpg
0.4403857421875,0.993973899834795,0.5847445539419087,1,1,0,1,1.3278008298755186,2436_left.jpg
0.07349853515625,0.42059458561700713,0.12887414383561643,1,1,0,1,1.7534246575342465,4723_right.jpg
0.54831787109375,1.0,0.6559316588785047,1,1,1,0,1.1962616822429906,1939_right.jpg
0.198720703125,0.9441373040444248,0.29440104166666664,1,1,0,1,1.4814814814814814,1002_left.jpg
0.67938232421875,0.997214985176534,0.70930617862969,1,1,0,1,1.0440456769983686,4941_right.jpg
0.13060546875,0.5089352474951399,0.26368296529968455,1,1,0,1,2.0189274447949526,4747_right.jpg
0.9975244140625,1.0,0.9975244140625,1,1,1,1,1.0,1840_left.jpg
0.0065380859375,0.5806572068707991,0.12153943904874286,1,0,0,0,10.41304347826087,3582_right.jpg
0.00600341796875,0.6819845465636437,0.010883661229999779,1,0,0,1,1.6958904109589041,967_right.jpg
0.123046875,0.9597619047619048,0.17710309930423782,1,0,0,0,1.3507625272331154,4799_left.jpg
0.44473876953125,0.9605632256470782,0.48242849576271185,1,1,0,1,1.0847457627118644,3771_left.jpg
0.03845458984375,0.5241571963684846,0.1398348721590909,1,1,0,1,3.6363636363636362,283_right.jpg
0.05518310546875,0.8534707782152812,0.171609268707483,0,1,0,1,1.5238095238095237,3698_left.jpg
0.024755859375,0.4960552268244576,0.23825187969924813,1,0,0,0,7.368421052631579,3488_left.jpg
0.0458203125,0.970108695652174,0.25241412701401406,1,0,0,1,1.4557522123893805,2126_right.jpg
0.5252734375,0.956760801665799,0.5252734375,1,1,1,1,1.0,1328_right.jpg
0.74175048828125,1.0,0.8568958709386282,1,1,0,1,1.1552346570397112,261_left.jpg
0.02498046875,0.8081508991399531,0.09966978053555947,0,0,0,0,1.6294820717131475,345_right.jpg
0.107900390625,0.30131686125441215,0.24751344086021507,1,1,0,0,2.293906810035842,894_left.jpg
0.09466796875,0.46198679595626163,0.1061077057793345,1,1,1,0,1.1208406304728546,5238_left.jpg
0.0381005859375,0.5793284634115083,0.15314113006103663,0,0,0,1,1.6175298804780875,4992_left.jpg
0.75345947265625,1.0,0.9511125493096647,1,1,0,1,1.26232741617357,4790_left.jpg
0.5373779296875,0.5485030212166644,0.5373779296875,1,1,1,1,1.0,3264_right.jpg
0.032763671875,0.45789865871833085,0.11850936064994702,1,0,0,1,3.136842105263158,552_right.jpg
0.0303564453125,0.2693421264275374,0.1830359771536242,0,1,0,0,5.513513513513513,509_left.jpg
0.0,0.0,0.0,0,0,0,0,0.0,168_right.jpg
0.032490234375,0.8837541328524195,0.12650671128179777,0,1,0,0,3.1758241758241756,4207_left.jpg
0.01483642578125,0.9907849267730788,0.12135553957983865,1,0,0,1,2.0576923076923075,5147_left.jpg
0.04495849609375,0.6543578604398588,0.05512680812338346,1,0,0,1,1.020979020979021,4138_left.jpg
1.46484375e-05,1.0,1.0,0,1,0,0,1.5,3311_right.jpg
0.31135498046875,0.9993883840007528,0.3616464382940109,1,1,0,0,1.161524500907441,2708_left.jpg
0.32308837890625,0.73074801453864,0.4168882308467742,1,1,0,1,1.2903225806451613,5206_left.jpg
0.27828369140625,0.9919375356406545,0.5042602325211021,1,0,0,1,1.706043956043956,5297_left.jpg
0.0083056640625,0.7045855379188712,0.17536082474226805,0,0,0,0,2.0618556701030926,3909_right.jpg
0.0007958984375,1.0,0.5478991596638656,0,0,0,0,2.0588235294117645,428_right.jpg
0.99514404296875,0.9998405342348464,0.99514404296875,1,1,1,1,1.0,4247_right.jpg
0.51492919921875,0.9988952895716284,0.6487296998031497,1,1,0,0,1.2598425196850394,1641_right.jpg
0.38186279296875,0.9725211142438831,0.4736282703488372,1,1,0,1,1.2403100775193798,4628_right.jpg
0.0,0.0,0.0,0,0,0,0,0.0,354_left.jpg
0.1230517578125,0.7740565850561486,0.201414641943734,1,1,0,1,1.6368286445012787,291_right.jpg
0.28968994140625,1.0,0.8064663023679417,1,0,0,1,1.098360655737705,4667_right.jpg
0.03214111328125,0.43501709077098366,0.25712890625,1,1,0,0,8.0,2963_right.jpg
0.0,0.0,0.0,0,0,0,0,0.0,237_left.jpg
0.0,0.0,0.0,0,0,0,0,0.0,464_right.jpg
0.00311767578125,0.7094753328112764,0.4156901041666667,0,0,0,0,5.333333333333333,560_right.jpg
0.81014892578125,0.9989241706018316,0.81014892578125,1,1,1,1,1.0,1754_left.jpg
0.0,0.0,0.0,0,0,0,0,0.0,3554_left.jpg
0.04280517578125,0.288313466035476,0.12683015046296298,1,1,0,0,2.962962962962963,1458_right.jpg
0.0762109375,0.6759354177344952,0.16102341896213762,1,0,0,1,1.5041782729805013,3171_right.jpg
0.05869873046875,0.9967974046500021,0.5199610726643599,0,1,0,0,7.225,4467_right.jpg
0.6378369140625,0.9921189016221513,0.6378369140625,1,1,1,1,1.0,2582_right.jpg
0.07568115234375,0.6519565147262815,0.1774210164835165,1,1,0,1,2.3443223443223444,2949_right.jpg
0.2114697265625,0.5025398877831397,0.47321896853146855,1,1,0,0,2.237762237762238,1013_left.jpg
0.21723388671875,1.0,0.6201837292293967,0,1,0,0,0.9336734693877551,289_right.jpg
0.13115966796875,0.40440779554380807,0.2690454727564103,1,1,0,1,2.051282051282051,633_left.jpg
0.28021240234375,0.957647571335221,0.28021240234375,1,1,1,1,1.0,5268_left.jpg
0.962333984375,1.0,0.966866169544741,1,1,0,1,1.0047095761381475,192_right.jpg
0.02042236328125,0.7128511655708308,0.08453251950361777,1,0,0,0,3.30635838150289,3860_left.jpg
0.00033935546875,1.0,0.5387596899224806,0,0,0,0,7.166666666666667,1649_left.jpg
0.3284423828125,0.9956069278227905,0.37336256660746003,1,1,0,1,1.1367673179396092,3575_right.jpg
0.027001953125,0.6634719710669078,0.2599294947121034,0,0,0,0,3.217391304347826,401_right.jpg
0.05769775390625,0.999111412008632,0.16031067697734364,1,0,0,0,1.4857142857142858,898_left.jpg
0.04576171875,0.5741037131882202,0.22528846153846155,1,1,0,0,4.923076923076923,3551_left.jpg
0.00041748046875,0.2982456140350877,0.07251908396946564,1,0,0,0,7.277777777777778,2754_right.jpg
0.19147705078125,0.9990947226153591,0.4098505434782609,1,1,0,1,2.140468227424749,590_right.jpg
0.083310546875,0.5935118977845505,0.3374604430379747,1,1,0,0,4.050632911392405,4329_right.jpg
0.07827880859375,0.463836821258148,0.15135479607250754,1,1,0,1,1.933534743202417,3687_left.jpg
0.05365478515625,0.7029166856258816,0.09407962328767124,1,1,0,0,1.7534246575342465,888_right.jpg
0.0,0.0,0.0,0,0,0,0,0.0,4506_left.jpg
0.84124267578125,0.9998316757261887,0.8545957341269841,1,1,1,0,1.0158730158730158,1338_left.jpg
0.40134521484375,0.9960216800189792,0.47044127747252745,1,1,0,1,1.1721611721611722,4615_left.jpg
0.11876220703125,0.8159111933395005,0.23387019230769232,1,1,0,1,1.9692307692307693,1791_left.jpg
0.0007177734375,0.8605442176870748,0.008006535947712418,0,0,0,0,4.533333333333333,1759_right.jpg
0.18403564453125,0.35258221567769066,0.1918286848534202,1,1,0,1,1.0423452768729642,2344_left.jpg
0.2963525390625,0.9199825350534658,0.2963525390625,1,1,1,1,1.0,5067_right.jpg
0.01603515625,0.4223507917174178,0.0391721834555973,1,0,0,0,1.0222222222222221,515_left.jpg
0.250576171875,0.9955668576327994,0.27460402397260275,1,1,0,1,1.095890410958904,1538_left.jpg
0.0257861328125,0.5486650255633403,0.09216807016012915,0,1,0,1,2.726829268292683,313_left.jpg
0.27634765625,0.9933829245883101,0.4832308743169399,1,1,0,0,1.7486338797814207,4081_right.jpg
0.38943359375,0.9582225788655399,0.38943359375,1,1,1,1,1.0,2492_right.jpg
0.53383544921875,0.998774347271322,0.7729744061085972,1,1,0,0,1.4479638009049773,662_right.jpg
0.012099609375,0.6850282485875706,0.2865071106486299,0,0,0,0,4.5,638_right.jpg
0.42958984375,0.7882245964992044,0.4322916666666667,1,1,1,0,1.0062893081761006,2362_left.jpg
0.0607958984375,0.9629347040398362,0.1442532164725101,1,0,0,1,2.3505535055350553,2833_left.jpg
0.015517578125,0.9528005034612964,0.04375,1,1,0,0,2.8193832599118944,120_left.jpg
0.0400341796875,0.628796194657885,0.07357157278417122,1,0,0,0,1.5354330708661417,969_right.jpg
0.3935693359375,0.8358745952383906,0.40757989482200646,1,1,0,0,1.035598705501618,586_left.jpg
0.4161572265625,0.9998650694012602,0.48869839449541286,1,1,1,0,1.1743119266055047,3969_right.jpg
0.05261474609375,0.8752726091596678,0.1489975110619469,1,1,0,0,2.831858407079646,5006_left.jpg
0.02175537109375,0.3616878015935361,0.13343815513626833,1,0,0,0,6.057142857142857,4879_right.jpg
0.1465966796875,0.6138127435632682,0.19384684917355371,1,1,0,1,1.322314049586777,2646_left.jpg
0.00180419921875,0.7415426251691475,0.09139253029928271,0,1,0,1,47.84615384615385,2219_right.jpg
0.40948974609375,0.7093968174473997,0.5108644005847953,1,1,0,0,1.2475633528265107,2503_right.jpg
0.0519091796875,0.39347192173831247,0.4812802752501245,1,0,0,0,8.067567567567568,3444_left.jpg
0.13063720703125,0.6223812816535536,0.4976655505952381,1,1,0,1,3.8095238095238093,2061_right.jpg
0.00234130859375,1.0,0.49947916666666664,0,0,0,0,0.5333333333333333,2191_left.jpg
0.20814208984375,0.75461849744883,0.3406929347826087,1,1,0,1,1.6368286445012787,1790_right.jpg
0.0439111328125,0.7212832202824419,0.1117885799879423,0,0,0,1,1.7524752475247525,783_right.jpg
0.43689697265625,0.9792124189032875,0.4975339190391459,1,1,0,1,1.1387900355871887,4555_right.jpg
0.0100927734375,0.6480406386066764,0.09211229946524065,1,0,0,0,3.1166666666666667,421_left.jpg
0.085986328125,0.99534355479841,0.34421759399525015,0,1,0,1,1.0578778135048232,2203_left.jpg
0.04125732421875,0.33984259423634533,0.14917902542372882,1,1,0,0,3.615819209039548,830_right.jpg
0.15703125,0.7785603233830846,0.4205020920502092,1,1,0,1,2.6778242677824267,4512_right.jpg
0.0,0.0,0.0,0,0,0,0,0.0,1307_left.jpg
0.85351806640625,0.9993449675487198,0.8602386811023622,1,1,1,0,1.0078740157480315,396_right.jpg
0.07742919921875,0.8939618477061327,0.3407906471959855,0,0,0,0,2.3034825870646767,3717_right.jpg
0.10033203125,0.5835604438388164,0.1399250936329588,1,0,0,1,0.9709090909090909,2150_right.jpg
0.8372021484375,1.0,0.8411450156985871,1,1,0,1,1.0047095761381475,543_right.jpg
0.0159912109375,0.4355725190839695,0.1112092091412272,0,1,0,0,6.13265306122449,601_right.jpg
8.056640625e-05,1.0,0.7857142857142857,1,0,0,0,0.8571428571428571,2218_right.jpg
0.01191162109375,0.31051444968231195,0.2150096950467125,0,1,0,0,6.098360655737705,4225_left.jpg
0.0368017578125,0.5839193312989253,0.21029575892857144,1,1,0,0,5.714285714285714,2955_right.jpg
0.00098876953125,0.7654320987654321,0.2647058823529412,1,0,0,1,4.722222222222222,2476_right.jpg
0.00025390625,0.75,0.3501683501683502,0,0,0,1,3.6666666666666665,3543_left.jpg
0.10887451171875,0.966588182531674,0.1628030081775701,1,0,1,1,0.66875,1940_right.jpg
0.04827392578125,0.9130126940777828,0.10879588872259882,1,0,0,1,1.9283387622149837,2094_left.jpg
0.07384765625,0.5370933615445649,0.16819395017793595,1,1,0,0,2.2775800711743774,3821_left.jpg
0.21928955078125,0.7399494550272208,0.2709368967181467,1,1,0,1,1.2355212355212355,2026_left.jpg
0.07193603515625,0.9593755302901747,0.2634567238912732,0,1,0,1,1.9416666666666667,105_left.jpg
0.04939697265625,0.6155785103543716,0.3113248192029543,1,0,0,0,3.6194029850746268,5089_left.jpg
0.00359375,0.639266304347826,0.035144685321363764,0,1,0,0,7.648648648648648,235_right.jpg
0.40923828125,0.666766095547177,0.40923828125,1,1,1,1,1.0,1797_left.jpg
0.34987548828125,0.9730582168600715,0.4921325549450549,1,1,0,1,1.4065934065934067,3807_right.jpg
0.0387158203125,0.4568671963677639,0.110125,1,1,0,1,2.8444444444444446,4286_right.jpg
0.0408935546875,0.5776119402985075,0.1521012676619084,0,0,0,1,2.1184210526315788,1305_right.jpg
0.99194580078125,1.0,0.99194580078125,1,1,1,1,1.0,796_left.jpg
0.0581103515625,1.0,0.3287205833609546,0,1,0,0,2.5654761904761907,1430_right.jpg
0.0027783203125,0.9182776801405975,0.1629438717067583,0,0,0,0,1.3472222222222223,2860_left.jpg
0.371943359375,0.9945913303751936,0.4848141547861507,1,1,0,1,1.3034623217922607,4297_left.jpg
0.0113330078125,0.8369237397673417,0.050921456779289165,0,1,0,1,2.0283018867924527,4066_left.jpg
0.19374755859375,0.8484229892009728,0.4542067307692308,1,1,0,1,2.3443223443223444,5134_left.jpg
0.17488525390625,0.5398629123448689,0.30007121313672924,1,1,0,0,1.7158176943699732,945_left.jpg
0.71118408203125,0.9999519397461732,0.7780475427350427,1,1,0,0,1.0940170940170941,753_left.jpg
0.1848388671875,0.9995773345661075,0.43472768510809334,0,1,0,0,1.8721311475409836,4909_right.jpg
0.07242919921875,0.7846428691812452,0.31320734797297295,1,1,0,0,4.324324324324325,3480_left.jpg
0.33437744140625,0.9351275180525843,0.382829271019678,1,1,0,1,1.144901610017889,1865_left.jpg
0.202919921875,0.6805789499013427,0.3865141369047619,1,1,0,1,1.9047619047619047,824_right.jpg
0.72962158203125,0.9992973133948797,0.72962158203125,1,1,1,1,1.0,701_right.jpg
0.17273681640625,0.5547891962178282,0.2871469155844156,1,1,0,1,1.6623376623376624,7_right.jpg
0.18311767578125,0.6041863875741618,0.18311767578125,1,1,1,1,1.0,5234_left.jpg
0.03005126953125,0.4011698757007068,0.122100982045432,0,1,0,0,3.488235294117647,2538_right.jpg
0.117353515625,0.9538986435882499,0.1203508271177444,1,0,1,0,1.0159489633173844,4848_right.jpg
0.01406005859375,0.8348671644382706,0.031244574652777777,1,1,0,0,2.2222222222222223,2454_right.jpg
0.23166015625,0.9907680634010623,0.3607360097323601,1,1,0,1,1.5571776155717763,5038_left.jpg
0.0153173828125,0.4901179470832005,0.08035348360655738,1,1,0,0,5.245901639344262,3679_right.jpg
0.01038818359375,1.0,0.5712943071965628,0,0,0,0,3.1020408163265305,3932_left.jpg
0.0017822265625,1.0,0.8410138248847926,0,1,0,0,1.1071428571428572,3472_right.jpg
0.21750244140625,0.5635824849307995,0.25682945110701105,1,1,0,1,1.1808118081180812,1378_right.jpg
0.2185888671875,0.8260772443987758,0.23394126254180603,1,1,0,1,1.0702341137123745,3566_right.jpg
0.59069580078125,0.9977061281509739,0.7715210459183673,1,1,0,1,1.3061224489795917,663_right.jpg
0.00951904296875,0.42062067196717107,0.03692234848484848,1,1,0,0,3.878787878787879,461_right.jpg
0.5029541015625,0.9983932818795204,0.7850990853658537,1,1,0,0,1.5609756097560976,2596_right.jpg
0.3846044921875,0.5926276232432364,0.3846044921875,1,1,1,1,1.0,5236_right.jpg
0.04875244140625,0.9056537633331664,0.10909637237762237,1,1,0,1,2.237762237762238,3186_left.jpg
0.8514990234375,0.9999942656275984,0.8963147615131579,1,1,0,1,1.0526315789473684,3225_left.jpg
0.0209521484375,0.559426707061291,0.06012330110690767,0,1,0,1,2.1115384615384616,3437_left.jpg
0.000107421875,1.0,0.8148148148148148,1,0,0,1,1.5,4596_left.jpg
0.37372802734375,0.6780159264170788,0.478371875,1,1,0,1,1.28,2890_left.jpg
0.12952392578125,0.9998492073963772,0.32308807229942876,1,0,0,0,1.6340694006309149,533_right.jpg
0.0320263671875,1.0,0.37242710728785167,1,0,0,0,0.8894472361809045,1954_left.jpg
5.126953125e-05,1.0,0.875,0,0,0,1,0.6666666666666666,4597_right.jpg
0.9969091796875,1.0,0.9969091796875,1,1,1,1,1.0,978_left.jpg
0.67860595703125,0.9998632882064492,0.7579542975567191,1,1,0,1,1.1169284467713787,2069_left.jpg
0.0110205078125,0.7474523704031901,0.0110205078125,1,1,1,1,1.0,3318_left.jpg
0.6350146484375,0.9999192624431954,0.6350146484375,1,1,1,1,1.0,2887_right.jpg
0.0060791015625,0.3349397590361446,0.020194647201946473,0,0,0,0,1.37,3929_right.jpg
0.0006982421875,0.9825174825174825,0.145769622833843,0,0,0,0,24.22222222222222,176_left.jpg
0.0,0.0,0.0,0,0,0,0,0.0,1207_right.jpg
0.8405712890625,1.0,0.8951175124792013,1,1,0,1,1.064891846921797,3226_left.jpg
0.00403076171875,0.612961841308298,0.06983925549915397,0,1,0,0,14.775,3659_right.jpg
0.0219140625,0.9378342245989305,0.13144329896907217,0,0,0,0,2.2045454545454546,1141_left.jpg
0.00228759765625,1.0,0.8675925925925926,1,0,0,1,3.3333333333333335,2048_right.jpg
0.9817041015625,1.0,0.9817041015625,1,1,1,1,1.0,3529_right.jpg
0.0001318359375,0.35185185185185186,0.0007823025772523795,1,0,0,0,2.30635838150289,3458_left.jpg
0.02450927734375,0.995816316366172,0.43234280792420327,0,1,0,0,1.3953488372093024,3668_left.jpg
0.0108349609375,0.6426318161333934,0.4196690307328605,1,0,0,0,1.88,389_left.jpg
0.20886474609375,0.9413449287559468,0.4845874116367591,1,0,0,0,2.1284722222222223,1091_left.jpg
0.1644140625,0.9159242100261344,0.32937654982172465,0,1,0,0,1.9597523219814241,1520_left.jpg
0.189833984375,0.9520294253819641,0.31312822164948456,1,1,0,0,1.6494845360824741,5044_left.jpg
0.00111572265625,0.5273522975929978,0.14070197044334976,0,0,0,0,16.571428571428573,1626_left.jpg
0.09509765625,0.821241528034504,0.17803861342694163,0,1,0,0,1.8488372093023255,1106_right.jpg
0.0911962890625,0.7357444985811425,0.2903762437810945,1,1,0,1,3.18407960199005,3675_left.jpg
0.05242431640625,0.40674335211661156,0.3078125,1,1,0,0,5.871559633027523,22_left.jpg
0.001787109375,0.8224043715846995,0.1515527950310559,0,0,0,0,5.366666666666666,502_right.jpg
0.92251708984375,1.0,0.92251708984375,1,1,1,1,1.0,739_left.jpg
0.01809814453125,0.7334412518548495,0.1394784375705577,1,0,0,0,7.186046511627907,5099_left.jpg
0.05440185546875,0.5578692276623435,0.35168876262626264,1,1,0,0,6.4646464646464645,2646_right.jpg
0.14239990234375,0.796663637766386,0.21817943778405371,0,1,0,1,1.508313539192399,2975_left.jpg
0.16455810546875,0.9870332181060191,0.4801570057772997,0,1,0,0,2.6768558951965065,3657_left.jpg
0.50188720703125,0.9997762352059852,0.50188720703125,1,1,1,1,1.0,4056_right.jpg
0.06721923828125,0.8965241709948062,0.14388064381270904,1,1,0,1,2.140468227424749,4475_right.jpg
0.1490625,0.9448702830188679,0.2867124985912318,1,0,0,1,0.9764453961456103,3296_right.jpg
0.1628955078125,0.9020712808369054,0.21189659552845527,1,1,0,0,1.3008130081300813,5253_right.jpg
0.15103515625,0.6660739687055477,0.23125,1,1,0,1,1.5311004784688995,2015_left.jpg
0.14806640625,0.5290199182165941,0.3245291095890411,1,1,0,1,2.191780821917808,1171_left.jpg
0.26158203125,0.9991506757261256,0.709375,1,1,0,0,2.711864406779661,1793_right.jpg
0.00024169921875,0.3838383838383838,0.08114754098360656,1,0,0,1,3.05,4281_left.jpg
0.0074462890625,0.7993442622950819,0.10999314796783151,0,1,0,0,4.443037974683544,104_left.jpg
0.11858642578125,0.5372943816523583,0.4803500791139241,1,1,0,0,4.050632911392405,3175_right.jpg
0.00310302734375,0.995279307631786,0.024839743589743588,1,0,0,0,1.1826923076923077,2394_right.jpg
0.3377001953125,0.9998120327930481,0.3694497863247863,1,0,1,1,0.9140625,1_left.jpg
0.0990576171875,0.6505890471730665,0.2584693396526902,1,0,0,0,1.5046439628482973,3326_right.jpg
0.37852783203125,0.9918539778773904,0.5336075165198237,1,1,0,1,1.4096916299559472,3401_left.jpg
0.04049072265625,0.8071751582755502,0.4617204899777283,0,1,0,0,5.6125,3856_left.jpg
0.028291015625,0.34803244735933725,0.14860982866523031,0,0,0,0,2.6666666666666665,3801_right.jpg
0.04875244140625,0.9056537633331664,0.10909637237762237,1,1,0,1,2.237762237762238,3187_left.jpg
0.004052734375,0.6114457831325302,0.052798982188295165,0,0,0,0,4.9125,2531_left.jpg
0.0371533203125,0.9900775397555527,0.22314110177568586,1,0,0,0,4.228346456692913,2259_right.jpg
0.18191650390625,0.9825399594701596,0.45126574612403103,1,1,0,1,2.4806201550387597,4444_right.jpg
0.203779296875,0.876168112330474,0.21171875,1,1,0,1,1.0389610389610389,3565_right.jpg
0.14735107421875,0.9990721564079198,0.3149000333917689,0,0,0,0,1.4545454545454546,2926_left.jpg
0.0373681640625,0.3859924212727035,0.28814006024096384,1,1,0,0,7.710843373493976,2286_right.jpg
0.07001708984375,0.5083510582656299,0.3048363095238095,1,1,0,0,4.35374149659864,868_left.jpg
0.0001123046875,1.0,0.8214285714285714,0,1,1,0,0.875,4105_left.jpg
0.16789306640625,0.6453489217525339,0.2776526162790698,1,1,0,1,1.6537467700258397,2248_right.jpg
0.54365966796875,0.9996811611124333,0.6515771301498128,1,1,0,1,1.198501872659176,4320_right.jpg
0.17551025390625,0.9709691329688825,0.277349537037037,1,1,0,1,1.5802469135802468,893_left.jpg
0.419111328125,0.9674138453293567,0.419111328125,1,1,1,1,1.0,4380_left.jpg
0.06591064453125,0.7323035892876987,0.16100310114503816,1,1,0,1,2.4427480916030535,5101_right.jpg
0.66769287109375,0.9941825388409686,0.66769287109375,1,1,1,1,1.0,1011_left.jpg
0.0133056640625,0.8568807339449541,0.09001866442032935,1,0,0,1,1.2857142857142858,2676_left.jpg
0.1565380859375,0.9224710689665928,0.2629511154855643,1,1,0,1,1.6797900262467191,1794_right.jpg
0.12963134765625,1.0,0.628515625,1,1,0,0,4.848484848484849,3989_right.jpg
0.32605224609375,1.0,0.7270851480836237,1,1,0,0,2.229965156794425,1383_left.jpg
0.9979150390625,1.0,0.9979150390625,1,1,1,1,1.0,3412_right.jpg
0.14040283203125,0.7623154636665566,0.16017435383244208,1,1,0,1,1.1408199643493762,4400_left.jpg
0.00427978515625,0.35482030804335424,0.0913258661109664,0,0,0,0,6.345454545454546,2226_right.jpg
0.155390625,0.9933697838109603,0.24924812030075189,1,1,0,1,1.6040100250626566,1294_right.jpg
0.03004638671875,0.2678963191679532,0.1743151752075012,1,0,0,0,4.666666666666667,65_right.jpg
0.0002783203125,0.9473684210526315,0.5089285714285714,0,0,0,1,4.571428571428571,1333_left.jpg
0.03451904296875,0.9779333757691492,0.11806605152185712,1,0,0,1,2.5906976744186045,785_right.jpg
0.87608642578125,0.999871810949017,0.87608642578125,1,1,1,1,1.0,2443_right.jpg
0.24764404296875,0.6379257652683985,0.5516069389308826,1,0,0,0,1.3432432432432433,290_right.jpg
0.0739111328125,0.4816013741164035,0.3012937898089172,1,1,0,0,4.076433121019108,4430_left.jpg
0.09147705078125,0.5303851183645146,0.1812548374613003,1,1,0,0,1.9814241486068112,896_left.jpg
0.371943359375,0.9945913303751936,0.4848141547861507,1,1,0,1,1.3034623217922607,4298_left.jpg
0.09268310546875,0.8666333008455601,0.24818906903765692,1,1,0,1,2.6778242677824267,4124_right.jpg
0.09286865234375,0.8373248508110097,0.2919384794854871,1,0,0,1,2.5286343612334803,3986_left.jpg
0.04392822265625,0.9869393653087312,0.16641694413614502,1,0,0,1,2.4056603773584904,5153_left.jpg
0.1998828125,0.47204172366621067,0.4634963768115942,1,1,0,0,2.318840579710145,4833_right.jpg
0.20531494140625,0.575192931971414,0.45000535102739725,1,1,0,0,2.191780821917808,2457_left.jpg
0.14283935546875,0.6184900952022835,0.24120629947229552,1,1,0,0,1.6886543535620053,886_right.jpg
0.12331787109375,0.9988913306012551,0.3182396673387097,1,1,0,0,2.5806451612903225,4112_right.jpg
0.0209423828125,0.9836791792958731,0.508657495256167,0,0,0,0,0.9117647058823529,4581_left.jpg
0.22323974609375,0.6579249554347707,0.3092498647186147,1,1,0,1,1.3852813852813852,2468_right.jpg
0.10804443359375,0.6284261665348548,0.548797123015873,1,1,0,0,5.079365079365079,4284_right.jpg
0.0187890625,0.5120841995841996,0.04310035842293907,1,1,0,1,2.293906810035842,4423_right.jpg
0.18251953125,0.9410647405029428,0.407433647610224,1,0,0,0,1.8971061093247588,5165_right.jpg
0.13679931640625,0.8393625185158746,0.32790847378277155,1,1,0,1,2.397003745318352,1979_right.jpg
0.88248291015625,1.0,0.88248291015625,1,1,1,1,1.0,3759_right.jpg
0.57242919921875,0.8716407852704219,0.57242919921875,1,1,1,1,1.0,1838_left.jpg
0.00104248046875,1.0,0.6810207336523126,1,0,0,0,0.5757575757575758,338_right.jpg
0.39298095703125,0.9998571117944894,0.5467561141304348,1,1,0,1,1.391304347826087,2586_right.jpg
0.30862548828125,0.8994802749717197,0.5595476274787535,1,1,0,0,1.8130311614730878,2182_right.jpg
0.0280908203125,0.6938119242134538,0.1083019578313253,1,1,0,0,3.855421686746988,479_left.jpg
0.0001318359375,0.3888888888888889,0.0019176136363636364,1,1,0,0,14.545454545454545,1258_right.jpg
0.2037841796875,0.7703007068407811,0.2076781449044586,1,1,0,1,1.019108280254777,745_left.jpg
0.79287109375,0.9999137824855278,0.79287109375,1,1,1,1,1.0,3102_left.jpg
0.118955078125,0.7140013135210573,0.1825689448441247,1,1,0,1,1.5347721822541966,1176_left.jpg
0.84553955078125,0.55995241573861,0.84553955078125,1,1,1,1,1.0,2144_left.jpg
0.16067138671875,0.872209812949203,0.2801898841961853,1,1,0,1,1.7438692098092643,2171_right.jpg
0.05020263671875,0.25818217186208237,0.15155512971698112,1,1,0,1,3.018867924528302,804_right.jpg
0.032626953125,0.6420981741993416,0.07879716981132076,1,1,0,1,2.4150943396226414,1231_left.jpg
0.26956787109375,0.96915274192818,0.2734127377179081,0,1,1,1,0.9859375,1424_right.jpg
0.13181396484375,0.6081569150413958,0.2712570337620579,1,1,0,1,2.057877813504823,814_right.jpg
0.0951123046875,0.8446788849530263,0.23965305118110236,1,1,0,1,2.5196850393700787,4448_left.jpg
0.01733154296875,0.4742921538244823,0.04951869419642857,1,1,0,1,2.857142857142857,3846_left.jpg
0.3364892578125,0.9991583590904474,0.3873257643884892,1,1,0,1,1.1510791366906474,5055_left.jpg
0.036240234375,0.7060091619509566,0.1739171187215147,0,1,0,0,4.547445255474453,1407_right.jpg
0.0647119140625,0.6411001282728439,0.37311373873873876,1,1,0,0,5.7657657657657655,1013_right.jpg
0.8862744140625,1.0,0.8862744140625,1,1,1,1,1.0,777_left.jpg
0.034169921875,0.6864818519577022,0.20602955897073544,1,0,0,0,5.513513513513513,2960_right.jpg
0.0,0.0,0.0,0,0,0,0,0.0,436_left.jpg
0.25628173828125,0.9999142636678003,0.38867372630331753,1,1,0,1,1.5165876777251184,1858_right.jpg
0.07245849609375,0.963138919774925,0.3139771068277511,1,0,0,0,4.145695364238411,4198_left.jpg
0.640732421875,0.9999199829296916,0.6711436170212766,1,1,0,1,1.0474631751227497,3859_right.jpg
0.02966552734375,0.986256275203687,0.0746797944784522,0,0,0,1,2.183150183150183,4695_right.jpg
0.05865234375,0.9053030303030303,0.1394441735738664,0,1,0,1,2.006825938566553,3419_right.jpg
0.401103515625,0.7599030993596767,0.4994285019455253,1,1,0,0,1.245136186770428,2493_right.jpg
0.04923828125,0.7609083696945657,0.112144128113879,1,1,0,1,2.2775800711743774,3491_right.jpg
0.0,0.0,0.0,0,0,0,0,0.0,4744_right.jpg
0.202431640625,0.3792151092672102,0.31143329326923075,1,1,0,1,1.5384615384615385,4352_left.jpg
0.2368408203125,0.9999381507061128,0.7694321065989848,1,1,0,0,3.248730964467005,1402_left.jpg
0.0043798828125,0.39409141583054624,0.0775213896810993,0,0,0,0,6.879310344827586,3492_left.jpg
0.01758056640625,0.4284127204554923,0.049567378180992175,1,0,0,1,1.8398576512455516,798_left.jpg
0.3254833984375,0.9975547187926611,0.45883122246696034,1,1,0,1,1.4096916299559472,4214_left.jpg
0.01489990234375,1.0,0.5381834215167548,0,0,0,0,1.728395061728395,1326_left.jpg
0.00236083984375,1.0,0.8058333333333333,1,0,0,0,0.5208333333333334,1063_right.jpg
0.09470703125,0.953083109919571,0.2598397770811564,1,0,0,1,1.4670846394984327,3229_left.jpg
0.18369384765625,0.8738985393601892,0.2880920473254968,1,0,0,0,1.553658536585366,4691_left.jpg
0.11480712890625,0.7162147793726741,0.23702116935483872,1,1,0,0,2.064516129032258,1844_left.jpg
0.08234619140625,0.8872780100210501,0.21336664979757086,1,1,0,0,2.591093117408907,3842_right.jpg
0.00147705078125,0.6694214876033058,0.1906112161310649,0,0,0,0,6.0,964_right.jpg
0.002421875,0.6431451612903226,0.12074001947419669,1,0,0,1,48.61538461538461,2408_right.jpg
0.47284912109375,0.9761202814967033,0.7381059451219513,1,1,0,1,1.5609756097560976,3402_left.jpg
0.1257177734375,0.6185380821066532,0.22474685754189944,1,1,0,1,1.7877094972067038,4328_right.jpg
0.07342041015625,0.2653543045256542,0.1992988455472053,1,0,0,1,2.433734939759036,483_right.jpg
0.01881591796875,0.9967561956662774,0.08344160062361959,1,0,0,1,1.3875968992248062,540_left.jpg
0.53888916015625,0.9379284099506635,0.5607952235772358,1,1,0,1,1.0406504065040652,4926_left.jpg
0.28080078125,0.834379564582319,0.36826331967213116,1,1,0,1,1.3114754098360655,3153_right.jpg
0.024951171875,0.7779843444227006,0.5555555555555556,1,0,0,0,3.452054794520548,5082_right.jpg
0.069296875,0.3130284667418264,0.15953237410071944,1,1,0,1,2.302158273381295,7_left.jpg
0.17962646484375,0.6286102616377846,0.2654987009237875,1,1,0,0,1.4780600461893765,2795_left.jpg
0.60123046875,0.9987696130981386,0.60123046875,1,1,1,1,1.0,2576_right.jpg
0.3539306640625,0.9999931020211078,0.5565494471744472,1,1,0,0,1.5724815724815724,2450_left.jpg
0.03591796875,0.8584828711256117,0.15559362903737547,1,0,0,0,4.03921568627451,903_right.jpg
0.02888916015625,0.9951829629003633,0.4678924476077501,0,1,0,0,3.1222222222222222,3792_right.jpg
0.23607177734375,1.0,0.4796378968253968,0,1,0,0,1.96875,4460_left.jpg
0.0,0.0,0.0,0,0,0,0,0.0,112_left.jpg
0.0261669921875,0.9784474715431983,0.4357264818277909,1,0,0,0,2.561224489795918,2452_left.jpg
0.010078125,0.9416182170542635,0.18702428416092787,1,0,0,1,0.3588709677419355,3972_right.jpg
0.0819921875,0.7646796093377799,0.1453601108033241,1,1,0,0,1.7728531855955678,5140_left.jpg
0.0005322265625,1.0,0.6449704142011834,0,0,0,0,2.0,104_right.jpg
0.12451904296875,0.7208399505911417,0.12451904296875,1,1,1,1,1.0,2640_left.jpg
0.0559619140625,0.7926446208882296,0.16658430232558138,1,1,0,1,2.9767441860465116,5094_left.jpg
0.1160791015625,0.9062592016152778,0.22858653846153845,1,1,0,1,1.9692307692307693,964_left.jpg
0.1943115234375,0.7174519411986431,0.1943115234375,1,1,1,1,1.0,945_right.jpg
0.310166015625,0.9995670791221939,0.5156006493506493,1,1,0,1,1.6623376623376624,1744_left.jpg
0.02017578125,0.26028557599225555,0.20826612903225805,1,1,0,0,10.32258064516129,3995_right.jpg
0.06077392578125,0.7293214960028924,0.2113229651261503,0,1,0,0,3.066326530612245,807_left.jpg
0.4141455078125,0.9845255078580945,0.5354608585858586,1,1,0,1,1.292929292929293,3782_right.jpg
0.02404052734375,0.48034934497816595,0.026945599824868653,1,1,0,1,1.1208406304728546,419_right.jpg
0.039853515625,0.9894633668218574,0.09886143410852713,1,1,0,1,2.4806201550387597,4700_left.jpg
0.00248046875,0.71751968503937,0.017812061711079945,1,0,0,0,2.3741935483870966,2055_left.jpg
0.59168212890625,0.9984733013414318,0.59168212890625,1,1,1,1,1.0,1717_left.jpg
0.0227099609375,0.9066867340356912,0.05700802843659986,0,1,0,0,2.4324324324324325,1868_left.jpg
0.0013037109375,0.50187265917603,0.04171875,1,1,0,1,32.0,204_right.jpg
0.24219970703125,0.9958268232447961,0.36558446344339623,1,1,0,1,1.509433962264151,1005_left.jpg
0.2720751953125,0.9978374401033722,0.3869513888888889,1,1,0,1,1.4222222222222223,2697_left.jpg
0.05875732421875,0.514480408858603,0.26669991134751775,1,1,0,0,4.539007092198582,2720_right.jpg
0.52000732421875,0.8636540763867696,0.6232297518726592,1,1,0,1,1.198501872659176,251_right.jpg
0.00013916015625,0.7894736842105263,0.18269230769230768,0,0,0,0,34.666666666666664,1128_left.jpg
0.0014111328125,0.43771626297577854,0.5017361111111112,1,0,0,1,4.5,437_left.jpg
0.36842041015625,0.9995891454888838,0.42715409873188404,1,1,0,0,1.1594202898550725,2368_left.jpg
0.16293212890625,0.8169980670392736,0.42047001008064516,1,1,0,0,2.5806451612903225,856_left.jpg
0.1099951171875,0.9700137612642606,0.23387666112956812,1,1,0,0,2.12624584717608,934_right.jpg
0.4787890625,0.9934119278779473,0.5462121212121213,1,1,0,1,1.1408199643493762,3766_left.jpg
0.01507080078125,0.647173173497489,0.08848910550458716,1,1,0,0,5.871559633027523,3464_left.jpg
0.12541748046875,0.648868038387417,0.15926029265873015,1,1,1,0,1.2698412698412698,3516_right.jpg
0.0755419921875,0.7505978928317497,0.12986435214719808,1,0,0,0,1.676392572944297,3043_left.jpg
0.1044873046875,0.4321930931351932,0.35760360962566845,1,1,0,0,3.4224598930481283,3034_left.jpg
0.569814453125,1.0,0.8560592723004695,1,1,0,1,1.5023474178403755,4223_right.jpg
0.4220361328125,0.9789374428748279,0.5528032541540351,0,1,0,0,1.2213438735177866,3127_left.jpg
0.0620703125,0.9884754562617999,0.135580204778157,1,1,0,1,2.1843003412969284,4810_right.jpg
0.72578369140625,0.9999697256131405,0.8507354624542125,1,1,0,1,1.1721611721611722,3037_left.jpg
0.015634765625,0.976420986883198,0.03438573883161512,1,1,0,0,2.1993127147766325,970_left.jpg
0.12329345703125,0.9939011108690917,0.26215220099667774,1,1,0,1,2.12624584717608,4406_left.jpg
0.13822265625,0.9652395082662145,0.21735257985257986,1,1,0,1,1.5724815724815724,4587_left.jpg
0.06210205078125,0.9980343593977277,0.16841234110169492,1,1,0,1,2.711864406779661,1973_left.jpg
0.1943115234375,0.7174519411986431,0.1943115234375,1,1,1,1,1.0,944_right.jpg
0.201533203125,0.32050443378398025,0.3633274647887324,1,1,0,1,1.8028169014084507,2523_left.jpg
0.0,0.0,0.0,0,0,0,0,0.0,460_right.jpg
0.6562939453125,0.9994048017617868,0.7595445298372514,1,1,0,1,1.1573236889692586,699_left.jpg
0.0,0.0,0.0,0,0,0,0,0.0,168_left.jpg
0.0620361328125,0.2712317985045258,0.21231617647058823,1,1,0,0,3.4224598930481283,125_left.jpg
0.1228173828125,0.5110921162485588,0.43668402777777776,1,1,0,0,3.5555555555555554,3327_left.jpg
0.24011474609375,0.7797683805960285,0.29049799149338373,1,1,0,1,1.2098298676748582,1638_right.jpg
0.220888671875,0.8781665856138644,0.25986902573529413,1,1,0,1,1.1764705882352942,3271_right.jpg
0.0149365234375,0.7880026152337365,0.0516722972972973,1,1,0,1,3.4594594594594597,475_left.jpg
0.03034912109375,0.5656825677741131,0.20885416666666667,1,1,0,0,6.881720430107527,865_left.jpg
0.25106689453125,0.5956221982360435,0.298666937732342,1,1,0,1,1.1895910780669146,4217_right.jpg
0.06387451171875,0.9623896342162596,0.12166573660714286,1,1,0,1,1.9047619047619047,1023_left.jpg
0.04845458984375,0.43653952738449137,0.3152719532342102,0,0,0,0,3.7829457364341086,4431_left.jpg
0.27626220703125,0.99970836978711,0.5666917067307692,1,1,0,1,2.051282051282051,3850_left.jpg
0.0019580078125,1.0,0.7681992337164751,1,0,0,1,3.2222222222222223,2877_left.jpg
0.05182373046875,0.4684599802138785,0.128058638996139,1,1,0,0,2.471042471042471,3826_left.jpg
0.16349365234375,0.9585467469051921,0.33008182176656153,1,1,0,0,2.0189274447949526,1497_right.jpg
0.00015869140625,0.6,0.15625,0,0,0,1,6.5,4574_left.jpg
0.0,0.0,0.0,0,0,0,0,0.0,72_left.jpg
0.0,0.0,0.0,0,0,0,0,0.0,2845_left.jpg
0.14257080078125,0.6104423172423241,0.23886207460732983,1,1,0,0,1.675392670157068,1859_right.jpg
0.01622802734375,0.44741988867158117,0.10191815268556709,0,0,0,0,4.454545454545454,4908_left.jpg
0.00140380859375,0.9373913043478261,0.06701631701631702,0,0,0,0,0.5076923076923077,1956_right.jpg
0.149296875,0.7313088697017268,0.1509478672985782,1,1,0,1,1.0110584518167456,1404_right.jpg
0.816650390625,0.9997578475336323,0.8540134803921569,1,1,0,1,1.0457516339869282,623_right.jpg
0.02271484375,0.7400042992261393,0.05210573476702509,1,1,0,1,2.293906810035842,1860_left.jpg
0.2073486328125,0.8475450370893677,0.3129790683962264,1,1,0,1,1.509433962264151,3340_left.jpg
0.34509033203125,0.8670170995196287,0.34509033203125,1,1,1,1,1.0,3728_right.jpg
0.41352783203125,0.996800113353918,0.41352783203125,1,1,1,1,1.0,1734_left.jpg
0.5314990234375,1.0,0.7028086260330578,1,1,0,1,1.322314049586777,4727_left.jpg
0.0333203125,0.5134085580304807,0.059567039106145254,1,1,0,0,1.7877094972067038,2002_right.jpg
0.0014111328125,0.43771626297577854,0.5017361111111112,1,0,0,1,4.5,438_left.jpg
0.21563232421875,0.6012250489679924,0.26437679597701147,1,1,0,1,1.2260536398467432,4308_right.jpg
0.019619140625,0.3875062220009955,0.156953125,1,1,0,0,8.0,3806_right.jpg
0.11039794921875,0.9729980760299874,0.380132149702411,0,1,0,0,1.5615942028985508,354_right.jpg
0.08083984375,0.8658794394781348,0.10785492092962655,0,1,0,0,1.3051546391752578,5199_left.jpg
0.090888671875,0.7415923498442033,0.09307,1,1,0,0,1.024,1760_left.jpg
0.453193359375,0.8392914861982028,0.5824171686746988,1,1,0,1,1.285140562248996,703_left.jpg
0.51181640625,0.9429545888189277,0.6203835227272727,1,1,0,1,1.2121212121212122,4850_right.jpg
0.78272705078125,0.9994198468520453,0.786413363422292,1,1,1,0,1.0047095761381475,2455_left.jpg
0.001337890625,1.0,0.586096256684492,0,0,0,1,3.235294117647059,1264_left.jpg
0.76503173828125,0.9824608992299518,0.76503173828125,1,1,1,1,1.0,2354_right.jpg
0.5496923828125,0.9954564431455803,0.764789402173913,1,1,0,0,1.391304347826087,519_left.jpg
0.068310546875,0.958577555396712,0.15558274021352314,1,1,0,1,2.2775800711743774,3188_left.jpg
0.88512939453125,1.0,0.89350601340694,1,1,0,1,1.0094637223974763,4398_left.jpg
0.5743798828125,0.9993369207620311,0.6794882162661737,1,1,0,1,1.1829944547134936,5302_left.jpg
0.86416748046875,1.0,0.86416748046875,1,1,1,1,1.0,3314_left.jpg
0.21954345703125,0.5501362246316375,0.36495535714285715,1,1,0,1,1.6623376623376624,2139_left.jpg
0.032578125,0.970773381294964,0.18057077903625218,1,0,0,1,5.218487394957983,2761_right.jpg
0.95587158203125,1.0,0.95587158203125,1,1,1,1,1.0,2776_left.jpg
0.06092041015625,0.887789043401595,0.16932096545453312,1,0,0,1,2.1969111969111967,2421_right.jpg
0.92871337890625,1.0,0.92871337890625,1,1,1,1,1.0,2579_left.jpg
0.03087158203125,0.39319889284302095,0.19562190594059406,1,1,0,0,6.336633663366337,823_left.jpg
0.00103759765625,0.9411764705882353,0.004729368824000713,1,0,0,0,2.5425531914893615,3561_right.jpg
0.009677734375,0.7381432896064581,0.2575698505523067,0,0,0,0,1.7052631578947368,2845_right.jpg
0.01014892578125,0.3276401250902093,0.028740320796460175,1,1,0,1,2.831858407079646,3436_right.jpg
0.07830322265625,0.8720419044055748,0.16270799512987014,1,1,0,1,2.0779220779220777,5315_left.jpg
0.72370849609375,0.9992510904729938,0.7519049310064935,1,1,0,1,1.0389610389610389,3294_right.jpg
0.17205078125,0.5942076285616983,0.4531378600823045,1,1,0,1,2.633744855967078,1120_left.jpg
0.422705078125,0.9811655307843363,0.422705078125,1,1,1,1,1.0,1719_right.jpg
0.12319091796875,0.8920311540062229,0.3285091145833333,1,1,0,0,2.6666666666666665,3176_left.jpg
0.11419921875,0.6407345647340517,0.27069444444444446,1,1,0,1,2.3703703703703702,866_right.jpg
0.0,0.0,0.0,0,0,0,0,0.0,160_right.jpg
0.05401123046875,0.5609546625683678,0.2848772824435345,0,1,0,0,4.666666666666667,3753_left.jpg
0.00095947265625,1.0,0.5038461538461538,0,1,0,0,1.1538461538461537,2188_left.jpg
0.55711669921875,0.9975065185477333,0.7635004014989293,1,1,0,1,1.3704496788008564,880_right.jpg
0.01623291015625,0.9440517371033238,0.05904553850525718,1,0,0,1,1.2026143790849673,2532_right.jpg
0.0865380859375,0.7846301416238786,0.2884602864583333,1,1,0,0,3.3333333333333335,1456_right.jpg
0.05320556640625,0.5175056210709861,0.11275351821192053,1,1,0,1,2.119205298013245,3583_left.jpg
0.25329833984375,0.8891576948655917,0.4566505281690141,1,1,0,1,1.8028169014084507,4885_left.jpg
0.04518310546875,0.9429945426055006,0.13161375661375663,1,0,0,0,1.8064516129032258,4521_right.jpg
0.05170654296875,0.5710373483167288,0.19128432080924856,1,1,0,0,3.699421965317919,1622_right.jpg
0.36780029296875,0.9997411235239062,0.8528702445652174,1,1,0,1,2.318840579710145,1503_left.jpg
0.001650390625,0.9763313609467456,0.057385398981324276,1,0,0,0,1.305263157894737,549_right.jpg
0.0,0.0,0.0,0,0,0,0,0.0,784_left.jpg
0.10423095703125,0.9968847352024922,0.48597609561752986,0,1,0,0,0.7171428571428572,1865_right.jpg
0.038369140625,0.8597607533723594,0.3140687450039968,1,0,0,0,3.475,802_right.jpg
0.01210693359375,0.3042952208106473,0.10993371610986721,0,1,0,0,7.227848101265823,5148_right.jpg
0.13270263671875,0.627007634992181,0.2117947319201995,1,1,0,1,1.5960099750623442,5296_left.jpg
0.921455078125,1.0,0.921455078125,1,1,1,1,1.0,2784_left.jpg
0.68740966796875,0.9978974510145154,0.68740966796875,1,1,1,1,1.0,5079_left.jpg
0.38786376953125,0.880285014697644,0.38786376953125,1,1,1,1,1.0,2180_left.jpg
0.33478271484375,0.8002654473590175,0.33478271484375,1,1,1,1,1.0,3762_right.jpg
0.00074462890625,0.7081967213114754,0.025557231439584382,1,0,0,0,10.323529411764707,5321_left.jpg
0.16668212890625,0.7940474272406368,0.2971491991643454,1,1,0,1,1.7827298050139275,4477_left.jpg
0.27651611328125,0.9061989563927566,0.27651611328125,1,1,1,1,1.0,5015_left.jpg
0.81989501953125,0.9970818482025078,0.81989501953125,1,1,1,1,1.0,2912_right.jpg
0.15169677734375,0.9931117727528768,0.5292138659398689,1,0,0,1,1.3491525423728814,4714_left.jpg
0.072451171875,0.4725704272813048,0.20337171052631578,1,1,0,0,2.807017543859649,1412_left.jpg
0.12450439453125,0.946192913308626,0.3731779065683175,0,1,0,1,2.4957264957264957,1763_left.jpg
0.03395751953125,0.969156661154648,0.358276235124414,0,1,0,0,2.788135593220339,1835_left.jpg
0.05524658203125,0.516858897874409,0.15175026824034335,1,1,0,0,2.7467811158798283,3842_left.jpg
0.38829833984375,1.0,0.801648185483871,1,1,0,1,2.064516129032258,631_left.jpg
0.11168701171875,0.3991955756661639,0.3646922831632653,1,1,0,0,3.2653061224489797,603_right.jpg
0.9218115234375,1.0,0.9218115234375,1,1,1,1,1.0,2032_left.jpg
0.0,0.0,0.0,0,0,0,0,0.0,1356_right.jpg
0.003251953125,0.4744744744744745,0.02007233273056058,1,0,0,0,6.019047619047619,74_right.jpg
0.24216552734375,0.6072123478944662,0.2520096544715447,1,1,0,1,1.0406504065040652,3396_left.jpg
0.17301025390625,0.5026035419459536,0.48281383069323797,1,0,0,1,1.8070175438596492,4280_right.jpg
0.67660888671875,0.9999242257495337,0.8327493990384616,1,1,0,1,1.2307692307692308,3398_right.jpg
0.11560546875,0.6345455313397533,0.15071039364465041,1,0,0,1,1.0855018587360594,1527_left.jpg
0.01890869140625,0.9825693996126533,0.0597746391911708,0,0,0,0,2.9380952380952383,4344_left.jpg
0.1345556640625,0.977882207787495,0.35438528806584363,1,1,0,1,2.633744855967078,1455_left.jpg
0.2337158203125,0.9770395905149901,0.2973720178926441,1,1,0,0,1.2723658051689861,416_left.jpg
0.48105224609375,0.6544034429732185,0.5209364424703892,1,1,0,1,1.0829103214890017,4170_left.jpg
0.00177001953125,1.0,0.5261248185776488,1,0,0,0,2.0384615384615383,1129_right.jpg
0.366474609375,0.9989007914301703,0.5087716919739697,1,1,0,1,1.3882863340563991,2571_right.jpg
0.61046142578125,0.866500029994601,0.6902744037102474,1,1,0,1,1.1307420494699647,665_left.jpg
0.04606689453125,0.48274948327945305,0.1474140625,1,1,0,1,3.2,486_left.jpg
0.67017333984375,0.9999672134730768,0.67017333984375,1,1,1,1,1.0,184_left.jpg
0.350302734375,0.9999372752362633,0.4670703125,1,1,0,0,1.3333333333333333,5308_left.jpg
0.04412109375,0.757580787959274,0.09737068965517241,1,1,0,1,2.206896551724138,2664_right.jpg
0.20127685546875,0.9976468590420048,0.3320030605670103,1,1,0,1,1.6494845360824741,1674_left.jpg
0.0933544921875,0.9543124640410063,0.5481364678899082,1,1,0,0,5.871559633027523,4447_right.jpg
0.862021484375,1.0,0.862021484375,1,1,1,1,1.0,2549_right.jpg
0.0496484375,0.7019571203776553,0.11188380281690141,1,1,0,1,2.2535211267605635,2716_left.jpg
0.00016845703125,1.0,0.8625,1,0,0,1,0.8,154_left.jpg
0.7222607421875,1.0,0.8138149207746479,1,1,0,1,1.1267605633802817,2896_right.jpg
0.16053955078125,0.5355475462688383,0.6715379901960784,1,1,0,0,4.183006535947713,3816_left.jpg
0.264150390625,0.9636030906872712,0.3904301385681293,1,1,0,1,1.4780600461893765,1644_left.jpg
0.26933349609375,0.7051731795973495,0.30562666223404256,1,1,0,0,1.1347517730496455,4376_left.jpg
0.48004638671875,0.9997304541085406,0.5596169171220401,1,1,0,1,1.1657559198542806,1922_right.jpg
0.0335986328125,0.2788112192995204,0.12012918994413407,1,1,0,0,3.5754189944134076,833_right.jpg
0.056064453125,0.6134819717819195,0.24534188034188034,1,0,0,0,2.1634615384615383,1387_left.jpg
0.39826416015625,0.9999938698821178,0.767738140060241,1,1,0,0,1.927710843373494,2810_right.jpg
0.5849560546875,0.9999791317122847,0.7428013392857142,1,1,0,0,1.2698412698412698,2610_right.jpg
0.2877001953125,0.9993211248960473,0.4661471518987342,1,1,0,1,1.620253164556962,1846_left.jpg
0.037607421875,0.5438847052713581,0.20929347826086955,1,1,0,0,5.565217391304348,2965_right.jpg
0.000478515625,1.0,0.725925925925926,0,0,0,0,2.7,3158_right.jpg
0.12020751953125,0.6133801815707699,0.5534734712230216,1,1,0,0,4.60431654676259,908_left.jpg
0.64100341796875,0.9999085905810211,0.64100341796875,1,1,1,1,1.0,1111_right.jpg
0.81885009765625,0.9998598692311591,0.894307273890785,1,1,0,1,1.0921501706484642,4762_left.jpg
0.0801123046875,0.4320716767233498,0.2212229488303108,0,1,0,0,1.3957055214723926,2901_left.jpg
0.453828125,0.9971165432948872,0.6025933609958506,1,1,0,1,1.3278008298755186,2081_left.jpg
0.02576416015625,0.628541646925045,0.19467606257378986,0,1,0,0,7.0,2276_left.jpg
0.00027099609375,0.6486486486486487,0.10277777777777777,0,0,0,0,3.3333333333333335,97_left.jpg
0.14114501953125,0.6864546036358604,0.27880497685185185,1,1,0,1,1.9753086419753085,1796_left.jpg
0.08623779296875,0.9754267757551737,0.19339385046647103,1,0,0,1,2.1868512110726646,4617_right.jpg
0.2556591796875,0.9939742928627361,0.34665651483050847,1,1,0,0,1.3559322033898304,1392_right.jpg
0.0,0.0,0.0,0,0,0,0,0.0,4581_right.jpg
0.0,0.0,0.0,0,0,0,0,0.0,4278_left.jpg
0.12496826171875,0.7698634418895423,0.30410527566539924,1,1,0,0,2.4334600760456273,2142_left.jpg
0.37411865234375,0.9804749443679481,0.628440780839895,1,1,0,1,1.6797900262467191,5208_left.jpg
0.65976806640625,0.6537683031072266,0.65976806640625,1,1,1,1,1.0,4500_left.jpg
0.17311279296875,0.9856572693810202,0.47550295064377684,1,1,0,1,2.7467811158798283,3961_right.jpg
0.09403076171875,0.33052057639880567,0.14859182098765433,1,1,0,0,1.5802469135802468,3871_right.jpg
0.60073486328125,0.7279577015455517,0.60073486328125,1,1,1,1,1.0,5065_right.jpg
0.5373779296875,0.5485030212166644,0.5373779296875,1,1,1,1,1.0,3263_right.jpg
0.91863037109375,1.0,0.91863037109375,1,1,1,1,1.0,2918_left.jpg
0.0566357421875,0.6649711181998448,0.14797662788324148,0,1,0,1,1.943661971830986,855_left.jpg
0.11434326171875,0.5148073022312373,0.22319811662441144,1,0,0,0,1.200956937799043,1407_left.jpg
0.1938134765625,0.973975260121432,0.19472625588697018,1,1,0,1,1.0047095761381475,5114_right.jpg
0.91650634765625,1.0,0.91650634765625,1,1,1,1,1.0,3610_right.jpg
0.0029638671875,1.0,0.6526881720430108,1,0,0,0,2.066666666666667,71_left.jpg
0.00368896484375,0.9636002647253474,0.013592040875071962,1,0,0,0,2.9844559585492227,3475_left.jpg
0.00613037109375,0.3914774990043807,0.0174709860566085,1,0,0,1,2.580508474576271,1388_left.jpg
0.11502685546875,0.6840921150376738,0.43819754464285715,1,1,0,1,3.8095238095238093,3152_left.jpg
0.2321435546875,0.547767284353112,0.3338693820224719,1,1,0,1,1.4382022471910112,1171_right.jpg
0.002978515625,0.8098360655737705,0.25700442384663996,0,0,0,0,2.148936170212766,4608_left.jpg
0.212236328125,0.9943634104817558,0.4395833333333333,1,1,0,1,2.071197411003236,5029_right.jpg
0.58647705078125,0.9991882474887708,0.6063736873990307,1,1,1,0,1.0339256865912763,1342_right.jpg
0.3254638671875,0.9948616007801365,0.5900761331444759,1,1,0,1,1.8130311614730878,4027_left.jpg
0.38650390625,0.968726312597908,0.46760396975425333,1,1,0,1,1.2098298676748582,1482_right.jpg
0.0409814453125,0.9857023710234719,0.37922465208747513,0,0,0,0,5.715909090909091,1657_left.jpg
0.80329345703125,0.9999635290506308,0.80329345703125,1,1,1,1,1.0,755_right.jpg
0.38023681640625,0.8320523933352596,0.38023681640625,1,1,1,1,1.0,942_left.jpg
0.27155029296875,0.9451032573026333,0.34010212818003915,1,1,0,1,1.2524461839530332,1862_left.jpg
0.00240234375,1.0,0.7321428571428571,0,0,0,0,1.3125,3088_left.jpg
0.11788330078125,0.9656000828414621,0.2755552765539754,0,1,0,0,2.1725352112676055,840_right.jpg
0.24226806640625,0.7344935656485242,0.38284336419753084,1,1,0,1,1.5802469135802468,3117_left.jpg
0.41006103515625,0.8840087877543001,0.48509993068391866,1,1,1,0,1.1829944547134936,2604_right.jpg
0.794013671875,0.9946775800361592,0.794013671875,1,1,1,1,1.0,4303_left.jpg
0.0158251953125,0.5518358531317494,0.036563628158844765,1,1,0,1,2.3104693140794224,2835_left.jpg
0.01908203125,0.6392016376663255,0.10912238572585374,0,1,0,0,5.1440677966101696,1651_left.jpg
0.12313232421875,0.5608208585307822,0.1565040650406504,0,1,0,0,1.1736641221374047,1854_right.jpg
0.3501171875,0.9996931830860203,0.7090981012658227,1,1,0,0,2.0253164556962027,4302_right.jpg
0.17666259765625,0.5794419645941875,0.2265812875751503,1,1,0,1,1.282565130260521,4793_left.jpg
0.09234375,0.9977263113367174,0.23927125506072874,1,1,0,1,2.591093117408907,4499_left.jpg
0.22337646484375,0.9907863817694956,0.6297838656387665,1,1,0,0,2.8193832599118944,3678_left.jpg
0.470869140625,0.8740433871870917,0.470869140625,1,1,1,1,1.0,1797_right.jpg
0.00059326171875,0.823045267489712,0.675,0,1,0,0,4.444444444444445,21_left.jpg
0.30428955078125,0.6801752288646229,0.373075311302682,1,1,0,1,1.2260536398467432,1741_right.jpg
0.65912353515625,0.9997259025768862,0.8255167563600783,1,1,0,0,1.2524461839530332,1819_left.jpg
0.00132568359375,1.0,0.7541666666666667,1,0,0,0,0.35555555555555557,2393_right.jpg
0.0297607421875,0.6327317473338803,0.04158706331877729,1,1,0,1,1.3973799126637554,1866_left.jpg
0.34919921875,0.9874923094132781,0.5308491686460808,1,1,0,1,1.520190023752969,1689_left.jpg
0.01433349609375,0.38647589848407427,0.03790945896209054,1,0,0,1,2.5384615384615383,458_right.jpg
0.0518408203125,0.8832061787698974,0.0775110604932323,1,0,0,0,1.3896396396396395,2815_right.jpg
0.11765625,0.7081050796812749,0.312448132780083,1,1,0,0,2.6556016597510372,1416_left.jpg
0.07529541015625,0.8634609772705165,0.14384794776119403,1,1,0,0,1.9104477611940298,2986_left.jpg
0.29482666015625,0.9994865892134049,0.6126268262987012,1,1,0,1,2.0779220779220777,662_left.jpg
0.50756591796875,0.9966522205494014,0.50756591796875,1,1,1,1,1.0,1852_right.jpg
0.0308251953125,0.5763503880880723,0.18684701216444194,0,0,0,0,5.292035398230088,4314_left.jpg
0.04098388671875,0.38386846964913324,0.14653456703910614,1,1,0,0,3.5754189944134076,4007_right.jpg
0.54321044921875,0.996543804691257,0.7349993393234673,1,1,0,1,1.3530655391120507,3007_left.jpg
0.15403076171875,0.9934221996798276,0.4274197372788922,1,0,0,1,1.6734006734006734,1996_left.jpg
0.02347900390625,0.9963606114172819,0.068840372226199,1,0,0,1,2.1653543307086616,93_left.jpg
0.61358642578125,0.9995742564408634,0.61358642578125,1,1,1,1,1.0,2578_left.jpg
0.0,0.0,0.0,0,0,0,0,0.0,169_right.jpg
0.0,0.0,0.0,0,0,0,0,0.0,243_right.jpg
0.2043408203125,0.9770125928934981,0.3213221744471744,1,1,0,1,1.5724815724815724,1643_left.jpg
0.08032470703125,0.9861098446855718,0.17963963963963964,0,1,0,1,1.6818181818181819,4739_right.jpg
0.09604248046875,0.818805765271105,0.11708035714285714,1,1,0,1,1.2190476190476192,3255_left.jpg
0.33973388671875,0.9997269232151198,0.525192481884058,1,1,0,1,1.5458937198067633,4468_right.jpg
0.0129736328125,0.6701166729394054,0.09946840371368673,1,0,0,0,7.571428571428571,5282_left.jpg
0.25408935546875,0.9215757866922892,0.44705756013745707,1,0,0,1,0.6466666666666666,3037_right.jpg
0.0,0.0,0.0,0,0,0,0,0.0,3238_right.jpg
0.002080078125,1.0,0.7955182072829131,1,0,0,1,3.7058823529411766,164_right.jpg
0.7072412109375,1.0,0.8857815557729941,1,1,0,0,1.2524461839530332,770_right.jpg
0.01416748046875,1.0,0.8150280898876404,0,1,0,0,1.1125,177_left.jpg
0.0583056640625,0.7346955866342852,0.13975889513108614,1,1,0,0,2.397003745318352,108_left.jpg
0.34136474609375,0.9968388605594215,0.6743007330246914,1,1,0,0,1.9753086419753085,991_left.jpg
0.103740234375,0.5169678998399698,0.4547517123287671,1,1,0,0,4.383561643835616,4698_left.jpg
0.0021044921875,1.0,0.6505660377358491,0,0,0,0,2.12,167_left.jpg
0.43833740234375,0.993745230947461,0.43833740234375,1,1,1,1,1.0,3314_right.jpg
0.20411865234375,0.6852297056466564,0.4599856954225352,1,1,0,0,2.2535211267605635,3031_left.jpg
0.87265380859375,0.9997901739877294,0.87265380859375,1,1,1,1,1.0,2883_left.jpg
0.014697265625,1.0,0.4874493927125506,0,0,0,0,2.923076923076923,3584_right.jpg
0.061123046875,0.8459817862278319,0.183656103286385,1,1,0,0,3.004694835680751,3777_right.jpg
0.01564208984375,0.5206805056968941,0.20132604323780795,1,0,0,0,6.882352941176471,873_left.jpg
0.000732421875,0.8466666666666667,0.028325937116419602,0,0,0,1,36.64705882352941,1235_left.jpg
0.069306640625,0.9783006904325772,0.16144222020018198,1,0,0,1,2.242857142857143,4787_left.jpg
0.23830322265625,0.9989755043080044,0.4236501736111111,1,1,0,1,1.7777777777777777,398_left.jpg
0.018359375,0.5195478723404255,0.04425690189916253,1,0,0,0,2.3136531365313653,2084_left.jpg
0.44839599609375,0.9975280813228576,0.5363989485981309,1,1,0,0,1.1962616822429906,4418_left.jpg
0.00190185546875,1.0,0.41414141414141414,0,0,0,0,0.5789473684210527,2999_right.jpg
0.036513671875,0.579366140679326,0.15273692810457518,1,1,0,0,4.183006535947713,1225_left.jpg
0.0650732421875,0.5192091243340586,0.3892231308411215,1,1,0,0,5.981308411214953,4004_left.jpg
0.0038232421875,0.4099616858237548,0.01328514710373613,1,0,0,1,3.3351063829787235,443_right.jpg
0.02410400390625,0.7236908741010838,0.07636912128712871,1,1,0,0,3.1683168316831685,604_left.jpg
0.99625244140625,1.0,0.99625244140625,1,1,1,1,1.0,4231_right.jpg
0.12608154296875,0.5978351373855121,0.4718841374269006,1,1,0,0,3.742690058479532,1793_left.jpg
0.0,0.0,0.0,0,0,0,0,0.0,401_left.jpg
0.053271484375,0.6489000916590284,0.17061537258581594,1,0,0,0,3.103448275862069,2765_right.jpg
0.05785400390625,0.3521964805671604,0.14635004940711463,1,1,0,1,2.5296442687747036,1782_left.jpg
0.0,0.0,0.0,0,0,0,0,0.0,1303_right.jpg
0.11046630859375,0.7924724291113223,0.38215371621621624,1,1,0,0,3.4594594594594597,4816_left.jpg
0.1368994140625,0.9992866569176445,0.13841330963665086,0,1,1,1,0.9890625,3916_left.jpg
0.0437158203125,0.9963140846643583,0.31417342176369445,0,1,0,0,2.9927536231884058,806_left.jpg
0.20801513671875,0.9968428341725056,0.4239798964968153,1,1,0,1,2.038216560509554,865_right.jpg
0.7340625,0.9992051138782461,0.8880907372400756,1,1,0,1,1.2098298676748582,2030_right.jpg
0.46968505859375,0.784034971905002,0.5358260918003565,1,1,0,1,1.1408199643493762,4_left.jpg
0.01919921875,0.6665818921668362,0.09682821118991332,1,0,0,1,2.203125,3006_right.jpg
0.0180224609375,0.9004334868599295,0.0350588905775076,1,1,0,0,1.9452887537993921,1126_right.jpg
0.0089453125,0.47543668122270744,0.0360445441309566,0,1,0,0,3.436046511627907,2917_left.jpg
0.12215087890625,0.8791797413706953,0.25502969136274434,1,0,0,1,0.9645232815964523,3124_right.jpg
0.80012939453125,0.9958228191851294,0.80012939453125,1,1,1,1,1.0,751_left.jpg
0.641796875,0.996850273889227,0.641796875,1,1,1,1,1.0,4024_left.jpg
0.37376953125,0.8852745989444532,0.6133653846153846,1,1,0,1,1.641025641025641,5320_left.jpg
0.592900390625,0.9993905753298306,0.7469611220472441,1,1,0,1,1.2598425196850394,680_left.jpg
0.147998046875,0.927515671395579,0.20635893246187365,1,1,0,0,1.3943355119825709,3252_left.jpg
0.9896875,1.0,0.9896875,1,1,1,1,1.0,3355_left.jpg
0.10480224609375,0.8405432478393552,0.21220315187946137,1,0,0,1,1.191747572815534,2280_left.jpg
0.00698486328125,0.6434813002446697,0.042172759433962266,1,1,0,0,6.037735849056604,461_left.jpg
0.019306640625,0.4515680323722812,0.2703589743589744,0,1,0,0,3.611111111111111,1201_left.jpg
0.030185546875,0.22969912649627952,0.13323275862068965,1,1,0,0,4.413793103448276,805_right.jpg
0.012841796875,0.8188212927756654,0.35129900487544247,0,1,0,0,0.31797235023041476,439_right.jpg
0.00014892578125,0.4918032786885246,0.007436303791295867,0,0,0,1,48.53846153846154,4099_right.jpg
0.0551171875,0.6226523742026931,0.11490228013029316,1,1,0,1,2.0846905537459284,4333_right.jpg
0.46891845703125,0.99875044905737,0.5466444672131148,1,1,0,1,1.1657559198542806,4438_left.jpg
0.06739501953125,1.0,0.6692121212121213,1,0,0,0,1.5151515151515151,3711_left.jpg
0.0,0.0,0.0,0,0,0,0,0.0,2220_left.jpg
0.6593603515625,0.9992779756659286,0.6593603515625,1,1,1,1,1.0,4954_left.jpg
0.0,0.0,0.0,0,0,0,0,0.0,772_left.jpg
0.00025390625,0.75,0.3501683501683502,0,0,0,1,3.6666666666666665,3546_left.jpg
0.01778564453125,0.49457789979409744,0.16892753623188406,1,0,0,0,7.666666666666667,3699_right.jpg
0.08991455078125,0.6040348638301338,0.14099491592906802,1,0,0,1,1.5388349514563107,447_left.jpg
0.1776611328125,0.5502542256424351,0.3202904929577465,1,1,0,0,1.8028169014084507,4883_left.jpg
0.02779541015625,0.7133948177426438,0.295906432748538,0,0,0,0,5.864197530864198,1062_left.jpg
0.1556689453125,0.8726984724444026,0.17695936944937832,1,1,0,1,1.1367673179396092,1245_right.jpg
0.46258056640625,0.7877428446269389,0.46258056640625,1,1,1,1,1.0,980_right.jpg
0.08385498046875,0.8435671237662677,0.14907552083333334,1,1,0,1,1.7777777777777777,3504_left.jpg
0.0,0.0,0.0,0,0,0,0,0.0,4109_left.jpg
0.0016259765625,1.0,0.592,1,0,0,0,1.8,96_right.jpg
0.68249755859375,1.0,0.763633631993007,1,1,0,1,1.118881118881119,716_left.jpg
1.46484375e-05,1.0,0.75,0,0,0,0,0.5,94_right.jpg
0.02095458984375,0.658744028894326,0.27046700699565135,0,0,0,0,4.719512195121951,1062_right.jpg
0.01068359375,0.2858775137111517,0.14864130434782608,1,1,0,0,13.91304347826087,4886_right.jpg
0.04534912109375,0.5781965006729475,0.2638494318181818,1,1,0,0,5.818181818181818,1481_left.jpg
0.25279541015625,0.9911053165290453,0.3159942626953125,1,1,0,1,1.25,1772_right.jpg
0.0,0.0,0.0,0,0,0,0,0.0,4288_left.jpg
0.345302734375,0.9982324160751153,0.366490464344942,1,1,0,1,1.0613598673300166,716_right.jpg
0.294775390625,0.9707636243167136,0.30136781150159747,1,1,0,1,1.0223642172523961,2285_left.jpg
0.02414306640625,0.44979269895843865,0.050312385526476454,0,1,0,1,2.032154340836013,1190_right.jpg
0.6617333984375,0.9380732421802941,0.6617333984375,1,1,1,1,1.0,4290_right.jpg
0.2632470703125,0.5810565169810621,0.3271419902912621,1,1,0,1,1.2427184466019416,4339_right.jpg
0.05690673828125,0.8019649062593848,0.36272953625894805,1,0,0,0,6.176470588235294,3516_left.jpg
0.060849609375,0.4017412935323383,0.09294451073985681,1,1,0,0,1.5274463007159904,4425_left.jpg
0.01019775390625,0.7854919798898731,0.036182671817882574,0,1,0,1,2.9746192893401013,5217_right.jpg
0.10009765625,0.7380243902439024,0.1423611111111111,1,1,0,0,1.4222222222222223,2283_left.jpg
0.04314208984375,0.759549544451361,0.3173670977011494,1,1,0,0,7.35632183908046,3391_left.jpg
0.11676513671875,0.8385848997428231,0.2320797748447205,1,1,0,0,1.9875776397515528,3347_right.jpg
0.31606201171875,0.9991425856834982,0.6720255398671097,1,1,0,0,2.12624584717608,712_left.jpg
0.037880859375,0.8654292343387471,0.303046875,1,1,0,0,8.0,3858_left.jpg
0.1429296875,0.691309100847226,0.3154310344827586,1,1,0,1,2.206896551724138,3329_right.jpg
0.23639404296875,0.9867082528633543,0.42858976628895185,1,1,0,1,1.8130311614730878,4383_left.jpg
0.99790771484375,1.0,0.99790771484375,1,1,1,1,1.0,1437_left.jpg
0.061533203125,0.40902237740041264,0.19495668316831682,1,1,0,0,3.1683168316831685,749_left.jpg
0.123046875,0.9597619047619048,0.17710309930423782,1,0,0,0,1.3507625272331154,4800_left.jpg
0.1776611328125,0.5502542256424351,0.3202904929577465,1,1,0,0,1.8028169014084507,4879_left.jpg
0.08050048828125,0.5616716707609256,0.1801409527972028,1,1,0,0,2.237762237762238,2722_right.jpg
0.0071484375,1.0,0.7416413373860182,1,0,0,0,1.7872340425531914,5256_left.jpg
0.0787158203125,0.9206935053656721,0.16303600323624595,1,1,0,1,2.071197411003236,5201_right.jpg
0.4199951171875,1.0,0.470747591943958,1,1,1,0,1.1208406304728546,4660_right.jpg
0.0009130859375,1.0,0.7420634920634921,0,0,0,1,3.5,3802_right.jpg
0.10193115234375,0.39536777562214076,0.22264825085324233,1,1,0,1,2.1843003412969284,3820_left.jpg
0.444052734375,0.8009610520991401,0.5056828291814947,1,1,1,0,1.1387900355871887,583_left.jpg
0.26633056640625,0.9837013814408418,0.5212586009174311,1,1,0,1,1.9571865443425076,4673_left.jpg
0.0012841796875,0.6787072243346007,0.01193068408637271,0,0,0,0,2.5303030303030303,2803_left.jpg
0.32963623046875,0.8014501662728949,0.32963623046875,1,1,1,1,1.0,686_right.jpg
0.3208642578125,0.9986912787424101,0.6710886437908496,1,1,0,0,2.0915032679738563,471_right.jpg
0.168974609375,0.9958966653181529,0.4681547619047619,1,1,0,1,2.7705627705627704,3983_right.jpg
0.12722900390625,0.5680540364208547,0.17548828125,1,1,0,0,1.3793103448275863,5202_left.jpg
0.000107421875,0.7045454545454546,0.4074074074074074,0,0,0,0,6.75,4511_left.jpg
0.01740478515625,0.9239725066629261,0.14256004159417682,1,0,0,1,1.1232227488151658,1332_right.jpg
0.65252197265625,0.99928911637165,0.6823759191176471,1,0,1,1,0.95625,3303_left.jpg
0.1147216796875,0.9388806128963609,0.24092493847415913,1,0,0,1,1.440217391304348,4144_right.jpg
0.06179931640625,0.4703907083316873,0.09623251216545012,1,1,0,1,1.5571776155717763,4872_right.jpg
0.0087646484375,0.992757660167131,0.140234375,1,1,0,0,16.0,4888_right.jpg
0.0443408203125,0.7333443453364167,0.5076303873888982,0,1,0,0,4.51685393258427,4130_right.jpg
0.29352294921875,0.6096051635655885,0.31625368265993264,1,1,0,1,1.0774410774410774,0_left.jpg
0.03529541015625,0.8176661824721588,0.15796547202797204,1,1,0,0,4.475524475524476,52_left.jpg
0.10483154296875,0.502503551549873,0.29686808628318584,1,1,0,0,2.831858407079646,3213_left.jpg
0.0087060546875,0.9641054402692092,0.5848778087584058,1,0,0,0,1.3582089552238805,3620_left.jpg
0.35301513671875,0.9992323386009198,0.6346339536516854,1,1,0,0,1.797752808988764,4212_left.jpg
0.9739501953125,0.9978617802622014,0.9739501953125,1,1,1,1,1.0,2555_right.jpg
0.42717529296875,0.9428876785295849,0.42717529296875,1,1,1,1,1.0,5235_right.jpg
0.3031494140625,0.7528952242892808,0.3170189950980392,1,1,0,1,1.0457516339869282,3772_right.jpg
0.00211181640625,1.0,0.6290909090909091,0,0,0,0,2.2,900_right.jpg
0.0216455078125,0.591134671779833,0.08698979591836735,1,0,0,1,1.6979591836734693,3123_left.jpg
0.9214453125,1.0,0.9214453125,1,1,1,1,1.0,1371_left.jpg
0.00387939453125,0.6154814348646948,0.037618371212121214,1,1,0,0,9.696969696969697,1758_right.jpg
0.93234130859375,1.0,0.93234130859375,1,1,1,1,1.0,2500_left.jpg
0.39624267578125,0.9905176184989618,0.39624267578125,1,1,1,1,1.0,4921_left.jpg
0.06179931640625,0.4703907083316873,0.09623251216545012,1,1,0,1,1.5571776155717763,4867_right.jpg
0.06918212890625,0.526308360094576,0.13623557692307692,1,1,0,1,1.9692307692307693,661_left.jpg
0.17136962890625,0.8274186884732095,0.2358635752688172,1,1,0,1,1.3763440860215055,51_right.jpg
0.0412548828125,0.5987099064978104,0.221875,1,1,0,0,5.378151260504202,3389_left.jpg
0.331328125,0.9887556000943174,0.48618942873315324,1,0,0,1,1.2854077253218885,3247_right.jpg
0.03364501953125,0.582033234162978,0.2855810676392573,0,1,0,1,1.1153846153846154,125_right.jpg
0.241298828125,0.6273523817232587,0.241298828125,1,1,1,1,1.0,4546_right.jpg
0.12379150390625,0.5147618578049502,0.26497178093645485,1,1,0,1,2.140468227424749,3182_right.jpg
0.03054931640625,0.6925597378726125,0.1599187178897324,1,0,0,1,2.1904761904761907,2207_left.jpg
0.2908154296875,0.5226162292852465,0.5965444711538461,1,1,0,1,2.051282051282051,4354_right.jpg
0.11810791015625,0.5236372656427641,0.11810791015625,1,1,1,1,1.0,3361_right.jpg
0.0,0.0,0.0,0,0,0,0,0.0,3003_right.jpg
0.00141357421875,1.0,0.8109243697478992,0,1,0,1,3.642857142857143,429_left.jpg
0.20034423828125,0.9622841544704549,0.3024063974056604,1,1,0,1,1.509433962264151,2514_right.jpg
0.09804931640625,0.9992281068698489,0.7130859375,1,1,0,1,7.2727272727272725,2849_right.jpg
0.0,0.0,0.0,0,0,0,0,0.0,3347_left.jpg
0.03809326171875,0.5410497981157469,0.15830965909090908,1,1,0,0,4.1558441558441555,507_right.jpg
0.00080322265625,1.0,0.5864527629233511,0,0,0,0,1.9411764705882353,4228_left.jpg
0.0086962890625,0.2377877596855699,0.027444544607016,1,0,0,0,3.028985507246377,36_left.jpg
0.1455029296875,0.9815765629719118,0.3423598345588235,1,1,0,0,2.3529411764705883,4253_right.jpg
0.0157421875,0.388802729528536,0.03570439770977995,1,0,0,1,1.2440944881889764,1400_left.jpg
0.0299853515625,0.5470607392932747,0.2694130034219531,0,0,0,0,2.6564885496183206,3553_left.jpg
0.01457763671875,0.7085915257075867,0.2020642978003384,0,0,0,0,5.253333333333333,2232_left.jpg
0.06888671875,0.6949248653246385,0.22615860598579696,0,1,0,0,2.7242990654205608,3716_right.jpg
0.0,0.0,0.0,0,0,0,0,0.0,1256_left.jpg
0.0,0.0,0.0,0,0,0,0,0.0,1296_right.jpg
0.0007958984375,1.0,0.5478991596638656,0,0,0,0,2.0588235294117645,429_right.jpg
0.06842041015625,0.9802676181980374,0.27714596518987344,1,1,0,1,4.050632911392405,2053_right.jpg
0.61651611328125,0.9855063855063855,0.61651611328125,1,1,1,1,1.0,3998_right.jpg
0.10490478515625,0.6938025087854034,0.17083730916030535,1,1,0,1,1.6284987277353689,3677_left.jpg
0.0267333984375,0.4151598173515982,0.18009868421052633,1,1,0,0,6.7368421052631575,2968_left.jpg
0.0178076171875,0.4561283246503976,0.23258928571428572,1,1,0,0,13.061224489795919,3386_right.jpg
0.0,0.0,0.0,0,0,0,0,0.0,3592_right.jpg
0.68045166015625,0.9935812107795474,0.68045166015625,1,1,1,1,1.0,5063_right.jpg
0.03341064453125,0.7067592254293021,0.1881177230676179,0,0,0,0,2.3220338983050848,1920_right.jpg
0.1466015625,0.8247069011457501,0.18600501812099246,0,1,0,1,1.2411764705882353,3871_left.jpg
0.00408935546875,0.9808955223880597,0.010344614624505928,1,1,0,0,2.5296442687747036,1048_left.jpg
0.4282421875,0.8489350542734653,0.4282421875,1,1,1,1,1.0,1719_left.jpg
0.72240478515625,0.9998715769338655,0.7692829658901831,1,1,0,1,1.064891846921797,3245_left.jpg
0.1040234375,0.8466015771686068,0.16774935235710517,1,0,0,1,1.5036496350364963,3873_right.jpg
0.0,0.0,0.0,0,0,0,0,0.0,281_right.jpg
0.07307861328125,0.7525807637056092,0.2033491847826087,1,1,0,0,2.782608695652174,2715_left.jpg
0.0014892578125,0.9836065573770492,0.0467576268588073,1,0,0,1,26.954545454545453,4086_left.jpg
0.04535400390625,0.7325725359315283,0.10671530330882353,1,1,0,1,2.3529411764705883,4263_right.jpg
0.045068359375,0.6008125677139762,0.07172441660773815,1,0,0,1,0.9481765834932822,2323_right.jpg
0.0904052734375,0.5423980556305698,0.180810546875,1,1,0,0,2.0,998_right.jpg
0.86846923828125,0.9992887764424766,0.86846923828125,1,1,1,1,1.0,3759_left.jpg
0.0132568359375,1.0,0.6445868945868946,1,0,0,0,6.5,81_right.jpg
0.66525634765625,0.980190026019399,0.66525634765625,1,1,1,1,1.0,3615_right.jpg
0.18599609375,0.9929775280898876,0.35011029411764705,1,1,0,1,1.8823529411764706,2659_right.jpg
0.31309326171875,0.9877342233104341,0.45437570861678006,1,1,0,1,1.4512471655328798,2428_left.jpg
0.1776611328125,0.5502542256424351,0.3202904929577465,1,1,0,0,1.8028169014084507,4880_left.jpg
0.04742431640625,0.6157014157014157,0.10917828237410072,1,1,0,1,2.302158273381295,1027_right.jpg
0.00058837890625,0.7593360995850622,0.016109625668449198,0,0,0,0,9.35,5275_right.jpg
0.17533935546875,0.9158718444979741,0.17533935546875,1,1,1,1,1.0,1619_right.jpg
0.08659423828125,0.965716541204996,0.12566964285714285,1,1,0,1,1.4512471655328798,4144_left.jpg
0.2835693359375,0.9456650882479553,0.38207236842105263,1,1,0,1,1.3473684210526315,2933_right.jpg
0.2356494140625,0.9992022544083214,0.3475014400921659,1,1,0,1,1.4746543778801844,3293_left.jpg
0.00019287109375,0.7215189873417721,0.12153846153846154,0,0,0,1,3.8461538461538463,3622_right.jpg
0.047744140625,0.9996420535896912,0.4682053246504501,1,0,0,0,0.8105726872246696,2044_right.jpg
0.0381005859375,0.5793284634115083,0.15314113006103663,0,0,0,1,1.6175298804780875,4993_left.jpg
0.1646875,0.7314990512333965,0.19314199326568476,1,0,1,0,0.9832214765100671,3522_right.jpg
0.20819091796875,0.667921430665494,0.35721766085790885,1,1,0,0,1.7158176943699732,886_left.jpg
0.021103515625,0.7502313743637204,0.055677938808373593,1,0,0,1,2.484,3117_right.jpg
0.25507568359375,0.9729802161199859,0.42735193062827226,1,1,0,0,1.675392670157068,2512_left.jpg
0.4349169921875,0.9990120241155932,0.6838989557739558,1,1,0,1,1.5724815724815724,3719_right.jpg
0.0,0.0,0.0,0,0,0,0,0.0,3073_right.jpg
0.877724609375,0.9999471511699062,0.877724609375,1,1,1,1,1.0,734_left.jpg
0.64793212890625,0.9990768407606833,0.7137290232358003,1,1,0,1,1.1015490533562822,2033_left.jpg
0.0502392578125,1.0,0.4969091084709746,0,0,0,0,3.0775862068965516,446_right.jpg
0.7084716796875,0.9954443640373548,0.7084716796875,1,1,1,1,1.0,4755_left.jpg
0.01517333984375,0.9934030571198713,0.07840787232700436,0,0,0,1,2.1727748691099475,3078_right.jpg
0.29435302734375,0.9777053422578318,0.3916547557172557,1,1,0,1,1.3305613305613306,666_right.jpg
0.2265771484375,0.9349180009913152,0.22836122047244095,1,1,1,0,1.0078740157480315,3103_right.jpg
0.00080078125,0.8475609756097561,0.001862831958926827,1,0,0,1,1.0895522388059702,2247_left.jpg
0.0,0.0,0.0,0,0,0,0,0.0,2157_left.jpg
0.05835693359375,0.7409948542024014,0.07238069282945736,1,1,0,1,1.2403100775193798,1943_left.jpg
0.215732421875,0.9999773663482866,0.34724449055298817,1,0,0,0,1.1973969631236443,5198_right.jpg
0.0,0.0,0.0,0,0,0,0,0.0,1044_left.jpg
0.05825927734375,0.44017935716381007,0.24055443548387095,1,1,0,0,4.129032258064516,3113_left.jpg
0.082412109375,0.8692380613816802,0.2790674603174603,1,1,0,0,3.386243386243386,1765_right.jpg
0.11502197265625,0.9339460446161357,0.2909646739130435,1,1,0,1,2.5296442687747036,1772_left.jpg
0.0,0.0,0.0,0,0,0,0,0.0,1798_right.jpg
0.90458984375,1.0,0.90458984375,1,1,1,1,1.0,4374_right.jpg
0.00116455078125,0.7316561844863732,0.09511465603190429,1,0,0,0,17.352941176470587,106_right.jpg
0.10111328125,0.8624686111647673,0.20875,1,1,0,0,2.064516129032258,2144_right.jpg
0.00852783203125,0.6487260234755224,0.35211693548387096,1,0,0,0,2.421875,4286_left.jpg
0.3464111328125,0.9245471844386497,0.4206890417457306,1,1,0,0,1.2144212523719164,3610_left.jpg
0.13583251953125,0.8371946726099538,0.14181535481239804,1,1,0,1,1.0440456769983686,4136_right.jpg
0.03248291015625,0.9898534385569335,0.08846409574468085,1,1,0,1,2.723404255319149,1217_right.jpg
0.86369873046875,0.9997201579552875,0.86369873046875,1,1,1,1,1.0,4134_right.jpg
0.012626953125,0.41724671307037897,0.1423068456966762,0,1,0,0,6.12987012987013,408_right.jpg
0.0333203125,0.6713804220398594,0.11403743315508022,1,1,0,0,3.4224598930481283,4857_right.jpg
0.08809814453125,0.999639739503949,0.41338266966045,0,1,0,0,4.517985611510792,2110_left.jpg
0.30219970703125,1.0,0.6379214380688318,0,1,1,0,1.0068337129840548,3066_right.jpg
0.006591796875,0.7959259259259259,0.33088235294117646,0,0,0,0,1.275,350_left.jpg
0.07924560546875,0.9579469484580547,0.1800377170114815,0,1,0,1,2.030201342281879,5294_right.jpg
0.0,0.0,0.0,0,0,0,0,0.0,5080_right.jpg
0.06840576171875,0.9603126449908991,0.44730204342273305,1,0,0,1,0.3310344827586207,3009_right.jpg
0.27114990234375,0.9972267992040553,0.6379997702205882,1,1,0,0,2.3529411764705883,4630_right.jpg
0.95626708984375,1.0,0.95626708984375,1,1,1,1,1.0,4185_left.jpg
0.9420751953125,1.0,0.9420751953125,1,1,1,1,1.0,3806_left.jpg
0.1113720703125,0.5530930772940506,0.3155295484727756,1,0,0,1,1.7430555555555556,1014_left.jpg
0.31002197265625,0.8195692404614718,0.41422560020876825,1,1,0,0,1.336116910229645,3769_right.jpg
0.38116455078125,0.9486052842273819,0.40321539256198347,1,1,0,1,1.0578512396694215,973_right.jpg
0.01953125,1.0,0.6609385327164574,1,0,0,0,2.6176470588235294,3593_left.jpg
0.40460693359375,0.9983346105341918,0.5057586669921875,1,1,0,1,1.25,2197_left.jpg
0.0,0.0,0.0,0,0,0,0,0.0,4606_left.jpg
0.0,0.0,0.0,0,0,0,0,0.0,3001_right.jpg
0.26236572265625,0.7040245661378123,0.26526708135860977,1,1,1,0,1.0110584518167456,2787_left.jpg
0.0789794921875,0.8498608964451314,0.20464321862348178,1,1,0,0,2.591093117408907,2527_left.jpg
0.16572509765625,0.5092588500464047,0.19641493055555556,1,1,0,1,1.1851851851851851,2918_right.jpg
0.00521728515625,1.0,0.5653439153439154,1,0,0,0,1.05,1296_left.jpg
0.0422119140625,0.45309427414690573,0.07223429144385027,1,1,0,1,1.7112299465240641,2159_right.jpg
0.054267578125,0.4631995681122908,0.1847406914893617,1,1,0,0,3.404255319148936,1464_right.jpg
0.01463623046875,1.0,0.5851063829787234,1,0,0,0,1.1595744680851063,1248_left.jpg
0.18989990234375,0.7337721610120463,0.18989990234375,1,1,1,1,1.0,337_left.jpg
0.033291015625,0.49171311234966264,0.17608471074380166,1,1,0,0,5.289256198347108,2649_left.jpg
0.19920654296875,0.981212084073779,0.20866151800327332,1,1,0,1,1.0474631751227497,2340_left.jpg
0.07481689453125,0.4835046500244738,0.1970486111111111,1,1,0,1,2.633744855967078,1456_left.jpg
0.0042822265625,0.5610034207525656,0.13113038277511962,0,0,0,0,9.263157894736842,2868_left.jpg
0.16653564453125,0.926055150777711,0.3752915933098592,1,1,0,1,2.2535211267605635,2830_right.jpg
0.0053271484375,0.8148487626031164,0.015357545045045044,1,1,0,1,2.8828828828828827,4135_left.jpg
0.34772705078125,0.9564625181669464,0.34772705078125,1,1,1,1,1.0,3036_left.jpg
0.015703125,0.5178793532338308,0.2311590296495957,1,0,0,0,2.5238095238095237,3942_right.jpg
0.01475341796875,0.8980638755584974,0.13258007898200966,0,1,0,0,4.056603773584905,1492_left.jpg
0.78141357421875,0.9932670347146066,0.78141357421875,1,1,1,1,1.0,1800_right.jpg
0.00310302734375,0.995279307631786,0.024839743589743588,1,0,0,0,1.1826923076923077,2400_right.jpg
0.3551513671875,0.9817488141884925,0.48671707708779444,1,1,0,1,1.3704496788008564,3763_left.jpg
0.012890625,0.5068181818181818,0.07548464573683307,0,1,0,0,2.310344827586207,2827_right.jpg
0.0626611328125,0.5779241019247253,0.16236082995951417,1,1,0,1,2.591093117408907,4875_right.jpg
0.68862060546875,0.9940189818442241,0.68862060546875,1,1,1,1,1.0,2350_left.jpg
0.00353515625,0.8453038674033149,0.010503028324810502,1,0,0,1,1.5016501650165017,308_left.jpg
0.00303466796875,0.3901850362027353,0.09319238266606687,0,0,0,0,19.73076923076923,2752_right.jpg
0.39429443359375,0.9923406995535686,0.7088439255617978,1,1,0,1,1.797752808988764,4900_right.jpg
2.44140625e-06,1.0,1.0,0,0,0,0,1.0,1724_right.jpg
0.2194287109375,0.9355570884977413,0.38475171232876715,1,1,0,1,1.7534246575342465,3843_right.jpg
0.00066650390625,1.0,0.43333333333333335,0,0,0,0,1.4285714285714286,99_left.jpg
0.12018310546875,0.817234444512158,0.21365885416666666,1,1,0,1,1.7777777777777777,1038_left.jpg
0.21754150390625,0.9061444363391504,0.21754150390625,1,1,1,1,1.0,4930_left.jpg
0.40840087890625,0.754006731188838,0.6050383391203704,1,1,0,0,1.4814814814814814,2597_right.jpg
0.00574951171875,1.0,0.6082128099173554,0,0,0,0,0.5,218_left.jpg
0.0,0.0,0.0,0,0,0,0,0.0,2988_left.jpg
0.51561767578125,0.9985132364569572,0.7551380148741419,1,1,0,0,1.4645308924485125,5186_right.jpg
0.13291259765625,0.8750941386087692,0.21426715994962217,1,1,0,1,1.6120906801007557,4867_left.jpg
0.04416259765625,0.6743877494609984,0.10566868785998855,1,0,0,1,2.2310469314079424,4377_left.jpg
0.01507080078125,0.647173173497489,0.08848910550458716,1,1,0,0,5.871559633027523,3463_left.jpg
0.29498046875,0.9716364298483745,0.39828586497890295,1,1,0,1,1.350210970464135,1100_left.jpg
0.0,0.0,0.0,0,0,0,0,0.0,426_left.jpg
0.0653564453125,0.8568546880836757,0.4530760768384531,0,1,0,0,5.792079207920792,2372_right.jpg
0.49403564453125,0.9229628824305559,0.49403564453125,1,1,1,1,1.0,4716_right.jpg
0.0237060546875,0.5320288362512874,0.07943390052356021,1,1,0,0,3.350785340314136,2984_right.jpg
0.65285888671875,0.9988781314156859,0.65285888671875,1,1,1,1,1.0,4035_right.jpg
0.4313916015625,1.0,0.6121743348115299,1,1,0,0,1.419068736141907,3649_right.jpg
0.0894921875,0.697702968136185,0.171996996996997,1,1,0,1,1.921921921921922,5214_left.jpg
0.019306640625,0.4515680323722812,0.2703589743589744,0,1,0,0,3.611111111111111,1199_left.jpg
0.04392822265625,0.9869393653087312,0.16641694413614502,1,0,0,1,2.4056603773584904,5155_left.jpg
6.103515625e-05,0.36,0.006159152500615915,0,0,0,0,50.111111111111114,4064_right.jpg
0.105849609375,0.5296614078789557,0.5132102272727272,1,1,0,0,4.848484848484849,4706_left.jpg
0.106103515625,0.8989645651173492,0.26668139366493626,1,0,0,0,1.361271676300578,4781_left.jpg
0.8558447265625,0.9991470643609829,0.8863116909385114,1,1,0,1,1.035598705501618,2537_left.jpg
0.79267333984375,1.0,0.9124297437050359,1,1,1,0,1.1510791366906474,979_right.jpg
0.00722412109375,0.4717810070969922,0.14540540540540542,0,0,0,0,6.7272727272727275,1209_left.jpg
0.2478369140625,0.9367870441515456,0.38971898034398034,1,1,0,1,1.5724815724815724,2793_left.jpg
0.9740087890625,1.0,0.9740087890625,1,1,1,1,1.0,4692_right.jpg
0.01979736328125,0.43889505487729685,0.36986863711001644,0,1,0,0,2.896551724137931,1192_left.jpg
0.041083984375,0.9055146184929879,0.11023694260839945,1,0,0,1,1.7781569965870307,2079_left.jpg
0.9137939453125,1.0,0.9137939453125,1,1,1,1,1.0,4058_right.jpg
0.14650634765625,0.5989601559766035,0.15421720805921052,1,1,0,1,1.0526315789473684,4174_left.jpg
0.04134033203125,0.4213075060532688,0.4001937984496124,1,0,0,0,6.2926829268292686,3480_right.jpg
0.389296875,0.9918159241420831,0.3973684210526316,1,1,0,1,1.0207336523125996,4844_left.jpg
0.70593505859375,0.991499251256264,0.70593505859375,1,1,1,1,1.0,4780_right.jpg
0.26408447265625,0.9764904917305328,0.36701297467495453,0,1,0,0,1.0413533834586466,1316_right.jpg
0.12836669921875,0.8926567641073432,0.23082022195687293,1,0,0,1,1.6820652173913044,3774_left.jpg
0.396865234375,0.8235869484977485,0.5474003232758621,1,1,0,0,1.3793103448275863,2534_left.jpg
0.52747314453125,0.9640458591179016,0.7275491648706897,1,1,0,1,1.3793103448275863,4533_right.jpg
0.65582763671875,0.9981386830065481,0.65582763671875,1,1,1,1,1.0,4034_right.jpg
0.08236083984375,0.6515191937157255,0.2230885212077927,0,1,0,1,2.059040590405904,378_right.jpg
0.0974853515625,0.9992987728524919,0.378125,1,0,0,0,1.1733333333333333,750_right.jpg
0.461884765625,0.9986838488699071,0.49849283305227654,1,1,1,0,1.0792580101180438,1727_left.jpg
0.37696044921875,1.0,0.8435478583916084,1,0,1,1,0.446875,47_left.jpg
0.02016845703125,0.6349110277206149,0.1317123724489796,1,1,0,0,6.530612244897959,4808_left.jpg
0.02259033203125,0.941424402896358,0.3616713570981864,0,0,0,0,3.8048780487804876,5086_right.jpg
0.08701416015625,0.4099211582166606,0.18258709016393443,1,1,0,1,2.098360655737705,4272_left.jpg
0.3608349609375,0.9839510683500453,0.5101091330788505,1,0,0,0,1.387308533916849,1337_right.jpg
0.01707275390625,0.4974974974974975,0.3712965912711054,0,1,0,0,1.1317829457364341,740_left.jpg
0.942548828125,1.0,0.942548828125,1,1,1,1,1.0,2554_right.jpg
0.09177490234375,0.7233114309276156,0.43188189338235294,1,1,0,0,4.705882352941177,466_left.jpg
0.995302734375,0.9999411297206605,0.995302734375,1,1,1,1,1.0,730_left.jpg
0.0085546875,0.9483447488584474,0.036368165400423466,0,1,0,1,2.78494623655914,2187_left.jpg
0.254287109375,0.8795364645339683,0.46103045325779035,1,1,0,1,1.8130311614730878,3980_right.jpg
0.01527587890625,0.6135528208406584,0.17895037895037896,1,0,0,0,3.1714285714285713,2754_left.jpg
0.008115234375,0.9990974729241877,0.042376338602753694,1,0,0,0,0.4363207547169811,1043_left.jpg
0.054453125,0.5302636298421808,0.7362514029180696,0,1,0,0,4.617283950617284,4115_left.jpg
0.55327880859375,0.9380424758299025,0.6032341354344123,1,1,0,1,1.090289608177172,2709_left.jpg
0.17713623046875,0.953249259182689,0.4929008152173913,1,1,0,1,2.782608695652174,3986_right.jpg
0.0021484375,1.0,0.5405405405405406,0,0,0,0,1.1891891891891893,2193_left.jpg
0.00033935546875,0.39568345323741005,0.01670673076923077,1,1,0,1,49.23076923076923,3536_right.jpg
0.0473388671875,0.7039195461578133,0.1929737261146497,1,1,0,0,4.076433121019108,25_right.jpg
0.10974365234375,0.3519610242263798,0.13559061293436295,1,1,0,0,1.2355212355212355,4930_right.jpg
0.0006103515625,1.0,0.26595744680851063,0,1,0,0,2.35,4783_right.jpg
0.0044384765625,0.5847084708470847,0.38354430379746834,0,0,0,0,5.266666666666667,1490_left.jpg
0.0004248046875,0.7528735632183908,0.02671990171990172,0,0,0,1,53.81818181818182,2250_left.jpg
0.34416748046875,0.9906221847046556,0.40941856412639405,1,1,0,0,1.1895910780669146,297_right.jpg
0.166396484375,0.9932067609601503,0.4712112831858407,1,1,0,1,2.831858407079646,1965_left.jpg
0.00015380859375,0.49206349206349204,0.0603448275862069,1,0,0,1,3.2222222222222223,4982_left.jpg
0.3510693359375,0.7428893308669106,0.3510693359375,1,1,1,1,1.0,1983_left.jpg
0.71549560546875,0.997239539081507,0.71549560546875,1,1,1,1,1.0,4724_left.jpg
3.90625e-05,0.5,0.2222222222222222,0,0,0,0,4.5,103_left.jpg
0.3558349609375,0.7177015437392796,0.4887003755364807,1,1,0,0,1.3733905579399142,4169_left.jpg
0.1043701171875,1.0,0.37952769886363635,1,1,0,0,3.6363636363636362,389_right.jpg
0.0,0.0,0.0,0,0,0,0,0.0,201_right.jpg
0.07092529296875,0.6040755912016798,0.3473711901089309,0,0,0,0,2.4972677595628414,4900_left.jpg
0.31281982421875,0.9990322404414232,0.36870108195211787,1,1,0,1,1.1786372007366483,4341_right.jpg
0.6661962890625,0.9998460828074496,0.7389352253032929,1,1,0,1,1.1091854419410745,1379_right.jpg
0.04153564453125,0.5686239934167989,0.3621867881548975,1,0,0,0,4.102803738317757,2628_right.jpg
0.01098876953125,0.5747611641857365,0.23721935279856646,1,0,0,0,6.754716981132075,4341_left.jpg
0.1397119140625,0.847237269772481,0.22023552955665024,1,1,0,1,1.5763546798029557,4649_left.jpg
0.03243896484375,0.7273274629336945,0.2875974025974026,0,0,0,0,3.8181818181818183,3500_right.jpg
0.00114990234375,1.0,0.785,0,0,0,1,4.166666666666667,205_left.jpg
0.1641455078125,0.41382336317934376,0.3345640923566879,1,1,0,0,2.038216560509554,1623_left.jpg
0.063515625,0.574569495694957,0.3359504132231405,1,1,0,0,5.289256198347108,3282_right.jpg
0.107265625,0.8361707938820102,0.558130081300813,1,1,0,0,5.203252032520325,1017_right.jpg
0.00078857421875,1.0,0.7037037037037037,0,0,0,0,1.588235294117647,2673_right.jpg
0.09911865234375,0.5566146949432252,0.12014382102272728,1,1,0,1,1.2121212121212122,1812_right.jpg
0.0020166015625,0.8329297820823245,0.03892187352747149,0,1,0,1,7.277777777777778,2234_right.jpg
0.0857958984375,0.9965568265892664,0.1671955658110712,0,1,0,0,1.918429003021148,5004_right.jpg
0.45422119140625,0.9206015619541089,0.5590414663461538,1,1,0,1,1.2307692307692308,1693_left.jpg
0.07455078125,0.4585734870317003,0.1954228957608028,0,0,0,0,2.3657587548638133,3915_right.jpg
0.028330078125,0.6159944846604619,0.15766304347826088,1,1,0,0,5.565217391304348,770_left.jpg
0.1086474609375,0.7626174104534628,0.18742419137466307,1,1,0,1,1.725067385444744,4120_left.jpg
0.0971923828125,0.9218789248932429,0.35544642857142855,1,1,0,0,3.657142857142857,4816_right.jpg
0.01501953125,0.6165474642392718,0.1929857582031495,1,0,0,0,5.376623376623376,2408_left.jpg
0.23407958984375,0.6269568935846223,0.46237943672839504,1,1,0,1,1.9753086419753085,3694_right.jpg
0.04716796875,0.8280538302277433,0.4375,1,1,0,0,9.27536231884058,3857_left.jpg
0.0242919921875,0.6398994974874372,0.09699935658718244,1,0,0,1,1.8109243697478992,3923_right.jpg
0.90218994140625,0.9992071159315576,0.90218994140625,1,1,1,1,1.0,2563_right.jpg
0.009091796875,0.5279269602577873,0.08288817663817664,0,1,0,0,8.666666666666666,3506_left.jpg
0.414912109375,0.9983230164520912,0.43177845528455283,1,1,1,0,1.0406504065040652,735_left.jpg
0.1173583984375,0.7065737466195132,0.3663871951219512,1,1,0,0,3.1219512195121952,3584_left.jpg
0.0049072265625,0.8532338308457711,0.17238421955403088,0,0,0,0,6.0227272727272725,3185_right.jpg
0.69850341796875,0.9999021345161077,0.69850341796875,1,1,1,1,1.0,1379_left.jpg
0.349619140625,0.9998044747353426,0.6338703966005665,1,1,0,0,1.8130311614730878,1694_right.jpg
0.09003173828125,0.3613634514738184,0.3131538722826087,1,1,0,0,3.4782608695652173,4273_right.jpg
0.40511474609375,1.0,0.6029614825581395,1,1,0,0,1.4883720930232558,3121_right.jpg
0.16431640625,0.8192677998335909,0.4437236286919831,1,1,0,0,2.70042194092827,1387_right.jpg
0.69343505859375,0.9999929585150916,0.69343505859375,1,1,1,1,1.0,1923_right.jpg
0.8028955078125,0.9999787147348769,0.8423821721311475,1,1,0,1,1.0491803278688525,3023_right.jpg
0.05046142578125,0.6575064105665489,0.13801415598290598,1,1,0,0,2.735042735042735,198_left.jpg
0.004453125,1.0,0.7755102040816326,0,1,0,0,1.0208333333333333,3794_left.jpg
0.07179931640625,0.5697235540140774,0.20982448630136985,1,1,0,0,2.922374429223744,4188_left.jpg
0.0403173828125,0.5342739493762868,0.18709355810844494,1,0,0,0,4.439716312056738,879_left.jpg
0.11996337890625,0.5325111423163807,0.2647467672413793,1,1,0,1,2.206896551724138,4351_right.jpg
0.0702392578125,0.6968717413972888,0.21540880503144655,1,0,0,0,2.9716981132075473,2643_right.jpg
0.0,0.0,0.0,0,0,0,0,0.0,78_left.jpg
2.9296875e-05,1.0,1.0,1,0,0,1,1.3333333333333333,1309_left.jpg
0.0,0.0,0.0,0,0,0,0,0.0,2749_left.jpg
0.08640380859375,1.0,0.6213307584269663,1,1,0,0,7.191011235955056,4202_left.jpg
0.284462890625,1.0,0.6478870106761566,1,1,0,1,2.2775800711743774,2062_right.jpg
0.0012646484375,1.0,0.8477905073649754,1,0,0,1,3.6153846153846154,2218_left.jpg
0.04198486328125,0.34895621329301624,0.1350266959798995,1,1,0,0,3.2160804020100504,4129_left.jpg
0.00413818359375,0.5415929203539823,0.34180278281911675,0,0,0,0,1.5263157894736843,3805_right.jpg
0.139736328125,0.6611223705360263,0.2252676322418136,1,1,0,1,1.6120906801007557,3786_right.jpg
0.00610595703125,0.9672131147540983,0.3473611111111111,1,0,0,0,3.125,1586_right.jpg
0.0023388671875,1.0,0.7788617886178861,0,0,0,0,1.3666666666666667,4664_right.jpg
0.0785888671875,0.42892202547374964,0.30299322289156627,1,1,0,0,3.855421686746988,1850_left.jpg
0.0345751953125,0.8097020194887727,0.1549029258955428,0,0,0,1,1.3018867924528301,1657_right.jpg
0.108427734375,0.46073133387372783,0.1840683023872679,1,1,0,1,1.6976127320954908,4312_right.jpg
0.0,0.0,0.0,0,0,0,0,0.0,246_left.jpg
0.50613037109375,0.30574836839338,0.7712462797619047,1,1,0,1,1.5238095238095237,2446_right.jpg
0.301572265625,1.0,0.3465103231597846,1,1,0,1,1.1490125673249552,3126_left.jpg
0.6230712890625,0.9909956506406489,0.7108121657754011,1,1,0,1,1.1408199643493762,3720_left.jpg
0.0,0.0,0.0,0,0,0,0,0.0,2844_left.jpg
0.04015380859375,0.6026022982914817,0.10707682291666666,1,1,0,1,2.6666666666666665,4006_left.jpg
0.08428466796875,0.7231700605393506,0.16058927234076203,1,0,0,1,1.725212464589235,3609_right.jpg
0.0559326171875,0.502968136185072,0.281865157480315,1,1,0,1,5.039370078740157,2330_right.jpg
0.0091748046875,0.40819584885577437,0.024986702127659573,1,1,0,0,2.723404255319149,4044_left.jpg
0.0561962890625,0.9994786688678425,0.26585816585816585,0,1,0,0,2.276923076923077,648_left.jpg
0.0106640625,0.8331043956043956,0.2006062276109121,0,0,0,0,6.701754385964913,5257_left.jpg
0.031484375,0.551333746898263,0.325,1,1,0,0,10.32258064516129,5331_right.jpg
0.3491015625,0.9952654693968893,0.3491015625,1,1,1,1,1.0,3900_right.jpg
0.0181298828125,0.6486668462159978,0.28476110131145027,0,1,0,0,7.491525423728813,2261_right.jpg
0.57933837890625,0.9847322132180348,0.57933837890625,1,1,1,1,1.0,531_right.jpg
0.25307861328125,0.9997009482833467,0.2897501118067978,1,1,0,0,1.144901610017889,659_right.jpg
0.15026123046875,0.842591840382147,0.5724237351190476,1,1,0,1,3.8095238095238093,2062_left.jpg
0.17752197265625,0.9787383273967516,0.3186106327694013,1,0,0,1,1.5721784776902887,4802_left.jpg
0.0289697265625,0.5956514410921961,0.031056323283082075,1,1,0,0,1.0720268006700167,4685_right.jpg
0.61901611328125,0.9940642637123396,0.6842319732297064,1,1,0,1,1.1053540587219344,1341_right.jpg
0.0717578125,0.3087574850299401,0.1331159420289855,1,1,0,1,1.855072463768116,1941_right.jpg
0.067568359375,0.8267813267813268,0.16761143410852714,1,1,0,1,2.4806201550387597,4447_left.jpg
0.019306640625,0.4515680323722812,0.2703589743589744,0,1,0,0,3.611111111111111,1204_left.jpg
0.01025146484375,0.929745177423196,0.07246151722233726,1,0,0,1,3.3257575757575757,2190_right.jpg
0.020595703125,0.5030820293978189,0.30935093509350936,0,0,0,0,1.4962962962962962,3894_right.jpg
0.01138427734375,0.3409822003002359,0.15179036458333334,0,0,0,0,8.533333333333333,4732_left.jpg
0.16107177734375,0.720106100795756,0.17383800590219226,1,1,0,1,1.0792580101180438,4761_right.jpg
0.202666015625,0.8364814725581844,0.31482099514563106,1,1,0,1,1.5533980582524272,2509_left.jpg
0.25915283203125,0.947630217901252,0.35364139125799576,1,1,0,1,1.3646055437100213,2000_left.jpg
0.0,0.0,0.0,0,0,0,0,0.0,2849_left.jpg
0.00260986328125,1.0,0.9426807760141094,1,0,0,1,3.5,3097_left.jpg
0.01730712890625,0.4971081957963041,0.1250882269904009,1,0,0,0,6.695652173913044,5335_right.jpg
0.09061279296875,0.5283308635322645,0.23865097736625515,1,1,0,1,2.633744855967078,1479_left.jpg
0.07459228515625,0.9966942689752234,0.5734421921921922,0,1,0,1,2.5694444444444446,2173_right.jpg
0.75193603515625,0.9972239628822733,0.75193603515625,1,1,1,1,1.0,4540_left.jpg
0.10040771484375,0.4018041675784764,0.14123282967032966,1,1,0,0,1.4065934065934067,3044_left.jpg
0.90340576171875,0.9980569405596768,0.90340576171875,1,1,1,1,1.0,2686_right.jpg
0.0097314453125,0.364274962368289,0.11470833693055915,1,0,0,0,2.5384615384615383,4267_left.jpg
0.0164990234375,0.929121041728322,0.21608313349320543,1,0,0,0,1.618705035971223,4649_right.jpg
0.0765478515625,0.7845569943228934,0.11500146713615024,1,1,0,1,1.5023474178403755,5285_right.jpg
0.07361328125,0.7985871583974529,0.19462571729181594,1,0,0,1,1.3480825958702065,3308_left.jpg
0.07484130859375,0.8843255586364378,0.08535953754650152,1,0,0,1,1.0566037735849056,4696_right.jpg
0.01930908203125,0.517891010241497,0.17163628472222223,1,1,0,0,8.88888888888889,3965_right.jpg
0.87552001953125,0.999891247668099,0.87552001953125,1,1,1,1,1.0,3053_right.jpg
0.28481689453125,0.8538586159899195,0.45457060473815464,1,1,0,0,1.5960099750623442,2780_left.jpg
0.09251708984375,0.9960416941549017,0.20703125,1,1,0,1,2.237762237762238,4022_right.jpg
0.202021484375,0.7122709914439019,0.39418826219512193,1,1,0,1,1.951219512195122,4217_left.jpg
0.15103515625,0.6660739687055477,0.23125,1,1,0,1,1.5311004784688995,2016_left.jpg
0.079267578125,0.7578230873475422,0.2757133152173913,1,1,0,0,3.4782608695652173,2482_right.jpg
0.1461669921875,0.6379321864038751,0.3133964278984066,0,1,0,0,1.7975460122699387,377_left.jpg
0.06618408203125,0.6716219705632815,0.39960200471698115,1,1,0,0,6.037735849056604,5029_left.jpg
0.0812353515625,0.9972350784396226,0.42121653269194254,0,0,0,0,2.308108108108108,1400_right.jpg
0.019453125,0.38165160642570284,0.18847127279608297,0,1,0,0,9.417910447761194,2175_right.jpg
0.0233203125,0.960322445561139,0.28701923076923075,1,1,0,1,12.307692307692308,3137_left.jpg
0.0057421875,0.8490646258503401,0.19100211141789833,0,0,0,0,5.574468085106383,3619_left.jpg
0.00103759765625,0.9411764705882353,0.004729368824000713,1,0,0,0,2.5425531914893615,3563_right.jpg
0.0995263671875,0.6229701221606241,0.19302083333333334,1,1,0,0,1.9393939393939394,4368_left.jpg
0.059443359375,0.3713652045342533,0.14983384615384615,0,1,0,0,2.4038461538461537,2566_left.jpg
0.1222119140625,0.7844500379559711,0.3700079089948185,0,1,0,0,2.147410358565737,557_left.jpg
0.2198046875,0.9618024702328061,0.334144893111639,1,1,0,1,1.520190023752969,3162_left.jpg
0.06361328125,0.4738639852625115,0.29473779466992445,1,0,0,0,4.575539568345324,1732_left.jpg
0.00365966796875,0.8225483655770514,0.13941592261904762,1,0,0,0,4.666666666666667,559_right.jpg
0.73796630859375,0.9993945830066397,0.776806640625,1,1,0,1,1.0526315789473684,3998_left.jpg
0.221513671875,0.9676740290085086,0.3115796703296703,1,1,0,1,1.4065934065934067,4215_left.jpg
0.00357177734375,0.43130553656869447,0.06637931034482758,0,0,0,1,0.6105263157894737,2864_right.jpg
0.3366357421875,0.9984407409019045,0.51296875,1,1,0,1,1.5238095238095237,343_right.jpg
0.09026123046875,0.5323091071380271,0.19128207781456955,1,1,0,1,2.119205298013245,4640_left.jpg
0.0007373046875,0.2582781456953642,0.012112947216428686,0,0,0,0,11.782608695652174,2770_right.jpg
0.0787451171875,0.7926148694735536,0.14317294034090908,1,1,0,1,1.8181818181818181,1741_left.jpg
0.00310302734375,0.995279307631786,0.024839743589743588,1,0,0,0,1.1826923076923077,2395_right.jpg
0.04587158203125,0.9561445526637926,0.1678113696244362,1,0,0,1,1.8653061224489795,94_left.jpg
0.00525390625,0.479089219330855,0.07448944271374178,0,0,0,0,9.907407407407407,145_left.jpg
0.304384765625,0.9740607655041869,0.3411668126094571,1,1,0,1,1.1208406304728546,4650_left.jpg
0.0057470703125,0.9511469838572643,0.29914855763121107,0,0,0,0,2.1147540983606556,2742_left.jpg
0.01052978515625,0.35404590772084393,0.023945147679324895,1,0,0,0,2.2175438596491226,5324_right.jpg
0.234462890625,0.9981777666708318,0.4794129392971246,1,1,0,0,2.0447284345047922,4035_left.jpg
0.0027880859375,0.9439579684763573,0.16893491124260354,1,0,0,0,10.0,3471_right.jpg
0.14877197265625,0.857754730295223,0.27598278985507246,1,1,0,1,1.855072463768116,4555_left.jpg
0.03405517578125,0.7294429708222812,0.2585829749369717,1,0,0,0,6.965909090909091,1175_left.jpg
0.07326416015625,0.7525742277316805,0.0768673155737705,1,1,0,1,1.0491803278688525,4401_right.jpg
0.0160498046875,0.8585336172801947,0.2876142975893599,0,0,0,0,7.035087719298246,493_left.jpg
0.00013427734375,1.0,0.6875,0,1,0,1,0.8,3086_right.jpg
0.00025390625,0.75,0.3501683501683502,0,0,0,1,3.6666666666666665,3539_left.jpg
0.01880615234375,0.4172400363494742,0.051427388773166695,0,1,0,0,2.6666666666666665,4568_left.jpg
0.2057958984375,0.9553230360405248,0.3851151315789474,1,1,0,1,1.871345029239766,1777_left.jpg
0.0,0.0,0.0,0,0,0,0,0.0,3594_left.jpg
0.1213232421875,0.8365798687970378,0.15077063106796115,1,1,0,1,1.2427184466019416,5176_right.jpg
0.0,0.0,0.0,0,0,0,0,0.0,3197_left.jpg
0.5756005859375,0.9995291942010298,0.6613723070017953,1,1,0,1,1.1490125673249552,4946_right.jpg
0.4958447265625,0.992988606485539,0.4958447265625,1,1,1,1,1.0,3752_right.jpg
0.99823486328125,1.0,0.99823486328125,1,1,1,1,1.0,3409_right.jpg
0.82073974609375,0.9983401502193798,0.82073974609375,1,1,1,1,1.0,3316_left.jpg
0.27922607421875,0.9897264166615664,0.27922607421875,1,1,1,1,1.0,4583_right.jpg
0.495849609375,0.8901230920728705,0.6222426470588235,1,1,0,1,1.2549019607843137,3423_right.jpg
0.00215087890625,0.7321225879682179,0.007866071428571429,1,1,0,1,3.657142857142857,1837_right.jpg
0.34194580078125,0.9519923461920163,0.4299514980353635,1,1,0,1,1.2573673870333988,3433_right.jpg
0.019951171875,0.4690406265296133,0.14654353088855016,0,1,0,0,6.178947368421053,822_left.jpg
0.0598779296875,0.4560466443773954,0.4157301466225951,1,0,0,0,6.536842105263158,2458_left.jpg
0.25463134765625,0.7407020336155402,0.25463134765625,1,1,1,1,1.0,3685_left.jpg
0.0,0.0,0.0,0,0,0,0,0.0,647_right.jpg
0.023515625,0.7705564784053156,0.11078395288921605,1,0,0,0,4.251748251748252,4824_left.jpg
0.14158447265625,0.9135757763868053,0.23845805921052632,1,1,0,0,1.6842105263157894,3690_right.jpg
0.1015478515625,0.3663989998557484,0.27773771367521366,1,1,0,0,2.735042735042735,3283_left.jpg
0.00203125,1.0,0.8533333333333334,1,0,0,1,5.769230769230769,434_left.jpg
0.047197265625,0.36514587212911237,0.3470113085621971,1,0,0,0,6.877777777777778,2322_left.jpg
0.0234375,0.8779166666666667,0.6097173705938393,0,1,0,0,0.2851063829787234,1958_right.jpg
0.01697509765625,0.46771177908816336,0.09529879385964912,0,0,0,0,1.4035087719298245,2052_left.jpg
0.01130615234375,0.53573742172317,0.33882060286801285,1,0,0,0,5.254901960784314,2378_left.jpg
3.173828125e-05,0.9230769230769231,0.3611111111111111,0,0,0,0,2.25,86_left.jpg
0.07205322265625,0.5796089858706333,0.180133056640625,1,1,0,1,2.5,57_left.jpg
0.00408447265625,0.6407650926479378,0.12447916666666667,1,1,0,1,30.476190476190474,4668_left.jpg
0.72354736328125,0.9996693266748773,0.72354736328125,1,1,1,1,1.0,2542_left.jpg
0.38234375,0.9055731507968942,0.38234375,1,1,1,1,1.0,4376_right.jpg
0.987333984375,1.0,0.987333984375,1,1,1,1,1.0,5114_left.jpg
0.0,0.0,0.0,0,0,0,0,0.0,3978_right.jpg
0.01870361328125,0.5883043989035374,0.18776960784313726,0,1,0,0,2.2058823529411766,1440_left.jpg
0.03192138671875,0.4916252390057361,0.15695524824738308,0,1,0,0,2.6292134831460676,598_left.jpg
0.4552978515625,0.994723577671725,0.5157356194690266,1,1,0,1,1.1327433628318584,1343_right.jpg
0.0641455078125,0.5574712643678161,0.5547719594594595,1,1,0,0,8.64864864864865,3439_right.jpg
0.0596484375,0.5069990176817288,0.1977979274611399,1,1,0,0,3.316062176165803,3270_right.jpg
0.38567626953125,0.6454773917061777,0.5559297578828829,1,1,0,1,1.4414414414414414,5052_left.jpg
0.0432275390625,1.0,0.6241539763113367,0,0,0,0,1.3680555555555556,5212_left.jpg
0.75638916015625,0.9994674275459384,0.8095134824414716,1,1,0,1,1.0702341137123745,1985_left.jpg
0.0963427734375,0.9363438244387006,0.254790805785124,1,1,0,1,2.644628099173554,2371_right.jpg
0.04923095703125,0.8464666501363749,0.08684024667539447,0,1,0,1,1.7146739130434783,4587_right.jpg
0.00302490234375,0.9063761097659403,0.544137022397892,0,0,0,0,4.304347826086956,1354_right.jpg
0.0632177734375,0.8415076851780335,0.4795185185185185,1,0,0,0,3.75,4226_right.jpg
0.01369873046875,0.9869898413829977,0.19504310344827586,0,0,0,0,7.483870967741935,4395_left.jpg
0.1691064453125,0.7093090405104958,0.4364037298387097,1,1,0,1,2.5806451612903225,1060_right.jpg
0.375068359375,1.0,0.8422587719298246,1,1,0,1,2.245614035087719,1962_right.jpg
0.05874755859375,0.6793832855421186,0.2037079365079365,0,1,0,0,3.306878306878307,3336_right.jpg
0.07697265625,0.512528546054301,0.3611785730651148,1,0,0,0,4.517985611510792,4748_right.jpg
0.04958251953125,0.9457383426067261,0.12065708174904943,1,1,0,1,2.4334600760456273,3482_left.jpg
0.826103515625,0.9995507902545128,0.826103515625,1,1,1,1,1.0,4172_right.jpg
0.216533203125,0.997079781716502,0.3485443913480885,0,1,0,0,1.2678571428571428,932_right.jpg
0.173583984375,0.9993389592123769,0.3703125,1,1,0,1,2.1333333333333333,1224_right.jpg
0.09927978515625,0.9519734415344892,0.22139046167247386,1,1,0,0,2.229965156794425,689_right.jpg
0.055576171875,0.44236513793709364,0.3006339144215531,0,1,0,0,5.258333333333334,5028_left.jpg
0.1091162109375,0.4128742113035307,0.2675646551724138,1,1,0,0,2.4521072796934864,790_right.jpg
0.12249267578125,0.9852908935084608,0.535001759418219,0,1,0,0,2.5706806282722514,2652_right.jpg
0.1743017578125,0.7801075720648794,0.2935608552631579,1,1,0,1,1.6842105263157894,1083_right.jpg
0.3815869140625,0.908373747584742,0.3815869140625,1,1,1,1,1.0,4253_left.jpg
0.019365234375,0.6140948058497226,0.06378513127739134,1,0,0,1,2.84688995215311,468_left.jpg
0.00122802734375,0.878727634194831,0.01935359753751443,0,0,0,0,12.282608695652174,379_right.jpg
0.027041015625,0.5743950884795955,0.06009114583333333,1,1,0,0,2.2222222222222223,3360_right.jpg
0.0379150390625,0.7113972955569865,0.0855449427680647,1,0,0,1,1.237597911227154,1278_left.jpg
0.28140380859375,0.9315044723805558,0.34970570388349514,1,1,0,1,1.2427184466019416,3154_right.jpg
0.03138427734375,0.5285880980163361,0.11146469200887903,0,0,0,0,2.5660377358490565,1140_left.jpg
0.02414306640625,0.44979269895843865,0.050312385526476454,0,1,0,1,2.032154340836013,1188_right.jpg
0.12095458984375,0.9694810568596977,0.26240995762711866,1,1,0,0,2.169491525423729,4545_right.jpg
0.0,0.0,0.0,0,0,0,0,0.0,2994_right.jpg
0.0129296875,0.6487915407854985,0.08842140412388347,1,0,0,0,6.111111111111111,3349_left.jpg
0.00108154296875,1.0,0.8486590038314177,0,0,0,0,0.6206896551724138,1592_right.jpg
0.24059326171875,0.8828782205445117,0.3060988678190374,0,1,1,0,1.252465483234714,1539_left.jpg
0.00047607421875,1.0,0.6331168831168831,0,0,0,0,1.5714285714285714,92_left.jpg
0.0341650390625,0.35272259539802775,0.18763743631000268,1,0,0,0,4.28030303030303,2181_right.jpg
0.02414306640625,0.44979269895843865,0.050312385526476454,0,1,0,1,2.032154340836013,1196_right.jpg
0.05344970703125,0.2820993011464852,0.3600822368421053,1,1,0,0,6.7368421052631575,4129_right.jpg
0.142890625,0.6000888463641334,0.30181518151815184,1,1,0,1,2.112211221122112,5279_left.jpg
0.02454833984375,0.43709597215315765,0.21733491840484168,0,1,0,0,5.126315789473685,4517_left.jpg
0.0,0.0,0.0,0,0,0,0,0.0,3081_right.jpg
0.016025390625,0.7457343083485679,0.08691737288135593,1,1,0,0,5.423728813559322,4814_left.jpg
0.00365966796875,0.9913275517011341,0.10042878199115637,1,0,0,0,0.0774487471526196,2796_left.jpg
0.0105615234375,0.574664817383264,0.012379807692307692,1,1,0,0,1.1721611721611722,5096_left.jpg
0.00180419921875,0.6468200270635994,0.07697916666666667,1,1,0,1,42.666666666666664,2214_right.jpg
0.00695068359375,0.8977871443624869,0.10405701754385965,0,1,0,0,7.6,3654_left.jpg
0.9509521484375,1.0,0.9509521484375,1,1,1,1,1.0,2091_right.jpg
0.16177978515625,0.5709801554365049,0.18006793478260869,1,1,0,1,1.1130434782608696,1029_left.jpg
0.19751220703125,0.9932633712809483,0.35309444832402237,1,1,0,0,1.7877094972067038,5043_left.jpg
0.04237548828125,0.9559255631733594,0.14553793780028676,0,1,0,1,2.087866108786611,931_right.jpg
0.04695556640625,0.4523475276867883,0.07132367665709899,0,1,0,0,1.4859154929577465,4728_left.jpg
0.157744140625,0.9885160651272209,0.4799512709661125,1,0,0,0,2.279835390946502,2923_left.jpg
0.49151123046875,0.9999254928647,0.5234063019966723,1,1,1,0,1.064891846921797,3778_left.jpg
0.0002734375,0.4642857142857143,0.0020348837209302325,1,0,1,1,0.134375,4078_left.jpg
0.73531494140625,1.0,0.763963575487013,1,1,0,1,1.0389610389610389,1911_left.jpg
0.00338134765625,0.7205776173285199,0.03782499453790693,0,0,0,0,4.326086956521739,2389_right.jpg
0.587236328125,0.9814078792011042,0.587236328125,1,1,1,1,1.0,2565_left.jpg
0.66167236328125,0.9990222159906428,0.66167236328125,1,1,1,1,1.0,2495_right.jpg
0.1356689453125,0.8549217203527083,0.4905543785310734,1,1,0,0,3.615819209039548,4632_right.jpg
0.02310302734375,0.28151748916833985,0.1875235320928205,1,0,0,0,6.370786516853933,5139_right.jpg
0.040732421875,0.2716974346679453,0.0863203642384106,1,1,0,1,2.119205298013245,2962_left.jpg
0.04515380859375,0.9801567991349013,0.21015134987728387,0,1,0,0,3.8092105263157894,464_left.jpg
0.04939697265625,0.9280383531853902,0.36521660649819493,1,0,0,0,5.54,2336_left.jpg
0.08826416015625,0.647581113600531,0.41232892335766425,1,1,0,0,4.671532846715328,3392_right.jpg
0.6965185546875,0.9999053607857158,0.7931883896797153,1,1,0,1,1.1387900355871887,2624_left.jpg
0.651240234375,0.999100274416303,0.779053738317757,1,1,0,1,1.1962616822429906,3974_left.jpg
0.07489990234375,0.5626650151569478,0.19565688775510204,1,1,0,0,2.6122448979591835,2128_left.jpg
0.86122314453125,1.0,0.86122314453125,1,1,1,1,1.0,2642_left.jpg
0.0,0.0,0.0,0,0,0,0,0.0,3225_right.jpg
0.0001171875,1.0,0.7619047619047619,1,0,0,0,1.2857142857142858,69_left.jpg
0.55783447265625,0.995334567528415,0.6710790648496241,1,1,0,1,1.2030075187969924,2578_right.jpg
0.1857421875,0.9884989484752892,0.3506637168141593,1,1,0,1,1.887905604719764,3131_right.jpg
0.06431640625,0.7725098694199818,0.16174764077091686,0,1,0,1,2.217712177121771,2239_right.jpg
0.04322509765625,0.9944648404405535,0.39388209121245826,0,1,0,0,1.8709677419354838,4868_right.jpg
0.19105224609375,0.9835665452686729,0.3143276028277635,1,1,0,1,1.6452442159383034,4861_left.jpg
0.94478759765625,1.0,0.94478759765625,1,1,1,1,1.0,3414_right.jpg
0.32404541015625,0.9907254631617808,0.5223905856423173,1,1,0,1,1.6120906801007557,1642_left.jpg
0.61247802734375,1.0,0.7688966941895462,0,1,0,0,1.1441947565543071,951_left.jpg
0.0,0.0,0.0,0,0,0,0,0.0,165_right.jpg
0.3009814453125,0.8950698398793011,0.3009814453125,1,1,1,1,1.0,15_right.jpg
0.597021484375,1.0,0.6368229166666667,1,1,0,0,1.0666666666666667,5185_left.jpg
0.4431103515625,0.9988099042413691,0.6302013888888889,1,1,0,1,1.4222222222222223,5082_left.jpg
0.8354931640625,0.999804218363733,0.8354931640625,1,1,1,1,1.0,4156_left.jpg
0.9154443359375,0.9993119376156772,0.9154443359375,1,1,1,1,1.0,3581_right.jpg
0.0,0.0,0.0,0,0,0,0,0.0,3070_right.jpg
0.23422119140625,0.9750461240188874,0.5064241976351351,1,1,0,0,2.1621621621621623,1857_right.jpg
0.21487548828125,0.9942054014747821,0.34552842336683415,1,1,0,1,1.6080402010050252,530_right.jpg
0.02493408203125,0.8176833447566827,0.11733685661764706,1,1,0,0,4.705882352941177,1651_right.jpg
0.17632080078125,1.0,0.5477927791262136,1,1,0,0,3.1067961165048543,1844_right.jpg
0.120380859375,0.6621440739839377,0.29183238636363634,1,1,0,0,2.4242424242424243,715_right.jpg
0.00822998046875,0.3233461880747553,0.06879591836734694,0,0,0,0,4.9,1345_left.jpg
0.121474609375,0.9669788568212879,0.2776252650373842,0,1,0,0,2.1310344827586207,1504_right.jpg
0.0078173828125,0.6161773891317927,0.02315206466960225,0,1,0,0,0.952755905511811,3851_right.jpg
0.59040283203125,0.9951536002712661,0.59040283203125,1,1,1,1,1.0,2176_left.jpg
0.0328125,0.7685267857142857,0.19090909090909092,1,1,0,0,5.818181818181818,4625_left.jpg
0.0,0.0,0.0,0,0,0,0,0.0,2680_right.jpg
0.190849609375,0.9826408432686895,0.43313386524822695,1,1,0,0,2.269503546099291,2695_right.jpg
0.0,0.0,0.0,0,0,0,0,0.0,4227_left.jpg
0.02490234375,1.0,0.7405256279947727,1,0,0,0,2.732394366197183,3666_right.jpg
0.1239453125,0.8736211786952411,0.2411563801842114,1,0,0,1,1.831858407079646,3822_right.jpg
0.42414794921875,0.9999942439748807,0.4329420853269538,1,1,1,0,1.0207336523125996,5170_left.jpg
0.32242919921875,0.9999848561714887,0.8457159323770492,1,1,0,0,2.622950819672131,2473_right.jpg
0.009326171875,0.6764397905759162,0.35700934579439253,1,0,0,0,4.28,5072_right.jpg
0.0437841796875,0.7004014720642355,0.13232104121475055,1,0,0,1,1.5680272108843538,3626_right.jpg
0.17333984375,0.21473239436619718,0.5019796380090498,1,1,0,1,2.8959276018099547,1121_left.jpg
0.00963134765625,0.6152091254752852,0.08891142663962137,0,0,0,0,1.8954248366013071,229_right.jpg
0.06468505859375,0.9303264766937158,0.11727602691218131,1,1,0,1,1.8130311614730878,5007_right.jpg
0.12225830078125,0.7510633624218703,0.4118174342105263,1,1,0,0,3.3684210526315788,4713_right.jpg
0.00413818359375,0.5415929203539823,0.34180278281911675,0,0,0,0,1.5263157894736843,3803_right.jpg
0.61069580078125,0.9967378398583199,0.6233577551834131,1,1,0,1,1.0207336523125996,1340_right.jpg
0.1256787109375,0.7440654260072264,0.16969277426160337,1,1,0,1,1.350210970464135,3344_right.jpg
0.15292724609375,0.9506377815737799,0.24904182569974553,1,1,0,1,1.6284987277353689,1150_left.jpg
0.09755615234375,0.5632273079906904,0.43358289930555555,1,1,0,0,4.444444444444445,5013_right.jpg
0.02675048828125,0.3772930546682486,0.22756443539845064,0,0,0,0,6.078651685393258,2375_right.jpg
0.32611572265625,0.9042050652432679,0.34159421031096565,1,0,1,1,0.9546875,706_left.jpg
0.00556884765625,0.825076720736519,0.02423089997450497,1,0,0,0,3.5,402_right.jpg
0.1075732421875,0.47635150469792564,0.27429033864541835,1,1,0,1,2.549800796812749,4220_right.jpg
0.00203125,0.6850961538461539,0.0768236380424746,1,0,0,0,7.5,2413_left.jpg
0.073564453125,0.48888225142705427,0.22419642857142857,1,1,0,0,3.0476190476190474,1458_left.jpg
0.03863037109375,0.9871705744801871,0.07336331602373887,1,1,0,1,1.8991097922848665,2385_left.jpg
0.0629443359375,0.6138003258087037,0.5052817246447819,0,1,0,0,2.070063694267516,4474_right.jpg
0.2950634765625,0.9918002945605586,0.5117632113821138,1,1,0,1,1.7344173441734418,1070_right.jpg
0.81044921875,1.0,0.9099780701754386,1,1,0,0,1.1228070175438596,5184_right.jpg
0.010029296875,1.0,0.7750943396226415,0,0,0,0,2.12,3404_right.jpg
0.06685791015625,0.5976994705130546,0.17984264999474625,0,1,0,1,2.475806451612903,4300_left.jpg
0.478662109375,0.9654799551157809,0.5281788793103448,1,1,0,1,1.103448275862069,2302_left.jpg
0.079296875,0.5361145320197044,0.3113496932515337,1,1,0,0,3.9263803680981595,602_right.jpg
0.040869140625,0.8122461170848267,0.1321544169890266,1,0,0,1,0.5543933054393305,3887_right.jpg
0.1193896484375,0.7808678581653102,0.2719194839857651,1,1,0,1,2.2775800711743774,5_left.jpg
0.0016943359375,0.6512968299711815,0.019996542384602085,0,1,0,0,6.337837837837838,73_right.jpg
0.018505859375,0.8058047493403694,0.040382730256147976,0,1,0,1,2.127946127946128,2014_left.jpg
0.06386474609375,0.5447838220115447,0.13997752568493152,1,1,0,0,2.191780821917808,575_right.jpg
0.04244384765625,0.8867989646246764,0.28897938829787234,1,1,0,0,6.808510638297872,485_left.jpg
0.128154296875,0.6378114760344433,0.4607794943820225,1,1,0,0,3.595505617977528,844_right.jpg
0.00966796875,1.0,0.4794188861985472,1,0,0,0,1.6857142857142857,1251_right.jpg
0.0484375,0.5192540322580645,0.2767857142857143,1,1,0,0,5.714285714285714,1468_left.jpg
0.01144775390625,0.32309660908509275,0.07712171052631579,1,1,0,0,6.7368421052631575,531_left.jpg
0.330283203125,0.9905827740161438,0.4065024038461538,1,1,0,1,1.2307692307692308,1783_right.jpg
0.20199462890625,1.0,0.6950352822580645,1,1,0,0,3.4408602150537635,2133_right.jpg
0.1316845703125,0.4049093403537395,0.26030973857060813,1,0,0,0,1.1258741258741258,4084_right.jpg
0.552958984375,0.9996070501386363,0.552958984375,1,1,1,1,1.0,5195_left.jpg
0.29015869140625,0.9526121380911914,0.544579362170088,1,1,0,1,1.8768328445747802,5098_left.jpg
0.01226806640625,0.6511442786069652,0.4044265593561368,0,0,0,0,2.464788732394366,613_left.jpg
0.04656005859375,0.8292695716008599,0.1413556683837972,1,0,0,1,2.713004484304933,4005_left.jpg
0.0772216796875,0.8049636421119191,0.599280030314513,1,0,0,0,3.9224137931034484,1508_left.jpg
0.60668701171875,0.9987806791979043,0.6788106424825174,1,1,1,0,1.118881118881119,2366_right.jpg
0.24547119140625,0.9998110298871152,0.49266237107087735,0,1,0,1,1.7346938775510203,1521_left.jpg
0.99655517578125,0.9997452160641271,0.99655517578125,1,1,1,1,1.0,1746_right.jpg
0.41735595703125,0.959139860426209,0.4661567408376963,1,1,0,1,1.1169284467713787,2728_right.jpg
0.05097412109375,0.6565927486948608,0.13154611895161292,1,1,0,0,2.5806451612903225,3510_right.jpg
0.50302978515625,0.9999951465970365,0.6193331770279126,1,0,1,0,1.1666666666666667,4366_right.jpg
0.713369140625,0.9996338074443182,0.713369140625,1,1,1,1,1.0,2580_right.jpg
0.0,0.0,0.0,0,0,0,0,0.0,1748_left.jpg
0.18072265625,1.0,0.646159217877095,1,1,0,0,3.5754189944134076,58_right.jpg
0.0364501953125,0.9638981915606162,0.46875981161695446,0,1,0,0,1.04,5126_right.jpg
0.03049072265625,0.39434702538233646,0.17580236486486486,1,1,0,0,5.7657657657657655,1776_right.jpg
0.0056689453125,0.8363479758828596,0.1270935960591133,0,1,0,0,4.603174603174603,3596_right.jpg
0.03490234375,0.6756435366536094,0.20674794278855194,1,0,0,0,5.051282051282051,2302_right.jpg
0.00837158203125,0.5727617381160688,0.037088313233464926,0,0,0,1,2.2,1352_left.jpg
0.0512255859375,0.6394052044609665,0.17438497340425532,1,1,0,0,3.404255319148936,4565_right.jpg
0.18282470703125,1.0,0.6923539201183432,1,1,0,0,3.78698224852071,4445_right.jpg
0.03244140625,0.6797110174593618,0.20355392156862745,1,1,0,0,6.2745098039215685,972_right.jpg
0.47455078125,0.9379090011112483,0.47455078125,1,1,1,1,1.0,2116_right.jpg
0.46897216796875,0.7975542841673998,0.5943409653465347,1,1,0,1,1.2673267326732673,711_right.jpg
0.2522314453125,0.9976382678049441,0.6051521754410628,0,1,0,0,1.4178674351585014,1403_right.jpg
0.829755859375,0.9853384255063731,0.829755859375,1,1,1,1,1.0,4418_right.jpg
0.4114501953125,1.0,0.6827388958208424,1,0,0,0,1.5123762376237624,4995_left.jpg
0.00281005859375,0.6255430060816681,0.010617885278869393,0,1,0,1,3.5804597701149423,3841_right.jpg
0.055810546875,0.40336832895888014,0.4050031890014882,1,0,0,0,3.0072992700729926,2222_right.jpg
0.078017578125,0.8610589560645888,0.10307522594879139,0,1,0,0,1.296523517382413,5197_right.jpg
0.16158935546875,0.999788478099929,0.5196843592964824,1,1,0,0,3.2160804020100504,2289_left.jpg
0.318125,0.9422350810412574,0.4241666666666667,1,1,0,1,1.3333333333333333,2886_left.jpg
0.5016552734375,0.9989682593756996,0.5016552734375,1,1,1,1,1.0,4923_right.jpg
0.01015625,0.8884615384615384,0.2942840973401245,0,0,0,1,1.6344086021505377,1284_right.jpg
0.00202880859375,1.0,0.5723140495867769,0,0,0,0,0.75,2751_left.jpg
0.092841796875,0.9886662459240559,0.18453027950310558,1,1,0,1,1.9875776397515528,4199_right.jpg
0.46834716796875,0.9987541376703938,0.4735263625592417,1,1,1,0,1.0110584518167456,3217_right.jpg
0.01483642578125,0.9907849267730788,0.12135553957983865,1,0,0,1,2.0576923076923075,5149_left.jpg
0.00203369140625,0.978391356542617,0.08661744826869086,1,0,0,1,0.3619631901840491,1138_right.jpg
0.8646142578125,0.9999576445872607,0.8646142578125,1,1,1,1,1.0,1914_right.jpg
0.28203125,0.998926592797784,0.4121004566210046,1,1,0,1,1.461187214611872,4828_right.jpg
0.6790576171875,0.9999029272817481,0.6865669431279621,1,0,1,1,0.9890625,3320_right.jpg
0.73327392578125,1.0,0.73327392578125,1,1,1,1,1.0,3638_left.jpg
0.122802734375,0.504234592445328,0.314375,1,1,0,0,2.56,5041_left.jpg
0.02423583984375,0.6583056311070817,0.07418894377723138,0,1,0,0,1.602076124567474,3100_right.jpg
0.01979736328125,0.43889505487729685,0.36986863711001644,0,1,0,0,2.896551724137931,1188_left.jpg
0.02697509765625,0.37206987057652274,0.03802656938325991,1,1,0,0,1.4096916299559472,5086_left.jpg
0.07720947265625,0.8483162055335969,0.1945435531496063,1,1,0,0,2.5196850393700787,3829_right.jpg
0.0432275390625,0.4660002259121202,0.15369791666666666,1,1,0,0,3.5555555555555554,4114_left.jpg
0.349462890625,0.9934539611569093,0.5980113636363636,1,1,0,1,1.7112299465240641,4466_left.jpg
0.0453759765625,0.9125686000215216,0.23610264227642278,1,1,0,0,5.203252032520325,3673_right.jpg
0.08789306640625,0.7648954195716786,0.43605862403100776,1,1,0,0,4.961240310077519,4284_left.jpg
0.01753173828125,0.8704915749895558,0.07387860082304527,1,0,0,1,1.92,4178_right.jpg
0.01840576171875,0.7015519299641862,0.04991393008474576,1,1,0,1,2.711864406779661,2874_left.jpg
0.41849609375,1.0,0.852985668789809,1,1,0,0,2.038216560509554,2770_left.jpg
0.38776123046875,0.9726431903895434,0.38776123046875,1,1,1,1,1.0,3762_left.jpg
0.31553955078125,0.999938102054238,0.8045629980079682,1,1,0,0,2.549800796812749,5261_left.jpg
0.9961376953125,1.0,0.9961376953125,1,1,1,1,1.0,4238_left.jpg
0.4432568359375,0.9869022571299529,0.4775831228956229,1,1,0,1,1.0774410774410774,1841_right.jpg
0.19599853515625,0.8986186021599133,0.4806094348659004,1,1,0,0,2.4521072796934864,1327_left.jpg
0.1983203125,0.9083612369509553,0.3565308988764045,1,1,0,0,1.797752808988764,1077_right.jpg
0.94918212890625,1.0,0.94918212890625,1,1,1,1,1.0,3364_right.jpg
0.22030517578125,0.9842414973902058,0.22030517578125,1,1,1,1,1.0,3897_left.jpg
0.0085498046875,0.7901199314677327,0.17435897435897435,1,0,0,0,1.8932038834951457,233_right.jpg
0.81962890625,0.9997765995472417,0.8515625,1,1,0,0,1.0389610389610389,2587_left.jpg
0.50375244140625,0.9976107048178465,0.6359005177514793,1,1,0,1,1.26232741617357,1004_right.jpg
0.442724609375,0.7336219256644976,0.442724609375,1,1,1,1,1.0,3769_left.jpg
0.1059521484375,0.49903221346605836,0.47419143356643356,1,1,0,0,4.475524475524476,1467_left.jpg
0.11754638671875,0.36930649884728023,0.16006316489361702,1,1,0,1,1.3617021276595744,1710_right.jpg
0.0057763671875,0.5912933220625528,0.20335195530726258,0,1,0,0,2.753846153846154,4729_right.jpg
0.07475830078125,0.6307436073283041,0.1898623511904762,1,1,0,1,2.5396825396825395,4745_left.jpg
0.55286865234375,0.9996423130423263,0.55286865234375,1,1,1,1,1.0,2605_left.jpg
0.0,0.0,0.0,0,0,0,0,0.0,204_left.jpg
0.21438720703125,0.9965836493457688,0.729828789893617,1,1,0,1,3.404255319148936,3160_left.jpg
0.09421142578125,0.8102568089351888,0.1821610649546828,1,1,0,0,1.933534743202417,4372_left.jpg
0.06655517578125,0.6543413667877187,0.11998679577464788,1,1,0,1,1.8028169014084507,2485_left.jpg
0.568271484375,0.999454382980186,0.568271484375,1,1,1,1,1.0,3603_right.jpg
0.07364013671875,0.8288963299406558,0.5299564270152506,0,1,0,0,4.87962962962963,1756_left.jpg
0.1221435546875,0.6864681191285229,0.22724382267441862,1,1,0,1,1.8604651162790697,5295_right.jpg
0.037509765625,0.9928404061442333,0.11929497631803712,1,0,0,1,1.8339622641509434,2832_left.jpg
0.00082275390625,0.9970326409495549,0.5616666666666666,0,0,0,0,2.6666666666666665,1304_right.jpg
0.140927734375,0.9254556163814012,0.23972557227814878,0,1,0,0,1.6587926509186353,3393_right.jpg
0.01150390625,0.9159592529711376,0.3642547928262214,1,0,0,0,2.9696969696969697,2122_right.jpg
0.01556640625,1.0,0.7877440079070916,0,1,0,0,1.6056338028169015,214_right.jpg
0.00136474609375,0.6851520572450805,0.027831715210355986,1,0,0,1,0.5282051282051282,213_right.jpg
0.42802978515625,0.9441595701598782,0.42802978515625,1,1,1,1,1.0,4963_right.jpg
0.7349365234375,0.9996080124904495,0.8237467162872154,1,1,0,1,1.1208406304728546,2352_left.jpg
0.0,0.0,0.0,0,0,0,0,0.0,2252_left.jpg
0.0455517578125,0.3342802015221353,0.0863436531075015,1,0,0,1,1.836734693877551,3305_left.jpg
0.88802490234375,1.0,0.8992657238924051,1,1,0,1,1.0126582278481013,2031_right.jpg
0.04594970703125,0.7235003453589076,0.48492734205915694,0,1,0,0,2.524193548387097,1386_left.jpg
0.47082763671875,0.6035021856251718,0.5081444983136594,1,1,1,0,1.0792580101180438,1881_left.jpg
0.0443994140625,0.3970086880017596,0.19330357142857144,1,1,0,0,4.35374149659864,3114_left.jpg
0.0435693359375,0.2656617729463185,0.05895216701902748,1,1,0,1,1.3530655391120507,1459_right.jpg
0.0016845703125,1.0,0.6955645161290323,1,0,0,1,3.875,79_left.jpg
0.46902587890625,1.0,0.5600309001865672,1,1,0,0,1.1940298507462686,2437_left.jpg
0.04239501953125,0.5416066801036568,0.2416,1,0,0,0,5.434782608695652,1382_left.jpg
0.17384521484375,0.9967418933531815,0.1752140748031496,0,1,1,1,0.9921875,5221_left.jpg
0.280458984375,0.863461471499704,0.3451802884615385,1,1,0,1,1.2307692307692308,452_left.jpg
0.27775146484375,0.9919748257403289,0.4325083637469586,1,1,0,1,1.5571776155717763,49_right.jpg
0.1155126953125,0.7259373546941709,0.23847782258064515,1,1,0,1,2.064516129032258,1040_left.jpg
0.0120654296875,0.7966410360178066,0.29156342182890854,0,0,0,0,3.013333333333333,1059_right.jpg
0.0,0.0,0.0,0,0,0,0,0.0,4110_left.jpg
0.00891845703125,0.451683547768957,0.019365543857417008,1,0,0,1,2.1241610738255035,3862_right.jpg
0.0337451171875,0.5689480538272319,0.103859216735295,1,0,0,1,1.131195335276968,2533_right.jpg
0.18627685546875,0.9979160932646561,0.43351704545454545,1,1,0,1,2.327272727272727,3671_right.jpg
0.08625244140625,0.7341560757451385,0.20909682765151516,1,1,0,1,2.4242424242424243,4633_left.jpg
0.06565185546875,0.32241270313487785,0.16673487103174603,1,1,0,1,2.5396825396825395,3581_left.jpg
0.46966064453125,1.0,0.635481633192389,1,1,0,1,1.3530655391120507,2822_right.jpg
0.11328125,0.9991810344827586,0.48596564725596986,0,1,0,0,0.8211143695014663,5135_right.jpg
0.23171630859375,0.6133219542518781,0.39972624663072776,1,1,0,1,1.725067385444744,133_right.jpg
0.07925537109375,0.8361827311092629,0.2992533185840708,0,1,0,0,1.8833333333333333,3776_left.jpg
0.00141357421875,1.0,0.8109243697478992,0,1,0,1,3.642857142857143,428_left.jpg
0.23559814453125,0.9787981471694593,0.28131121735074627,1,1,0,1,1.1940298507462686,5169_left.jpg
0.209541015625,0.9979144335181992,0.32788814180929093,1,1,0,0,1.56479217603912,4350_left.jpg
0.02722412109375,0.5783337817236123,0.5509387351778656,0,1,0,0,2.391304347826087,3045_right.jpg
0.76955322265625,0.999885790063101,0.76955322265625,1,1,1,1,1.0,769_left.jpg
0.29539794921875,0.9111202942270342,0.35941955798479086,1,1,0,0,1.2167300380228137,1894_right.jpg
0.004990234375,1.0,0.7171929824561404,0,0,0,0,1.9736842105263157,2865_right.jpg
0.1977490234375,0.9144299859255784,0.21858268566493955,1,1,0,1,1.1053540587219344,4296_right.jpg
0.58991943359375,0.9986880822411032,0.7345300340466926,1,1,0,0,1.245136186770428,3818_right.jpg
0.0001025390625,1.0,0.875,0,1,0,0,0.75,2797_left.jpg
0.0,0.0,0.0,0,0,0,0,0.0,280_right.jpg
0.9021875,0.9997862183927952,0.9021875,1,1,1,1,1.0,3055_left.jpg
0.2216650390625,0.8635702799744477,0.47288541666666667,1,1,0,0,2.1333333333333333,4906_right.jpg
0.02605224609375,0.495829819135976,0.1620648806269364,1,0,0,0,4.728813559322034,5133_right.jpg
0.04632080078125,0.7074790491751436,0.1708079007544248,0,0,0,0,2.8333333333333335,2526_left.jpg
0.0827685546875,0.2690401746209663,0.103460693359375,1,1,1,0,1.25,4831_right.jpg
0.20948974609375,0.9593389816681622,0.3899750945317045,0,1,0,0,1.5078534031413613,2913_left.jpg
0.0014453125,0.8243243243243243,0.009158415841584158,1,1,0,0,6.336633663366337,5144_right.jpg
0.7822607421875,1.0,0.8061946457326892,1,1,0,1,1.0305958132045088,2488_left.jpg
0.43142333984375,0.9973176542490281,0.5075568704044118,1,1,0,1,1.1764705882352942,4916_right.jpg
0.00235595703125,0.9150259067357513,0.4702729044834308,1,0,0,0,1.5833333333333333,5145_right.jpg
0.07611083984375,0.6734242181234964,0.2497996794871795,1,1,0,0,3.282051282051282,730_right.jpg
0.929853515625,0.9999763697659031,0.929853515625,1,1,1,1,1.0,2489_left.jpg
0.99845703125,1.0,0.99845703125,1,1,1,1,1.0,2533_left.jpg
0.18212646484375,0.9154680357645545,0.385963369205298,1,1,0,1,2.119205298013245,5065_left.jpg
0.4102880859375,0.9322717697882823,0.5059429190751445,1,1,0,1,1.233140655105973,3046_left.jpg
0.09662841796875,0.6667929962859092,0.18946748621323528,1,0,0,0,1.4166666666666667,4757_right.jpg
0.83061279296875,0.9996090753308898,0.8657853216612378,1,1,0,1,1.0423452768729642,3222_left.jpg
0.22488525390625,0.9955706577790323,0.41121875,1,1,0,0,1.8285714285714285,2685_left.jpg
0.13291259765625,0.8750941386087692,0.21426715994962217,1,1,0,1,1.6120906801007557,4877_left.jpg
0.0480615234375,0.9705882352941176,0.06103731815306768,0,1,0,1,0.9653979238754326,794_left.jpg
0.03195068359375,1.0,0.6415196078431372,0,0,0,0,4.411764705882353,484_left.jpg
0.25411865234375,0.6657988029244767,0.2724220058626466,1,1,0,1,1.0720268006700167,4561_left.jpg
0.00759521484375,0.5168756027000965,0.5537557849768601,0,0,0,0,2.0,5047_left.jpg
0.09690673828125,0.9760663089209685,0.25418160860655736,1,1,0,0,2.622950819672131,4009_left.jpg
0.38414306640625,0.6272077282404906,0.44297578828828826,1,1,0,1,1.1531531531531531,5052_right.jpg
0.18642333984375,0.5398577770793227,0.28819067028985507,1,1,0,1,1.5458937198067633,4119_left.jpg
0.17080810546875,0.8852822206023183,0.2258619576446281,1,1,0,0,1.322314049586777,4449_left.jpg
0.96999755859375,1.0,0.96999755859375,1,1,1,1,1.0,4854_right.jpg
0.302548828125,0.7291404409153998,0.302548828125,1,1,1,1,1.0,5260_right.jpg
0.00522216796875,0.667601683029453,0.05376398140002513,0,0,0,0,3.3486238532110093,5269_right.jpg
0.3578564453125,0.9769747165331769,0.5055808498896247,1,1,0,1,1.4128035320088301,1953_right.jpg
0.685546875,0.9963817663817663,0.685546875,1,1,1,1,1.0,3486_right.jpg
0.1050439453125,0.9262074094733417,0.47553050397877983,1,0,0,1,1.6810344827586208,216_right.jpg
0.050810546875,0.8446569286949837,0.295625,1,1,0,0,5.818181818181818,514_left.jpg
0.046044921875,0.9941145281018028,0.22241615170526913,0,0,0,0,2.866279069767442,4600_right.jpg
0.582568359375,0.9080295029754422,0.6866367403314917,1,1,0,1,1.1786372007366483,851_right.jpg
0.07423583984375,0.27753477817607786,0.10217405913978495,1,1,0,1,1.3763440860215055,374_right.jpg
0.1351220703125,0.9995302280200918,0.32028935185185187,1,1,0,1,2.3703703703703702,496_left.jpg
0.54482666015625,0.9961552421794131,0.7130655674846625,1,1,0,1,1.30879345603272,1003_right.jpg
0.52386474609375,0.9560899452405919,0.7133477393617021,1,1,0,0,1.3617021276595744,445_left.jpg
0.9993896484375,1.0,0.9993896484375,1,1,1,1,1.0,3303_right.jpg
0.13291259765625,0.8750941386087692,0.21426715994962217,1,1,0,1,1.6120906801007557,4865_left.jpg
0.00878173828125,0.7192104531554073,0.08597036328871893,1,0,0,0,6.5375,1472_left.jpg
0.04555419921875,0.724100970041267,0.2609248926738544,0,0,0,0,1.8426395939086295,1149_right.jpg
0.202880859375,0.957280385078219,0.2924408783783784,1,1,0,1,1.4414414414414414,931_left.jpg
0.00621826171875,0.7157440125638006,0.34986263736263734,0,0,0,0,2.6923076923076925,81_left.jpg
0.0,0.0,0.0,0,0,0,0,0.0,1210_right.jpg
0.2474951171875,0.9942884763351549,0.38352754237288134,1,1,0,1,1.549636803874092,631_right.jpg
0.234052734375,0.8867088079442567,0.5237543706293706,1,1,0,1,2.237762237762238,1148_left.jpg
0.01935791015625,0.9934417959389582,0.26456456456456456,0,1,0,0,2.4324324324324325,2229_right.jpg
0.010048828125,0.4489795918367347,0.10356280193236715,0,0,0,0,2.0869565217391304,4444_left.jpg
0.01695556640625,0.6178545716342693,0.19823034108748394,1,0,0,0,8.292307692307693,5284_left.jpg
0.0,0.0,0.0,0,0,0,0,0.0,2989_left.jpg
0.08193115234375,0.9951130844184869,0.16428263721631517,0,1,0,0,1.6867816091954022,1992_right.jpg
0.21271240234375,0.9753233785164186,0.407592627245509,1,1,0,1,1.9161676646706587,3695_right.jpg
0.4749462890625,0.8459632565359981,0.556713598901099,1,1,0,1,1.1721611721611722,4624_right.jpg
0.0259619140625,0.6211209328568742,0.46293152235427276,1,0,0,1,15.102564102564102,2747_right.jpg
0.07436279296875,0.7036015627564923,0.3423898381294964,1,1,0,0,4.60431654676259,2941_right.jpg
0.11328125,0.9991810344827586,0.48596564725596986,0,1,0,0,0.8211143695014663,5136_right.jpg
0.0439794921875,0.9110691684245587,0.4035394265232975,1,0,0,0,6.975,5163_right.jpg
0.0078466796875,0.492221530802738,0.08634214485278315,0,0,0,0,8.545454545454545,3490_left.jpg
0.01075439453125,1.0,0.8459765700019205,0,0,0,0,3.097560975609756,4597_left.jpg
0.02208740234375,0.3460815740024317,0.06675767414403778,1,0,0,0,2.8,3265_right.jpg
0.0966064453125,0.5901693201920647,0.22661153617079763,0,1,0,0,2.047945205479452,1787_right.jpg
0.6535791015625,0.9975756987142612,0.6913894628099173,1,1,1,0,1.0578512396694215,2607_left.jpg
0.21866455078125,0.9825043264668119,0.27016469594594594,1,1,0,1,1.2355212355212355,2632_right.jpg
0.6401806640625,0.9994050751664646,0.682859375,1,1,0,1,1.0666666666666667,3442_right.jpg
0.012646484375,0.7125482625482625,0.046477407314359544,1,0,0,1,1.25503355704698,306_right.jpg
0.26241943359375,0.999934875845451,0.48027720931895157,0,1,0,1,1.7960339943342776,1230_right.jpg
0.00093017578125,0.5459317585301837,0.18824110671936758,1,0,0,0,4.181818181818182,2806_right.jpg
0.05765625,0.9891175474254743,0.5504381875815775,0,0,0,0,2.7903225806451615,2725_left.jpg
0.00768310546875,0.9482046393390531,0.38090050835148875,1,0,0,0,3.176470588235294,2098_left.jpg
0.4511572265625,0.8099884195374308,0.6091574367088608,1,1,0,1,1.350210970464135,5252_left.jpg
0.0,0.0,0.0,0,0,0,0,0.0,109_left.jpg
0.81247314453125,1.0,0.8293186802232855,1,1,0,1,1.0207336523125996,714_left.jpg
0.15459716796875,0.520474393190468,0.32871158637873754,1,1,0,1,2.12624584717608,962_left.jpg
0.0,0.0,0.0,0,0,0,0,0.0,162_right.jpg
0.13432861328125,0.6809036549681031,0.13602897547468354,1,1,0,0,1.0126582278481013,1790_left.jpg
2.44140625e-05,0.5,0.00011021834253656493,0,0,0,0,3.8758169934640523,637_right.jpg
0.79956787109375,0.9951908837476298,0.79956787109375,1,1,1,1,1.0,3100_left.jpg
0.30916259765625,0.9943458656116494,0.33650350765306125,1,1,0,1,1.08843537414966,3310_left.jpg
0.00287841796875,0.8778625954198473,0.023527298850574713,0,0,0,0,0.9310344827586207,1252_right.jpg
0.06719482421875,0.9777640518838789,0.19113194444444445,1,1,0,1,2.8444444444444446,1678_right.jpg
0.6451123046875,0.9992468910603319,0.7479562952898551,1,1,0,0,1.1594202898550725,679_left.jpg
0.0691162109375,0.47834687389614977,0.20322314346218728,1,0,0,0,2.2111553784860556,1177_left.jpg
0.03813232421875,0.9186247519047314,0.15847199675324675,1,1,0,0,4.1558441558441555,3189_left.jpg
0.000126953125,0.7884615384615384,0.18571428571428572,0,0,0,0,5.714285714285714,3951_left.jpg
0.35473388671875,0.9999311764017647,0.6942803899082569,1,1,0,1,1.9571865443425076,4719_left.jpg
0.00279052734375,1.0,0.8294629898403484,1,0,0,0,2.0384615384615383,3553_right.jpg
0.05526123046875,0.5766291142036669,0.40465889588100684,0,1,0,0,6.608695652173913,95_left.jpg
0.37924560546875,1.0,0.7422543960244649,1,1,0,0,1.9571865443425076,4533_left.jpg
0.0677099609375,0.520804788346434,0.16539837786259542,1,1,0,1,2.4427480916030535,2655_left.jpg
0.01103759765625,0.9869497898694979,0.37782049139227813,1,0,0,0,3.1129032258064515,2756_right.jpg
