{"image_rel": "A/2_190.png", "fov_deg": 100.0, "org_width": 640.0, "vpts_2d_ordered": {"v1_right": [365.3248160777403, 356.22264462379064], "v2_left": [-608.2674693205507, 350.42627352674396], "v3_vertical": [319.95615837119857, -89.19709738022185]}, "vpts_3d": [[-8.957706831755291e-05, 0.8360701312761192, 0.5486225729623978], [-0.9601429009945209, -0.03147107002662036, 0.2777322117097786], [0.1649920882383615, -0.13185822459256255, 0.9774410567528059]]}