{"image_rel": "A/6_196.png", "fov_deg": 100.0, "org_width": 640.0, "vpts_2d_ordered": {"v1_right": [354.6955041212152, 339.63730131874183], "v2_left": [-393.19488431528794, 346.3800962502782], "v3_vertical": [320.08926604440455, -83.01588440111551]}, "vpts_3d": [[0.00018432996419042369, 0.8322078572580627, 0.5544637484456567], [-0.9353092137318988, -0.03459579930345081, 0.3521360608894989], [0.12781290977823767, -0.0723408028017581, 0.9891565439019333]]}