{"image_rel": "A/7_4.png", "fov_deg": 100.0, "org_width": 640.0, "vpts_2d_ordered": {"v1_right": [391.3898935171804, 347.0118853406469], "v2_left": [-3243.3936629111377, 345.924263133924], "v3_vertical": [320.1724422120716, -113.4279368539066]}, "vpts_3d": [[0.0003382140358357484, 0.8500900678918154, 0.5266372205636007], [-0.997146767745313, -0.007254403424249441, 0.07513785468080174], [0.25574014965691655, -0.09676472759929321, 0.9618906192213814]]}