{"image_rel": "A/8_139.png", "fov_deg": 100.0, "org_width": 640.0, "vpts_2d_ordered": {"v1_right": [648.9167276095925, 347.41318281360816], "v2_left": [263.07399605995323, 347.48171646498014], "v3_vertical": [320.1724422120716, -113.4279368539066]}, "vpts_3d": [[0.0003382140358357484, 0.8500900678918154, 0.5266372205636007], [0.7730420102244109, -0.06442828889515836, 0.6310745170090802], [-0.20636413450908342, -0.09962478025143814, 0.9733903364776998]]}