{"image_rel": "A/9_196.png", "fov_deg": 100.0, "org_width": 640.0, "vpts_2d_ordered": {"v1_right": [396.76401511585857, 342.11693096777435], "v2_left": [-2284.9833700576437, 346.4514726179623], "v3_vertical": [320.2192608615541, -155.4199744348169]}, "vpts_3d": [[-0.994678866083396, -0.01010014923407687, 0.10252775405956698], [0.00040157206879584803, 0.8707225782451249, 0.4917743694765271], [0.27401654883195764, -0.0789485162468029, 0.9584790361550177]]}